AMAZONAS|BAGUA|AHORA NACIÓN - AN	1282
AMAZONAS|BAGUA|ALIANZA ELECTORAL VENCEREMOS	230
AMAZONAS|BAGUA|ALIANZA PARA EL PROGRESO	770
AMAZONAS|BAGUA|AVANZA PAÍS - PARTIDO DE INTEGRACIÓN SOCIAL	24
AMAZONAS|BAGUA|FE EN EL PERÚ	36
AMAZONAS|BAGUA|FUERZA POPULAR	4844
AMAZONAS|BAGUA|FUERZA Y LIBERTAD	43
AMAZONAS|BAGUA|JUNTOS POR EL PERÚ	14094
AMAZONAS|BAGUA|LIBERTAD POPULAR	28
AMAZONAS|BAGUA|PARTIDO APRISTA PERUANO	256
AMAZONAS|BAGUA|PARTIDO CÍVICO OBRAS	2821
AMAZONAS|BAGUA|PARTIDO DE LOS TRABAJADORES Y EMPRENDEDORES PTE - PERÚ	22
AMAZONAS|BAGUA|PARTIDO DEL BUEN GOBIERNO	760
AMAZONAS|BAGUA|PARTIDO DEMOCRATICO FEDERAL	68
AMAZONAS|BAGUA|PARTIDO DEMOCRÁTICO SOMOS PERÚ	462
AMAZONAS|BAGUA|PARTIDO DEMÓCRATA UNIDO PERÚ	213
AMAZONAS|BAGUA|PARTIDO DEMÓCRATA VERDE	78
AMAZONAS|BAGUA|PARTIDO FRENTE DE LA ESPERANZA 2021	243
AMAZONAS|BAGUA|PARTIDO MORADO	73
AMAZONAS|BAGUA|PARTIDO PATRIÓTICO DEL PERÚ	438
AMAZONAS|BAGUA|PARTIDO PAÍS PARA TODOS	840
AMAZONAS|BAGUA|PARTIDO POLÍTICO COOPERACIÓN POPULAR	466
AMAZONAS|BAGUA|PARTIDO POLÍTICO INTEGRIDAD DEMOCRÁTICA	61
AMAZONAS|BAGUA|PARTIDO POLÍTICO NACIONAL PERÚ LIBRE	199
AMAZONAS|BAGUA|PARTIDO POLÍTICO PERÚ ACCIÓN	48
AMAZONAS|BAGUA|PARTIDO POLÍTICO PERÚ PRIMERO	203
AMAZONAS|BAGUA|PARTIDO POLÍTICO PRIN	16
AMAZONAS|BAGUA|PARTIDO SICREO	369
AMAZONAS|BAGUA|PERÚ MODERNO	10
AMAZONAS|BAGUA|PODEMOS PERÚ	1631
AMAZONAS|BAGUA|PRIMERO LA GENTE – COMUNIDAD, ECOLOGÍA, LIBERTAD Y PROGRESO	419
AMAZONAS|BAGUA|PROGRESEMOS	60
AMAZONAS|BAGUA|RENOVACIÓN POPULAR	1025
AMAZONAS|BAGUA|SALVEMOS AL PERÚ	36
AMAZONAS|BAGUA|UN CAMINO DIFERENTE	123
AMAZONAS|BAGUA|UNIDAD NACIONAL	85
AMAZONAS|BAGUA|VOTOS EN BLANCO	6774
AMAZONAS|BAGUA|VOTOS NULOS	2756
AMAZONAS|BONGARÁ|AHORA NACIÓN - AN	841
AMAZONAS|BONGARÁ|ALIANZA ELECTORAL VENCEREMOS	142
AMAZONAS|BONGARÁ|ALIANZA PARA EL PROGRESO	233
AMAZONAS|BONGARÁ|AVANZA PAÍS - PARTIDO DE INTEGRACIÓN SOCIAL	24
AMAZONAS|BONGARÁ|FE EN EL PERÚ	15
AMAZONAS|BONGARÁ|FUERZA POPULAR	2739
AMAZONAS|BONGARÁ|FUERZA Y LIBERTAD	21
AMAZONAS|BONGARÁ|JUNTOS POR EL PERÚ	3180
AMAZONAS|BONGARÁ|LIBERTAD POPULAR	13
AMAZONAS|BONGARÁ|PARTIDO APRISTA PERUANO	52
AMAZONAS|BONGARÁ|PARTIDO CÍVICO OBRAS	1445
AMAZONAS|BONGARÁ|PARTIDO DE LOS TRABAJADORES Y EMPRENDEDORES PTE - PERÚ	4
AMAZONAS|BONGARÁ|PARTIDO DEL BUEN GOBIERNO	561
AMAZONAS|BONGARÁ|PARTIDO DEMOCRATICO FEDERAL	20
AMAZONAS|BONGARÁ|PARTIDO DEMOCRÁTICO SOMOS PERÚ	142
AMAZONAS|BONGARÁ|PARTIDO DEMÓCRATA UNIDO PERÚ	63
AMAZONAS|BONGARÁ|PARTIDO DEMÓCRATA VERDE	57
AMAZONAS|BONGARÁ|PARTIDO FRENTE DE LA ESPERANZA 2021	107
AMAZONAS|BONGARÁ|PARTIDO MORADO	37
AMAZONAS|BONGARÁ|PARTIDO PATRIÓTICO DEL PERÚ	127
AMAZONAS|BONGARÁ|PARTIDO PAÍS PARA TODOS	282
AMAZONAS|BONGARÁ|PARTIDO POLÍTICO COOPERACIÓN POPULAR	49
AMAZONAS|BONGARÁ|PARTIDO POLÍTICO INTEGRIDAD DEMOCRÁTICA	25
AMAZONAS|BONGARÁ|PARTIDO POLÍTICO NACIONAL PERÚ LIBRE	120
AMAZONAS|BONGARÁ|PARTIDO POLÍTICO PERÚ ACCIÓN	28
AMAZONAS|BONGARÁ|PARTIDO POLÍTICO PERÚ PRIMERO	49
AMAZONAS|BONGARÁ|PARTIDO POLÍTICO PRIN	10
AMAZONAS|BONGARÁ|PARTIDO SICREO	188
AMAZONAS|BONGARÁ|PERÚ MODERNO	2
AMAZONAS|BONGARÁ|PODEMOS PERÚ	202
AMAZONAS|BONGARÁ|PRIMERO LA GENTE – COMUNIDAD, ECOLOGÍA, LIBERTAD Y PROGRESO	177
AMAZONAS|BONGARÁ|PROGRESEMOS	18
AMAZONAS|BONGARÁ|RENOVACIÓN POPULAR	380
AMAZONAS|BONGARÁ|SALVEMOS AL PERÚ	15
AMAZONAS|BONGARÁ|UN CAMINO DIFERENTE	53
AMAZONAS|BONGARÁ|UNIDAD NACIONAL	20
AMAZONAS|BONGARÁ|VOTOS EN BLANCO	2548
AMAZONAS|BONGARÁ|VOTOS NULOS	1225
AMAZONAS|CHACHAPOYAS|AHORA NACIÓN - AN	2735
AMAZONAS|CHACHAPOYAS|ALIANZA ELECTORAL VENCEREMOS	363
AMAZONAS|CHACHAPOYAS|ALIANZA PARA EL PROGRESO	473
AMAZONAS|CHACHAPOYAS|AVANZA PAÍS - PARTIDO DE INTEGRACIÓN SOCIAL	29
AMAZONAS|CHACHAPOYAS|FE EN EL PERÚ	27
AMAZONAS|CHACHAPOYAS|FUERZA POPULAR	4684
AMAZONAS|CHACHAPOYAS|FUERZA Y LIBERTAD	44
AMAZONAS|CHACHAPOYAS|JUNTOS POR EL PERÚ	4381
AMAZONAS|CHACHAPOYAS|LIBERTAD POPULAR	65
AMAZONAS|CHACHAPOYAS|PARTIDO APRISTA PERUANO	328
AMAZONAS|CHACHAPOYAS|PARTIDO CÍVICO OBRAS	3002
AMAZONAS|CHACHAPOYAS|PARTIDO DE LOS TRABAJADORES Y EMPRENDEDORES PTE - PERÚ	15
AMAZONAS|CHACHAPOYAS|PARTIDO DEL BUEN GOBIERNO	2253
AMAZONAS|CHACHAPOYAS|PARTIDO DEMOCRATICO FEDERAL	45
AMAZONAS|CHACHAPOYAS|PARTIDO DEMOCRÁTICO SOMOS PERÚ	846
AMAZONAS|CHACHAPOYAS|PARTIDO DEMÓCRATA UNIDO PERÚ	140
AMAZONAS|CHACHAPOYAS|PARTIDO DEMÓCRATA VERDE	93
AMAZONAS|CHACHAPOYAS|PARTIDO FRENTE DE LA ESPERANZA 2021	287
AMAZONAS|CHACHAPOYAS|PARTIDO MORADO	141
AMAZONAS|CHACHAPOYAS|PARTIDO PATRIÓTICO DEL PERÚ	239
AMAZONAS|CHACHAPOYAS|PARTIDO PAÍS PARA TODOS	859
AMAZONAS|CHACHAPOYAS|PARTIDO POLÍTICO COOPERACIÓN POPULAR	184
AMAZONAS|CHACHAPOYAS|PARTIDO POLÍTICO INTEGRIDAD DEMOCRÁTICA	56
AMAZONAS|CHACHAPOYAS|PARTIDO POLÍTICO NACIONAL PERÚ LIBRE	191
AMAZONAS|CHACHAPOYAS|PARTIDO POLÍTICO PERÚ ACCIÓN	50
AMAZONAS|CHACHAPOYAS|PARTIDO POLÍTICO PERÚ PRIMERO	191
AMAZONAS|CHACHAPOYAS|PARTIDO POLÍTICO PRIN	28
AMAZONAS|CHACHAPOYAS|PARTIDO SICREO	669
AMAZONAS|CHACHAPOYAS|PERÚ MODERNO	12
AMAZONAS|CHACHAPOYAS|PODEMOS PERÚ	294
AMAZONAS|CHACHAPOYAS|PRIMERO LA GENTE – COMUNIDAD, ECOLOGÍA, LIBERTAD Y PROGRESO	1063
AMAZONAS|CHACHAPOYAS|PROGRESEMOS	55
AMAZONAS|CHACHAPOYAS|RENOVACIÓN POPULAR	1592
AMAZONAS|CHACHAPOYAS|SALVEMOS AL PERÚ	25
AMAZONAS|CHACHAPOYAS|UN CAMINO DIFERENTE	64
AMAZONAS|CHACHAPOYAS|UNIDAD NACIONAL	71
AMAZONAS|CHACHAPOYAS|VOTOS EN BLANCO	4515
AMAZONAS|CHACHAPOYAS|VOTOS NULOS	2206
AMAZONAS|CONDORCANQUI|AHORA NACIÓN - AN	215
AMAZONAS|CONDORCANQUI|ALIANZA ELECTORAL VENCEREMOS	197
AMAZONAS|CONDORCANQUI|ALIANZA PARA EL PROGRESO	243
AMAZONAS|CONDORCANQUI|AVANZA PAÍS - PARTIDO DE INTEGRACIÓN SOCIAL	53
AMAZONAS|CONDORCANQUI|FE EN EL PERÚ	20
AMAZONAS|CONDORCANQUI|FUERZA POPULAR	627
AMAZONAS|CONDORCANQUI|FUERZA Y LIBERTAD	9
AMAZONAS|CONDORCANQUI|JUNTOS POR EL PERÚ	10709
AMAZONAS|CONDORCANQUI|LIBERTAD POPULAR	15
AMAZONAS|CONDORCANQUI|PARTIDO APRISTA PERUANO	20
AMAZONAS|CONDORCANQUI|PARTIDO CÍVICO OBRAS	414
AMAZONAS|CONDORCANQUI|PARTIDO DE LOS TRABAJADORES Y EMPRENDEDORES PTE - PERÚ	7
AMAZONAS|CONDORCANQUI|PARTIDO DEL BUEN GOBIERNO	50
AMAZONAS|CONDORCANQUI|PARTIDO DEMOCRATICO FEDERAL	28
AMAZONAS|CONDORCANQUI|PARTIDO DEMOCRÁTICO SOMOS PERÚ	394
AMAZONAS|CONDORCANQUI|PARTIDO DEMÓCRATA UNIDO PERÚ	38
AMAZONAS|CONDORCANQUI|PARTIDO DEMÓCRATA VERDE	47
AMAZONAS|CONDORCANQUI|PARTIDO FRENTE DE LA ESPERANZA 2021	52
AMAZONAS|CONDORCANQUI|PARTIDO MORADO	27
AMAZONAS|CONDORCANQUI|PARTIDO PATRIÓTICO DEL PERÚ	145
AMAZONAS|CONDORCANQUI|PARTIDO PAÍS PARA TODOS	67
AMAZONAS|CONDORCANQUI|PARTIDO POLÍTICO COOPERACIÓN POPULAR	34
AMAZONAS|CONDORCANQUI|PARTIDO POLÍTICO INTEGRIDAD DEMOCRÁTICA	13
AMAZONAS|CONDORCANQUI|PARTIDO POLÍTICO NACIONAL PERÚ LIBRE	89
AMAZONAS|CONDORCANQUI|PARTIDO POLÍTICO PERÚ ACCIÓN	12
AMAZONAS|CONDORCANQUI|PARTIDO POLÍTICO PERÚ PRIMERO	221
AMAZONAS|CONDORCANQUI|PARTIDO POLÍTICO PRIN	10
AMAZONAS|CONDORCANQUI|PARTIDO SICREO	42
AMAZONAS|CONDORCANQUI|PERÚ MODERNO	0
AMAZONAS|CONDORCANQUI|PODEMOS PERÚ	722
AMAZONAS|CONDORCANQUI|PRIMERO LA GENTE – COMUNIDAD, ECOLOGÍA, LIBERTAD Y PROGRESO	50
AMAZONAS|CONDORCANQUI|PROGRESEMOS	35
AMAZONAS|CONDORCANQUI|RENOVACIÓN POPULAR	152
AMAZONAS|CONDORCANQUI|SALVEMOS AL PERÚ	23
AMAZONAS|CONDORCANQUI|UN CAMINO DIFERENTE	16
AMAZONAS|CONDORCANQUI|UNIDAD NACIONAL	129
AMAZONAS|CONDORCANQUI|VOTOS EN BLANCO	3793
AMAZONAS|CONDORCANQUI|VOTOS NULOS	1428
AMAZONAS|LUYA|AHORA NACIÓN - AN	1389
AMAZONAS|LUYA|ALIANZA ELECTORAL VENCEREMOS	202
AMAZONAS|LUYA|ALIANZA PARA EL PROGRESO	487
AMAZONAS|LUYA|AVANZA PAÍS - PARTIDO DE INTEGRACIÓN SOCIAL	18
AMAZONAS|LUYA|FE EN EL PERÚ	44
AMAZONAS|LUYA|FUERZA POPULAR	4135
AMAZONAS|LUYA|FUERZA Y LIBERTAD	33
AMAZONAS|LUYA|JUNTOS POR EL PERÚ	5452
AMAZONAS|LUYA|LIBERTAD POPULAR	28
AMAZONAS|LUYA|PARTIDO APRISTA PERUANO	114
AMAZONAS|LUYA|PARTIDO CÍVICO OBRAS	2253
AMAZONAS|LUYA|PARTIDO DE LOS TRABAJADORES Y EMPRENDEDORES PTE - PERÚ	17
AMAZONAS|LUYA|PARTIDO DEL BUEN GOBIERNO	595
AMAZONAS|LUYA|PARTIDO DEMOCRATICO FEDERAL	24
AMAZONAS|LUYA|PARTIDO DEMOCRÁTICO SOMOS PERÚ	621
AMAZONAS|LUYA|PARTIDO DEMÓCRATA UNIDO PERÚ	82
AMAZONAS|LUYA|PARTIDO DEMÓCRATA VERDE	117
AMAZONAS|LUYA|PARTIDO FRENTE DE LA ESPERANZA 2021	127
AMAZONAS|LUYA|PARTIDO MORADO	66
AMAZONAS|LUYA|PARTIDO PATRIÓTICO DEL PERÚ	180
AMAZONAS|LUYA|PARTIDO PAÍS PARA TODOS	398
AMAZONAS|LUYA|PARTIDO POLÍTICO COOPERACIÓN POPULAR	86
AMAZONAS|LUYA|PARTIDO POLÍTICO INTEGRIDAD DEMOCRÁTICA	29
AMAZONAS|LUYA|PARTIDO POLÍTICO NACIONAL PERÚ LIBRE	198
AMAZONAS|LUYA|PARTIDO POLÍTICO PERÚ ACCIÓN	61
AMAZONAS|LUYA|PARTIDO POLÍTICO PERÚ PRIMERO	110
AMAZONAS|LUYA|PARTIDO POLÍTICO PRIN	13
AMAZONAS|LUYA|PARTIDO SICREO	260
AMAZONAS|LUYA|PERÚ MODERNO	5
AMAZONAS|LUYA|PODEMOS PERÚ	324
AMAZONAS|LUYA|PRIMERO LA GENTE – COMUNIDAD, ECOLOGÍA, LIBERTAD Y PROGRESO	231
AMAZONAS|LUYA|PROGRESEMOS	48
AMAZONAS|LUYA|RENOVACIÓN POPULAR	539
AMAZONAS|LUYA|SALVEMOS AL PERÚ	36
AMAZONAS|LUYA|UN CAMINO DIFERENTE	53
AMAZONAS|LUYA|UNIDAD NACIONAL	25
AMAZONAS|LUYA|VOTOS EN BLANCO	4949
AMAZONAS|LUYA|VOTOS NULOS	2068
AMAZONAS|RODRÍGUEZ DE MENDOZA|AHORA NACIÓN - AN	972
AMAZONAS|RODRÍGUEZ DE MENDOZA|ALIANZA ELECTORAL VENCEREMOS	230
AMAZONAS|RODRÍGUEZ DE MENDOZA|ALIANZA PARA EL PROGRESO	194
AMAZONAS|RODRÍGUEZ DE MENDOZA|AVANZA PAÍS - PARTIDO DE INTEGRACIÓN SOCIAL	15
AMAZONAS|RODRÍGUEZ DE MENDOZA|FE EN EL PERÚ	17
AMAZONAS|RODRÍGUEZ DE MENDOZA|FUERZA POPULAR	2291
AMAZONAS|RODRÍGUEZ DE MENDOZA|FUERZA Y LIBERTAD	11
AMAZONAS|RODRÍGUEZ DE MENDOZA|JUNTOS POR EL PERÚ	2564
AMAZONAS|RODRÍGUEZ DE MENDOZA|LIBERTAD POPULAR	20
AMAZONAS|RODRÍGUEZ DE MENDOZA|PARTIDO APRISTA PERUANO	130
AMAZONAS|RODRÍGUEZ DE MENDOZA|PARTIDO CÍVICO OBRAS	1209
AMAZONAS|RODRÍGUEZ DE MENDOZA|PARTIDO DE LOS TRABAJADORES Y EMPRENDEDORES PTE - PERÚ	14
AMAZONAS|RODRÍGUEZ DE MENDOZA|PARTIDO DEL BUEN GOBIERNO	539
AMAZONAS|RODRÍGUEZ DE MENDOZA|PARTIDO DEMOCRATICO FEDERAL	18
AMAZONAS|RODRÍGUEZ DE MENDOZA|PARTIDO DEMOCRÁTICO SOMOS PERÚ	338
AMAZONAS|RODRÍGUEZ DE MENDOZA|PARTIDO DEMÓCRATA UNIDO PERÚ	54
AMAZONAS|RODRÍGUEZ DE MENDOZA|PARTIDO DEMÓCRATA VERDE	73
AMAZONAS|RODRÍGUEZ DE MENDOZA|PARTIDO FRENTE DE LA ESPERANZA 2021	81
AMAZONAS|RODRÍGUEZ DE MENDOZA|PARTIDO MORADO	74
AMAZONAS|RODRÍGUEZ DE MENDOZA|PARTIDO PATRIÓTICO DEL PERÚ	110
AMAZONAS|RODRÍGUEZ DE MENDOZA|PARTIDO PAÍS PARA TODOS	473
AMAZONAS|RODRÍGUEZ DE MENDOZA|PARTIDO POLÍTICO COOPERACIÓN POPULAR	94
AMAZONAS|RODRÍGUEZ DE MENDOZA|PARTIDO POLÍTICO INTEGRIDAD DEMOCRÁTICA	63
AMAZONAS|RODRÍGUEZ DE MENDOZA|PARTIDO POLÍTICO NACIONAL PERÚ LIBRE	133
AMAZONAS|RODRÍGUEZ DE MENDOZA|PARTIDO POLÍTICO PERÚ ACCIÓN	37
AMAZONAS|RODRÍGUEZ DE MENDOZA|PARTIDO POLÍTICO PERÚ PRIMERO	53
AMAZONAS|RODRÍGUEZ DE MENDOZA|PARTIDO POLÍTICO PRIN	10
AMAZONAS|RODRÍGUEZ DE MENDOZA|PARTIDO SICREO	154
AMAZONAS|RODRÍGUEZ DE MENDOZA|PERÚ MODERNO	7
AMAZONAS|RODRÍGUEZ DE MENDOZA|PODEMOS PERÚ	234
AMAZONAS|RODRÍGUEZ DE MENDOZA|PRIMERO LA GENTE – COMUNIDAD, ECOLOGÍA, LIBERTAD Y PROGRESO	204
AMAZONAS|RODRÍGUEZ DE MENDOZA|PROGRESEMOS	38
AMAZONAS|RODRÍGUEZ DE MENDOZA|RENOVACIÓN POPULAR	925
AMAZONAS|RODRÍGUEZ DE MENDOZA|SALVEMOS AL PERÚ	19
AMAZONAS|RODRÍGUEZ DE MENDOZA|UN CAMINO DIFERENTE	56
AMAZONAS|RODRÍGUEZ DE MENDOZA|UNIDAD NACIONAL	29
AMAZONAS|RODRÍGUEZ DE MENDOZA|VOTOS EN BLANCO	3065
AMAZONAS|RODRÍGUEZ DE MENDOZA|VOTOS NULOS	1468
AMAZONAS|UTCUBAMBA|AHORA NACIÓN - AN	2341
AMAZONAS|UTCUBAMBA|ALIANZA ELECTORAL VENCEREMOS	565
AMAZONAS|UTCUBAMBA|ALIANZA PARA EL PROGRESO	952
AMAZONAS|UTCUBAMBA|AVANZA PAÍS - PARTIDO DE INTEGRACIÓN SOCIAL	158
AMAZONAS|UTCUBAMBA|FE EN EL PERÚ	72
AMAZONAS|UTCUBAMBA|FUERZA POPULAR	9083
AMAZONAS|UTCUBAMBA|FUERZA Y LIBERTAD	39
AMAZONAS|UTCUBAMBA|JUNTOS POR EL PERÚ	18922
AMAZONAS|UTCUBAMBA|LIBERTAD POPULAR	66
AMAZONAS|UTCUBAMBA|PARTIDO APRISTA PERUANO	352
AMAZONAS|UTCUBAMBA|PARTIDO CÍVICO OBRAS	6256
AMAZONAS|UTCUBAMBA|PARTIDO DE LOS TRABAJADORES Y EMPRENDEDORES PTE - PERÚ	18
AMAZONAS|UTCUBAMBA|PARTIDO DEL BUEN GOBIERNO	1213
AMAZONAS|UTCUBAMBA|PARTIDO DEMOCRATICO FEDERAL	78
AMAZONAS|UTCUBAMBA|PARTIDO DEMOCRÁTICO SOMOS PERÚ	717
AMAZONAS|UTCUBAMBA|PARTIDO DEMÓCRATA UNIDO PERÚ	296
AMAZONAS|UTCUBAMBA|PARTIDO DEMÓCRATA VERDE	199
AMAZONAS|UTCUBAMBA|PARTIDO FRENTE DE LA ESPERANZA 2021	464
AMAZONAS|UTCUBAMBA|PARTIDO MORADO	111
AMAZONAS|UTCUBAMBA|PARTIDO PATRIÓTICO DEL PERÚ	554
AMAZONAS|UTCUBAMBA|PARTIDO PAÍS PARA TODOS	1149
AMAZONAS|UTCUBAMBA|PARTIDO POLÍTICO COOPERACIÓN POPULAR	446
AMAZONAS|UTCUBAMBA|PARTIDO POLÍTICO INTEGRIDAD DEMOCRÁTICA	130
AMAZONAS|UTCUBAMBA|PARTIDO POLÍTICO NACIONAL PERÚ LIBRE	527
AMAZONAS|UTCUBAMBA|PARTIDO POLÍTICO PERÚ ACCIÓN	90
AMAZONAS|UTCUBAMBA|PARTIDO POLÍTICO PERÚ PRIMERO	346
AMAZONAS|UTCUBAMBA|PARTIDO POLÍTICO PRIN	72
AMAZONAS|UTCUBAMBA|PARTIDO SICREO	599
AMAZONAS|UTCUBAMBA|PERÚ MODERNO	27
AMAZONAS|UTCUBAMBA|PODEMOS PERÚ	973
AMAZONAS|UTCUBAMBA|PRIMERO LA GENTE – COMUNIDAD, ECOLOGÍA, LIBERTAD Y PROGRESO	513
AMAZONAS|UTCUBAMBA|PROGRESEMOS	94
AMAZONAS|UTCUBAMBA|RENOVACIÓN POPULAR	1421
AMAZONAS|UTCUBAMBA|SALVEMOS AL PERÚ	102
AMAZONAS|UTCUBAMBA|UN CAMINO DIFERENTE	260
AMAZONAS|UTCUBAMBA|UNIDAD NACIONAL	155
AMAZONAS|UTCUBAMBA|VOTOS EN BLANCO	10674
AMAZONAS|UTCUBAMBA|VOTOS NULOS	4081
AMÉRICA|ANTILLAS HOLANDESAS|AHORA NACIÓN - AN	12
AMÉRICA|ANTILLAS HOLANDESAS|ALIANZA ELECTORAL VENCEREMOS	1
AMÉRICA|ANTILLAS HOLANDESAS|ALIANZA PARA EL PROGRESO	0
AMÉRICA|ANTILLAS HOLANDESAS|AVANZA PAÍS - PARTIDO DE INTEGRACIÓN SOCIAL	1
AMÉRICA|ANTILLAS HOLANDESAS|FE EN EL PERÚ	2
AMÉRICA|ANTILLAS HOLANDESAS|FUERZA POPULAR	66
AMÉRICA|ANTILLAS HOLANDESAS|FUERZA Y LIBERTAD	0
AMÉRICA|ANTILLAS HOLANDESAS|JUNTOS POR EL PERÚ	5
AMÉRICA|ANTILLAS HOLANDESAS|LIBERTAD POPULAR	1
AMÉRICA|ANTILLAS HOLANDESAS|PARTIDO APRISTA PERUANO	2
AMÉRICA|ANTILLAS HOLANDESAS|PARTIDO CÍVICO OBRAS	19
AMÉRICA|ANTILLAS HOLANDESAS|PARTIDO DE LOS TRABAJADORES Y EMPRENDEDORES PTE - PERÚ	0
AMÉRICA|ANTILLAS HOLANDESAS|PARTIDO DEL BUEN GOBIERNO	9
AMÉRICA|ANTILLAS HOLANDESAS|PARTIDO DEMOCRATICO FEDERAL	0
AMÉRICA|ANTILLAS HOLANDESAS|PARTIDO DEMOCRÁTICO SOMOS PERÚ	2
AMÉRICA|ANTILLAS HOLANDESAS|PARTIDO DEMÓCRATA UNIDO PERÚ	0
AMÉRICA|ANTILLAS HOLANDESAS|PARTIDO DEMÓCRATA VERDE	2
AMÉRICA|ANTILLAS HOLANDESAS|PARTIDO FRENTE DE LA ESPERANZA 2021	0
AMÉRICA|ANTILLAS HOLANDESAS|PARTIDO MORADO	0
AMÉRICA|ANTILLAS HOLANDESAS|PARTIDO PATRIÓTICO DEL PERÚ	1
AMÉRICA|ANTILLAS HOLANDESAS|PARTIDO PAÍS PARA TODOS	38
AMÉRICA|ANTILLAS HOLANDESAS|PARTIDO POLÍTICO COOPERACIÓN POPULAR	0
AMÉRICA|ANTILLAS HOLANDESAS|PARTIDO POLÍTICO INTEGRIDAD DEMOCRÁTICA	2
AMÉRICA|ANTILLAS HOLANDESAS|PARTIDO POLÍTICO NACIONAL PERÚ LIBRE	0
AMÉRICA|ANTILLAS HOLANDESAS|PARTIDO POLÍTICO PERÚ ACCIÓN	1
AMÉRICA|ANTILLAS HOLANDESAS|PARTIDO POLÍTICO PERÚ PRIMERO	0
AMÉRICA|ANTILLAS HOLANDESAS|PARTIDO POLÍTICO PRIN	0
AMÉRICA|ANTILLAS HOLANDESAS|PARTIDO SICREO	1
AMÉRICA|ANTILLAS HOLANDESAS|PERÚ MODERNO	1
AMÉRICA|ANTILLAS HOLANDESAS|PODEMOS PERÚ	0
AMÉRICA|ANTILLAS HOLANDESAS|PRIMERO LA GENTE – COMUNIDAD, ECOLOGÍA, LIBERTAD Y PROGRESO	5
AMÉRICA|ANTILLAS HOLANDESAS|PROGRESEMOS	0
AMÉRICA|ANTILLAS HOLANDESAS|RENOVACIÓN POPULAR	95
AMÉRICA|ANTILLAS HOLANDESAS|SALVEMOS AL PERÚ	0
AMÉRICA|ANTILLAS HOLANDESAS|UN CAMINO DIFERENTE	2
AMÉRICA|ANTILLAS HOLANDESAS|UNIDAD NACIONAL	1
AMÉRICA|ANTILLAS HOLANDESAS|VOTOS EN BLANCO	103
AMÉRICA|ANTILLAS HOLANDESAS|VOTOS NULOS	14
AMÉRICA|ARGENTINA|AHORA NACIÓN - AN	1853
AMÉRICA|ARGENTINA|ALIANZA ELECTORAL VENCEREMOS	373
AMÉRICA|ARGENTINA|ALIANZA PARA EL PROGRESO	239
AMÉRICA|ARGENTINA|AVANZA PAÍS - PARTIDO DE INTEGRACIÓN SOCIAL	54
AMÉRICA|ARGENTINA|FE EN EL PERÚ	71
AMÉRICA|ARGENTINA|FUERZA POPULAR	7894
AMÉRICA|ARGENTINA|FUERZA Y LIBERTAD	101
AMÉRICA|ARGENTINA|JUNTOS POR EL PERÚ	1458
AMÉRICA|ARGENTINA|LIBERTAD POPULAR	150
AMÉRICA|ARGENTINA|PARTIDO APRISTA PERUANO	593
AMÉRICA|ARGENTINA|PARTIDO CÍVICO OBRAS	3615
AMÉRICA|ARGENTINA|PARTIDO DE LOS TRABAJADORES Y EMPRENDEDORES PTE - PERÚ	38
AMÉRICA|ARGENTINA|PARTIDO DEL BUEN GOBIERNO	2430
AMÉRICA|ARGENTINA|PARTIDO DEMOCRATICO FEDERAL	50
AMÉRICA|ARGENTINA|PARTIDO DEMOCRÁTICO SOMOS PERÚ	252
AMÉRICA|ARGENTINA|PARTIDO DEMÓCRATA UNIDO PERÚ	354
AMÉRICA|ARGENTINA|PARTIDO DEMÓCRATA VERDE	234
AMÉRICA|ARGENTINA|PARTIDO FRENTE DE LA ESPERANZA 2021	497
AMÉRICA|ARGENTINA|PARTIDO MORADO	181
AMÉRICA|ARGENTINA|PARTIDO PATRIÓTICO DEL PERÚ	300
AMÉRICA|ARGENTINA|PARTIDO PAÍS PARA TODOS	4981
AMÉRICA|ARGENTINA|PARTIDO POLÍTICO COOPERACIÓN POPULAR	168
AMÉRICA|ARGENTINA|PARTIDO POLÍTICO INTEGRIDAD DEMOCRÁTICA	89
AMÉRICA|ARGENTINA|PARTIDO POLÍTICO NACIONAL PERÚ LIBRE	340
AMÉRICA|ARGENTINA|PARTIDO POLÍTICO PERÚ ACCIÓN	126
AMÉRICA|ARGENTINA|PARTIDO POLÍTICO PERÚ PRIMERO	97
AMÉRICA|ARGENTINA|PARTIDO POLÍTICO PRIN	71
AMÉRICA|ARGENTINA|PARTIDO SICREO	411
AMÉRICA|ARGENTINA|PERÚ MODERNO	45
AMÉRICA|ARGENTINA|PODEMOS PERÚ	307
AMÉRICA|ARGENTINA|PRIMERO LA GENTE – COMUNIDAD, ECOLOGÍA, LIBERTAD Y PROGRESO	853
AMÉRICA|ARGENTINA|PROGRESEMOS	147
AMÉRICA|ARGENTINA|RENOVACIÓN POPULAR	4977
AMÉRICA|ARGENTINA|SALVEMOS AL PERÚ	50
AMÉRICA|ARGENTINA|UN CAMINO DIFERENTE	790
AMÉRICA|ARGENTINA|UNIDAD NACIONAL	133
AMÉRICA|ARGENTINA|VOTOS EN BLANCO	17804
AMÉRICA|ARGENTINA|VOTOS NULOS	4778
AMÉRICA|BOLIVIA|AHORA NACIÓN - AN	310
AMÉRICA|BOLIVIA|ALIANZA ELECTORAL VENCEREMOS	54
AMÉRICA|BOLIVIA|ALIANZA PARA EL PROGRESO	18
AMÉRICA|BOLIVIA|AVANZA PAÍS - PARTIDO DE INTEGRACIÓN SOCIAL	4
AMÉRICA|BOLIVIA|FE EN EL PERÚ	3
AMÉRICA|BOLIVIA|FUERZA POPULAR	572
AMÉRICA|BOLIVIA|FUERZA Y LIBERTAD	10
AMÉRICA|BOLIVIA|JUNTOS POR EL PERÚ	215
AMÉRICA|BOLIVIA|LIBERTAD POPULAR	15
AMÉRICA|BOLIVIA|PARTIDO APRISTA PERUANO	32
AMÉRICA|BOLIVIA|PARTIDO CÍVICO OBRAS	350
AMÉRICA|BOLIVIA|PARTIDO DE LOS TRABAJADORES Y EMPRENDEDORES PTE - PERÚ	5
AMÉRICA|BOLIVIA|PARTIDO DEL BUEN GOBIERNO	551
AMÉRICA|BOLIVIA|PARTIDO DEMOCRATICO FEDERAL	2
AMÉRICA|BOLIVIA|PARTIDO DEMOCRÁTICO SOMOS PERÚ	33
AMÉRICA|BOLIVIA|PARTIDO DEMÓCRATA UNIDO PERÚ	16
AMÉRICA|BOLIVIA|PARTIDO DEMÓCRATA VERDE	23
AMÉRICA|BOLIVIA|PARTIDO FRENTE DE LA ESPERANZA 2021	56
AMÉRICA|BOLIVIA|PARTIDO MORADO	17
AMÉRICA|BOLIVIA|PARTIDO PATRIÓTICO DEL PERÚ	27
AMÉRICA|BOLIVIA|PARTIDO PAÍS PARA TODOS	231
AMÉRICA|BOLIVIA|PARTIDO POLÍTICO COOPERACIÓN POPULAR	55
AMÉRICA|BOLIVIA|PARTIDO POLÍTICO INTEGRIDAD DEMOCRÁTICA	26
AMÉRICA|BOLIVIA|PARTIDO POLÍTICO NACIONAL PERÚ LIBRE	26
AMÉRICA|BOLIVIA|PARTIDO POLÍTICO PERÚ ACCIÓN	19
AMÉRICA|BOLIVIA|PARTIDO POLÍTICO PERÚ PRIMERO	12
AMÉRICA|BOLIVIA|PARTIDO POLÍTICO PRIN	6
AMÉRICA|BOLIVIA|PARTIDO SICREO	206
AMÉRICA|BOLIVIA|PERÚ MODERNO	6
AMÉRICA|BOLIVIA|PODEMOS PERÚ	19
AMÉRICA|BOLIVIA|PRIMERO LA GENTE – COMUNIDAD, ECOLOGÍA, LIBERTAD Y PROGRESO	182
AMÉRICA|BOLIVIA|PROGRESEMOS	16
AMÉRICA|BOLIVIA|RENOVACIÓN POPULAR	934
AMÉRICA|BOLIVIA|SALVEMOS AL PERÚ	4
AMÉRICA|BOLIVIA|UN CAMINO DIFERENTE	9
AMÉRICA|BOLIVIA|UNIDAD NACIONAL	8
AMÉRICA|BOLIVIA|VOTOS EN BLANCO	1321
AMÉRICA|BOLIVIA|VOTOS NULOS	302
AMÉRICA|BRASIL|AHORA NACIÓN - AN	416
AMÉRICA|BRASIL|ALIANZA ELECTORAL VENCEREMOS	57
AMÉRICA|BRASIL|ALIANZA PARA EL PROGRESO	36
AMÉRICA|BRASIL|AVANZA PAÍS - PARTIDO DE INTEGRACIÓN SOCIAL	10
AMÉRICA|BRASIL|FE EN EL PERÚ	6
AMÉRICA|BRASIL|FUERZA POPULAR	757
AMÉRICA|BRASIL|FUERZA Y LIBERTAD	9
AMÉRICA|BRASIL|JUNTOS POR EL PERÚ	201
AMÉRICA|BRASIL|LIBERTAD POPULAR	19
AMÉRICA|BRASIL|PARTIDO APRISTA PERUANO	43
AMÉRICA|BRASIL|PARTIDO CÍVICO OBRAS	598
AMÉRICA|BRASIL|PARTIDO DE LOS TRABAJADORES Y EMPRENDEDORES PTE - PERÚ	6
AMÉRICA|BRASIL|PARTIDO DEL BUEN GOBIERNO	508
AMÉRICA|BRASIL|PARTIDO DEMOCRATICO FEDERAL	3
AMÉRICA|BRASIL|PARTIDO DEMOCRÁTICO SOMOS PERÚ	34
AMÉRICA|BRASIL|PARTIDO DEMÓCRATA UNIDO PERÚ	34
AMÉRICA|BRASIL|PARTIDO DEMÓCRATA VERDE	14
AMÉRICA|BRASIL|PARTIDO FRENTE DE LA ESPERANZA 2021	81
AMÉRICA|BRASIL|PARTIDO MORADO	23
AMÉRICA|BRASIL|PARTIDO PATRIÓTICO DEL PERÚ	36
AMÉRICA|BRASIL|PARTIDO PAÍS PARA TODOS	436
AMÉRICA|BRASIL|PARTIDO POLÍTICO COOPERACIÓN POPULAR	42
AMÉRICA|BRASIL|PARTIDO POLÍTICO INTEGRIDAD DEMOCRÁTICA	8
AMÉRICA|BRASIL|PARTIDO POLÍTICO NACIONAL PERÚ LIBRE	30
AMÉRICA|BRASIL|PARTIDO POLÍTICO PERÚ ACCIÓN	18
AMÉRICA|BRASIL|PARTIDO POLÍTICO PERÚ PRIMERO	12
AMÉRICA|BRASIL|PARTIDO POLÍTICO PRIN	1
AMÉRICA|BRASIL|PARTIDO SICREO	46
AMÉRICA|BRASIL|PERÚ MODERNO	3
AMÉRICA|BRASIL|PODEMOS PERÚ	15
AMÉRICA|BRASIL|PRIMERO LA GENTE – COMUNIDAD, ECOLOGÍA, LIBERTAD Y PROGRESO	187
AMÉRICA|BRASIL|PROGRESEMOS	10
AMÉRICA|BRASIL|RENOVACIÓN POPULAR	1180
AMÉRICA|BRASIL|SALVEMOS AL PERÚ	3
AMÉRICA|BRASIL|UN CAMINO DIFERENTE	15
AMÉRICA|BRASIL|UNIDAD NACIONAL	26
AMÉRICA|BRASIL|VOTOS EN BLANCO	1176
AMÉRICA|BRASIL|VOTOS NULOS	374
AMÉRICA|CANADÁ|AHORA NACIÓN - AN	603
AMÉRICA|CANADÁ|ALIANZA ELECTORAL VENCEREMOS	17
AMÉRICA|CANADÁ|ALIANZA PARA EL PROGRESO	11
AMÉRICA|CANADÁ|AVANZA PAÍS - PARTIDO DE INTEGRACIÓN SOCIAL	8
AMÉRICA|CANADÁ|FE EN EL PERÚ	1
AMÉRICA|CANADÁ|FUERZA POPULAR	728
AMÉRICA|CANADÁ|FUERZA Y LIBERTAD	13
AMÉRICA|CANADÁ|JUNTOS POR EL PERÚ	62
AMÉRICA|CANADÁ|LIBERTAD POPULAR	17
AMÉRICA|CANADÁ|PARTIDO APRISTA PERUANO	43
AMÉRICA|CANADÁ|PARTIDO CÍVICO OBRAS	311
AMÉRICA|CANADÁ|PARTIDO DE LOS TRABAJADORES Y EMPRENDEDORES PTE - PERÚ	2
AMÉRICA|CANADÁ|PARTIDO DEL BUEN GOBIERNO	1181
AMÉRICA|CANADÁ|PARTIDO DEMOCRATICO FEDERAL	1
AMÉRICA|CANADÁ|PARTIDO DEMOCRÁTICO SOMOS PERÚ	23
AMÉRICA|CANADÁ|PARTIDO DEMÓCRATA UNIDO PERÚ	13
AMÉRICA|CANADÁ|PARTIDO DEMÓCRATA VERDE	8
AMÉRICA|CANADÁ|PARTIDO FRENTE DE LA ESPERANZA 2021	53
AMÉRICA|CANADÁ|PARTIDO MORADO	30
AMÉRICA|CANADÁ|PARTIDO PATRIÓTICO DEL PERÚ	20
AMÉRICA|CANADÁ|PARTIDO PAÍS PARA TODOS	441
AMÉRICA|CANADÁ|PARTIDO POLÍTICO COOPERACIÓN POPULAR	22
AMÉRICA|CANADÁ|PARTIDO POLÍTICO INTEGRIDAD DEMOCRÁTICA	9
AMÉRICA|CANADÁ|PARTIDO POLÍTICO NACIONAL PERÚ LIBRE	8
AMÉRICA|CANADÁ|PARTIDO POLÍTICO PERÚ ACCIÓN	4
AMÉRICA|CANADÁ|PARTIDO POLÍTICO PERÚ PRIMERO	10
AMÉRICA|CANADÁ|PARTIDO POLÍTICO PRIN	1
AMÉRICA|CANADÁ|PARTIDO SICREO	66
AMÉRICA|CANADÁ|PERÚ MODERNO	3
AMÉRICA|CANADÁ|PODEMOS PERÚ	7
AMÉRICA|CANADÁ|PRIMERO LA GENTE – COMUNIDAD, ECOLOGÍA, LIBERTAD Y PROGRESO	395
AMÉRICA|CANADÁ|PROGRESEMOS	7
AMÉRICA|CANADÁ|RENOVACIÓN POPULAR	3519
AMÉRICA|CANADÁ|SALVEMOS AL PERÚ	2
AMÉRICA|CANADÁ|UN CAMINO DIFERENTE	3
AMÉRICA|CANADÁ|UNIDAD NACIONAL	72
AMÉRICA|CANADÁ|VOTOS EN BLANCO	896
AMÉRICA|CANADÁ|VOTOS NULOS	141
AMÉRICA|CHILE|AHORA NACIÓN - AN	1918
AMÉRICA|CHILE|ALIANZA ELECTORAL VENCEREMOS	251
AMÉRICA|CHILE|ALIANZA PARA EL PROGRESO	230
AMÉRICA|CHILE|AVANZA PAÍS - PARTIDO DE INTEGRACIÓN SOCIAL	61
AMÉRICA|CHILE|FE EN EL PERÚ	70
AMÉRICA|CHILE|FUERZA POPULAR	9285
AMÉRICA|CHILE|FUERZA Y LIBERTAD	74
AMÉRICA|CHILE|JUNTOS POR EL PERÚ	1806
AMÉRICA|CHILE|LIBERTAD POPULAR	115
AMÉRICA|CHILE|PARTIDO APRISTA PERUANO	427
AMÉRICA|CHILE|PARTIDO CÍVICO OBRAS	5718
AMÉRICA|CHILE|PARTIDO DE LOS TRABAJADORES Y EMPRENDEDORES PTE - PERÚ	49
AMÉRICA|CHILE|PARTIDO DEL BUEN GOBIERNO	2737
AMÉRICA|CHILE|PARTIDO DEMOCRATICO FEDERAL	34
AMÉRICA|CHILE|PARTIDO DEMOCRÁTICO SOMOS PERÚ	267
AMÉRICA|CHILE|PARTIDO DEMÓCRATA UNIDO PERÚ	249
AMÉRICA|CHILE|PARTIDO DEMÓCRATA VERDE	232
AMÉRICA|CHILE|PARTIDO FRENTE DE LA ESPERANZA 2021	747
AMÉRICA|CHILE|PARTIDO MORADO	196
AMÉRICA|CHILE|PARTIDO PATRIÓTICO DEL PERÚ	338
AMÉRICA|CHILE|PARTIDO PAÍS PARA TODOS	5874
AMÉRICA|CHILE|PARTIDO POLÍTICO COOPERACIÓN POPULAR	380
AMÉRICA|CHILE|PARTIDO POLÍTICO INTEGRIDAD DEMOCRÁTICA	149
AMÉRICA|CHILE|PARTIDO POLÍTICO NACIONAL PERÚ LIBRE	176
AMÉRICA|CHILE|PARTIDO POLÍTICO PERÚ ACCIÓN	153
AMÉRICA|CHILE|PARTIDO POLÍTICO PERÚ PRIMERO	143
AMÉRICA|CHILE|PARTIDO POLÍTICO PRIN	50
AMÉRICA|CHILE|PARTIDO SICREO	586
AMÉRICA|CHILE|PERÚ MODERNO	47
AMÉRICA|CHILE|PODEMOS PERÚ	279
AMÉRICA|CHILE|PRIMERO LA GENTE – COMUNIDAD, ECOLOGÍA, LIBERTAD Y PROGRESO	1081
AMÉRICA|CHILE|PROGRESEMOS	128
AMÉRICA|CHILE|RENOVACIÓN POPULAR	4912
AMÉRICA|CHILE|SALVEMOS AL PERÚ	60
AMÉRICA|CHILE|UN CAMINO DIFERENTE	1119
AMÉRICA|CHILE|UNIDAD NACIONAL	124
AMÉRICA|CHILE|VOTOS EN BLANCO	15553
AMÉRICA|CHILE|VOTOS NULOS	10949
AMÉRICA|COLOMBIA|AHORA NACIÓN - AN	90
AMÉRICA|COLOMBIA|ALIANZA ELECTORAL VENCEREMOS	15
AMÉRICA|COLOMBIA|ALIANZA PARA EL PROGRESO	5
AMÉRICA|COLOMBIA|AVANZA PAÍS - PARTIDO DE INTEGRACIÓN SOCIAL	3
AMÉRICA|COLOMBIA|FE EN EL PERÚ	3
AMÉRICA|COLOMBIA|FUERZA POPULAR	420
AMÉRICA|COLOMBIA|FUERZA Y LIBERTAD	3
AMÉRICA|COLOMBIA|JUNTOS POR EL PERÚ	38
AMÉRICA|COLOMBIA|LIBERTAD POPULAR	9
AMÉRICA|COLOMBIA|PARTIDO APRISTA PERUANO	10
AMÉRICA|COLOMBIA|PARTIDO CÍVICO OBRAS	95
AMÉRICA|COLOMBIA|PARTIDO DE LOS TRABAJADORES Y EMPRENDEDORES PTE - PERÚ	0
AMÉRICA|COLOMBIA|PARTIDO DEL BUEN GOBIERNO	161
AMÉRICA|COLOMBIA|PARTIDO DEMOCRATICO FEDERAL	0
AMÉRICA|COLOMBIA|PARTIDO DEMOCRÁTICO SOMOS PERÚ	6
AMÉRICA|COLOMBIA|PARTIDO DEMÓCRATA UNIDO PERÚ	3
AMÉRICA|COLOMBIA|PARTIDO DEMÓCRATA VERDE	11
AMÉRICA|COLOMBIA|PARTIDO FRENTE DE LA ESPERANZA 2021	10
AMÉRICA|COLOMBIA|PARTIDO MORADO	7
AMÉRICA|COLOMBIA|PARTIDO PATRIÓTICO DEL PERÚ	18
AMÉRICA|COLOMBIA|PARTIDO PAÍS PARA TODOS	134
AMÉRICA|COLOMBIA|PARTIDO POLÍTICO COOPERACIÓN POPULAR	3
AMÉRICA|COLOMBIA|PARTIDO POLÍTICO INTEGRIDAD DEMOCRÁTICA	5
AMÉRICA|COLOMBIA|PARTIDO POLÍTICO NACIONAL PERÚ LIBRE	13
AMÉRICA|COLOMBIA|PARTIDO POLÍTICO PERÚ ACCIÓN	5
AMÉRICA|COLOMBIA|PARTIDO POLÍTICO PERÚ PRIMERO	4
AMÉRICA|COLOMBIA|PARTIDO POLÍTICO PRIN	3
AMÉRICA|COLOMBIA|PARTIDO SICREO	12
AMÉRICA|COLOMBIA|PERÚ MODERNO	2
AMÉRICA|COLOMBIA|PODEMOS PERÚ	3
AMÉRICA|COLOMBIA|PRIMERO LA GENTE – COMUNIDAD, ECOLOGÍA, LIBERTAD Y PROGRESO	63
AMÉRICA|COLOMBIA|PROGRESEMOS	1
AMÉRICA|COLOMBIA|RENOVACIÓN POPULAR	601
AMÉRICA|COLOMBIA|SALVEMOS AL PERÚ	1
AMÉRICA|COLOMBIA|UN CAMINO DIFERENTE	8
AMÉRICA|COLOMBIA|UNIDAD NACIONAL	8
AMÉRICA|COLOMBIA|VOTOS EN BLANCO	432
AMÉRICA|COLOMBIA|VOTOS NULOS	100
AMÉRICA|COSTA RICA|AHORA NACIÓN - AN	85
AMÉRICA|COSTA RICA|ALIANZA ELECTORAL VENCEREMOS	7
AMÉRICA|COSTA RICA|ALIANZA PARA EL PROGRESO	5
AMÉRICA|COSTA RICA|AVANZA PAÍS - PARTIDO DE INTEGRACIÓN SOCIAL	1
AMÉRICA|COSTA RICA|FE EN EL PERÚ	2
AMÉRICA|COSTA RICA|FUERZA POPULAR	170
AMÉRICA|COSTA RICA|FUERZA Y LIBERTAD	0
AMÉRICA|COSTA RICA|JUNTOS POR EL PERÚ	18
AMÉRICA|COSTA RICA|LIBERTAD POPULAR	4
AMÉRICA|COSTA RICA|PARTIDO APRISTA PERUANO	10
AMÉRICA|COSTA RICA|PARTIDO CÍVICO OBRAS	60
AMÉRICA|COSTA RICA|PARTIDO DE LOS TRABAJADORES Y EMPRENDEDORES PTE - PERÚ	0
AMÉRICA|COSTA RICA|PARTIDO DEL BUEN GOBIERNO	123
AMÉRICA|COSTA RICA|PARTIDO DEMOCRATICO FEDERAL	5
AMÉRICA|COSTA RICA|PARTIDO DEMOCRÁTICO SOMOS PERÚ	8
AMÉRICA|COSTA RICA|PARTIDO DEMÓCRATA UNIDO PERÚ	2
AMÉRICA|COSTA RICA|PARTIDO DEMÓCRATA VERDE	3
AMÉRICA|COSTA RICA|PARTIDO FRENTE DE LA ESPERANZA 2021	5
AMÉRICA|COSTA RICA|PARTIDO MORADO	7
AMÉRICA|COSTA RICA|PARTIDO PATRIÓTICO DEL PERÚ	3
AMÉRICA|COSTA RICA|PARTIDO PAÍS PARA TODOS	58
AMÉRICA|COSTA RICA|PARTIDO POLÍTICO COOPERACIÓN POPULAR	4
AMÉRICA|COSTA RICA|PARTIDO POLÍTICO INTEGRIDAD DEMOCRÁTICA	4
AMÉRICA|COSTA RICA|PARTIDO POLÍTICO NACIONAL PERÚ LIBRE	6
AMÉRICA|COSTA RICA|PARTIDO POLÍTICO PERÚ ACCIÓN	7
AMÉRICA|COSTA RICA|PARTIDO POLÍTICO PERÚ PRIMERO	6
AMÉRICA|COSTA RICA|PARTIDO POLÍTICO PRIN	0
AMÉRICA|COSTA RICA|PARTIDO SICREO	7
AMÉRICA|COSTA RICA|PERÚ MODERNO	0
AMÉRICA|COSTA RICA|PODEMOS PERÚ	2
AMÉRICA|COSTA RICA|PRIMERO LA GENTE – COMUNIDAD, ECOLOGÍA, LIBERTAD Y PROGRESO	38
AMÉRICA|COSTA RICA|PROGRESEMOS	3
AMÉRICA|COSTA RICA|RENOVACIÓN POPULAR	541
AMÉRICA|COSTA RICA|SALVEMOS AL PERÚ	0
AMÉRICA|COSTA RICA|UN CAMINO DIFERENTE	4
AMÉRICA|COSTA RICA|UNIDAD NACIONAL	8
AMÉRICA|COSTA RICA|VOTOS EN BLANCO	154
AMÉRICA|COSTA RICA|VOTOS NULOS	33
AMÉRICA|CUBA|AHORA NACIÓN - AN	3
AMÉRICA|CUBA|ALIANZA ELECTORAL VENCEREMOS	0
AMÉRICA|CUBA|ALIANZA PARA EL PROGRESO	0
AMÉRICA|CUBA|AVANZA PAÍS - PARTIDO DE INTEGRACIÓN SOCIAL	0
AMÉRICA|CUBA|FE EN EL PERÚ	0
AMÉRICA|CUBA|FUERZA POPULAR	0
AMÉRICA|CUBA|FUERZA Y LIBERTAD	0
AMÉRICA|CUBA|JUNTOS POR EL PERÚ	0
AMÉRICA|CUBA|LIBERTAD POPULAR	0
AMÉRICA|CUBA|PARTIDO APRISTA PERUANO	0
AMÉRICA|CUBA|PARTIDO CÍVICO OBRAS	1
AMÉRICA|CUBA|PARTIDO DE LOS TRABAJADORES Y EMPRENDEDORES PTE - PERÚ	1
AMÉRICA|CUBA|PARTIDO DEL BUEN GOBIERNO	0
AMÉRICA|CUBA|PARTIDO DEMOCRATICO FEDERAL	0
AMÉRICA|CUBA|PARTIDO DEMOCRÁTICO SOMOS PERÚ	1
AMÉRICA|CUBA|PARTIDO DEMÓCRATA UNIDO PERÚ	0
AMÉRICA|CUBA|PARTIDO DEMÓCRATA VERDE	0
AMÉRICA|CUBA|PARTIDO FRENTE DE LA ESPERANZA 2021	0
AMÉRICA|CUBA|PARTIDO MORADO	0
AMÉRICA|CUBA|PARTIDO PATRIÓTICO DEL PERÚ	0
AMÉRICA|CUBA|PARTIDO PAÍS PARA TODOS	1
AMÉRICA|CUBA|PARTIDO POLÍTICO COOPERACIÓN POPULAR	0
AMÉRICA|CUBA|PARTIDO POLÍTICO INTEGRIDAD DEMOCRÁTICA	0
AMÉRICA|CUBA|PARTIDO POLÍTICO NACIONAL PERÚ LIBRE	1
AMÉRICA|CUBA|PARTIDO POLÍTICO PERÚ ACCIÓN	0
AMÉRICA|CUBA|PARTIDO POLÍTICO PERÚ PRIMERO	0
AMÉRICA|CUBA|PARTIDO POLÍTICO PRIN	0
AMÉRICA|CUBA|PARTIDO SICREO	0
AMÉRICA|CUBA|PERÚ MODERNO	0
AMÉRICA|CUBA|PODEMOS PERÚ	0
AMÉRICA|CUBA|PRIMERO LA GENTE – COMUNIDAD, ECOLOGÍA, LIBERTAD Y PROGRESO	3
AMÉRICA|CUBA|PROGRESEMOS	0
AMÉRICA|CUBA|RENOVACIÓN POPULAR	0
AMÉRICA|CUBA|SALVEMOS AL PERÚ	0
AMÉRICA|CUBA|UN CAMINO DIFERENTE	0
AMÉRICA|CUBA|UNIDAD NACIONAL	0
AMÉRICA|CUBA|VOTOS EN BLANCO	4
AMÉRICA|CUBA|VOTOS NULOS	0
AMÉRICA|ECUADOR|AHORA NACIÓN - AN	96
AMÉRICA|ECUADOR|ALIANZA ELECTORAL VENCEREMOS	16
AMÉRICA|ECUADOR|ALIANZA PARA EL PROGRESO	11
AMÉRICA|ECUADOR|AVANZA PAÍS - PARTIDO DE INTEGRACIÓN SOCIAL	3
AMÉRICA|ECUADOR|FE EN EL PERÚ	3
AMÉRICA|ECUADOR|FUERZA POPULAR	401
AMÉRICA|ECUADOR|FUERZA Y LIBERTAD	6
AMÉRICA|ECUADOR|JUNTOS POR EL PERÚ	116
AMÉRICA|ECUADOR|LIBERTAD POPULAR	1
AMÉRICA|ECUADOR|PARTIDO APRISTA PERUANO	15
AMÉRICA|ECUADOR|PARTIDO CÍVICO OBRAS	137
AMÉRICA|ECUADOR|PARTIDO DE LOS TRABAJADORES Y EMPRENDEDORES PTE - PERÚ	1
AMÉRICA|ECUADOR|PARTIDO DEL BUEN GOBIERNO	129
AMÉRICA|ECUADOR|PARTIDO DEMOCRATICO FEDERAL	0
AMÉRICA|ECUADOR|PARTIDO DEMOCRÁTICO SOMOS PERÚ	4
AMÉRICA|ECUADOR|PARTIDO DEMÓCRATA UNIDO PERÚ	2
AMÉRICA|ECUADOR|PARTIDO DEMÓCRATA VERDE	5
AMÉRICA|ECUADOR|PARTIDO FRENTE DE LA ESPERANZA 2021	29
AMÉRICA|ECUADOR|PARTIDO MORADO	8
AMÉRICA|ECUADOR|PARTIDO PATRIÓTICO DEL PERÚ	17
AMÉRICA|ECUADOR|PARTIDO PAÍS PARA TODOS	157
AMÉRICA|ECUADOR|PARTIDO POLÍTICO COOPERACIÓN POPULAR	3
AMÉRICA|ECUADOR|PARTIDO POLÍTICO INTEGRIDAD DEMOCRÁTICA	8
AMÉRICA|ECUADOR|PARTIDO POLÍTICO NACIONAL PERÚ LIBRE	12
AMÉRICA|ECUADOR|PARTIDO POLÍTICO PERÚ ACCIÓN	7
AMÉRICA|ECUADOR|PARTIDO POLÍTICO PERÚ PRIMERO	7
AMÉRICA|ECUADOR|PARTIDO POLÍTICO PRIN	2
AMÉRICA|ECUADOR|PARTIDO SICREO	18
AMÉRICA|ECUADOR|PERÚ MODERNO	3
AMÉRICA|ECUADOR|PODEMOS PERÚ	2
AMÉRICA|ECUADOR|PRIMERO LA GENTE – COMUNIDAD, ECOLOGÍA, LIBERTAD Y PROGRESO	62
AMÉRICA|ECUADOR|PROGRESEMOS	7
AMÉRICA|ECUADOR|RENOVACIÓN POPULAR	509
AMÉRICA|ECUADOR|SALVEMOS AL PERÚ	1
AMÉRICA|ECUADOR|UN CAMINO DIFERENTE	13
AMÉRICA|ECUADOR|UNIDAD NACIONAL	7
AMÉRICA|ECUADOR|VOTOS EN BLANCO	1028
AMÉRICA|ECUADOR|VOTOS NULOS	325
AMÉRICA|EL SALVADOR|AHORA NACIÓN - AN	3
AMÉRICA|EL SALVADOR|ALIANZA ELECTORAL VENCEREMOS	0
AMÉRICA|EL SALVADOR|ALIANZA PARA EL PROGRESO	0
AMÉRICA|EL SALVADOR|AVANZA PAÍS - PARTIDO DE INTEGRACIÓN SOCIAL	0
AMÉRICA|EL SALVADOR|FE EN EL PERÚ	0
AMÉRICA|EL SALVADOR|FUERZA POPULAR	3
AMÉRICA|EL SALVADOR|FUERZA Y LIBERTAD	0
AMÉRICA|EL SALVADOR|JUNTOS POR EL PERÚ	1
AMÉRICA|EL SALVADOR|LIBERTAD POPULAR	0
AMÉRICA|EL SALVADOR|PARTIDO APRISTA PERUANO	0
AMÉRICA|EL SALVADOR|PARTIDO CÍVICO OBRAS	3
AMÉRICA|EL SALVADOR|PARTIDO DE LOS TRABAJADORES Y EMPRENDEDORES PTE - PERÚ	0
AMÉRICA|EL SALVADOR|PARTIDO DEL BUEN GOBIERNO	3
AMÉRICA|EL SALVADOR|PARTIDO DEMOCRATICO FEDERAL	0
AMÉRICA|EL SALVADOR|PARTIDO DEMOCRÁTICO SOMOS PERÚ	1
AMÉRICA|EL SALVADOR|PARTIDO DEMÓCRATA UNIDO PERÚ	0
AMÉRICA|EL SALVADOR|PARTIDO DEMÓCRATA VERDE	0
AMÉRICA|EL SALVADOR|PARTIDO FRENTE DE LA ESPERANZA 2021	0
AMÉRICA|EL SALVADOR|PARTIDO MORADO	0
AMÉRICA|EL SALVADOR|PARTIDO PATRIÓTICO DEL PERÚ	0
AMÉRICA|EL SALVADOR|PARTIDO PAÍS PARA TODOS	8
AMÉRICA|EL SALVADOR|PARTIDO POLÍTICO COOPERACIÓN POPULAR	2
AMÉRICA|EL SALVADOR|PARTIDO POLÍTICO INTEGRIDAD DEMOCRÁTICA	0
AMÉRICA|EL SALVADOR|PARTIDO POLÍTICO NACIONAL PERÚ LIBRE	0
AMÉRICA|EL SALVADOR|PARTIDO POLÍTICO PERÚ ACCIÓN	1
AMÉRICA|EL SALVADOR|PARTIDO POLÍTICO PERÚ PRIMERO	0
AMÉRICA|EL SALVADOR|PARTIDO POLÍTICO PRIN	0
AMÉRICA|EL SALVADOR|PARTIDO SICREO	0
AMÉRICA|EL SALVADOR|PERÚ MODERNO	0
AMÉRICA|EL SALVADOR|PODEMOS PERÚ	0
AMÉRICA|EL SALVADOR|PRIMERO LA GENTE – COMUNIDAD, ECOLOGÍA, LIBERTAD Y PROGRESO	9
AMÉRICA|EL SALVADOR|PROGRESEMOS	0
AMÉRICA|EL SALVADOR|RENOVACIÓN POPULAR	23
AMÉRICA|EL SALVADOR|SALVEMOS AL PERÚ	0
AMÉRICA|EL SALVADOR|UN CAMINO DIFERENTE	0
AMÉRICA|EL SALVADOR|UNIDAD NACIONAL	0
AMÉRICA|EL SALVADOR|VOTOS EN BLANCO	15
AMÉRICA|EL SALVADOR|VOTOS NULOS	3
AMÉRICA|ESTADOS UNIDOS DE ÁMERICA|AHORA NACIÓN - AN	3395
AMÉRICA|ESTADOS UNIDOS DE ÁMERICA|ALIANZA ELECTORAL VENCEREMOS	183
AMÉRICA|ESTADOS UNIDOS DE ÁMERICA|ALIANZA PARA EL PROGRESO	117
AMÉRICA|ESTADOS UNIDOS DE ÁMERICA|AVANZA PAÍS - PARTIDO DE INTEGRACIÓN SOCIAL	84
AMÉRICA|ESTADOS UNIDOS DE ÁMERICA|FE EN EL PERÚ	25
AMÉRICA|ESTADOS UNIDOS DE ÁMERICA|FUERZA POPULAR	9367
AMÉRICA|ESTADOS UNIDOS DE ÁMERICA|FUERZA Y LIBERTAD	55
AMÉRICA|ESTADOS UNIDOS DE ÁMERICA|JUNTOS POR EL PERÚ	840
AMÉRICA|ESTADOS UNIDOS DE ÁMERICA|LIBERTAD POPULAR	149
AMÉRICA|ESTADOS UNIDOS DE ÁMERICA|PARTIDO APRISTA PERUANO	708
AMÉRICA|ESTADOS UNIDOS DE ÁMERICA|PARTIDO CÍVICO OBRAS	3971
AMÉRICA|ESTADOS UNIDOS DE ÁMERICA|PARTIDO DE LOS TRABAJADORES Y EMPRENDEDORES PTE - PERÚ	52
AMÉRICA|ESTADOS UNIDOS DE ÁMERICA|PARTIDO DEL BUEN GOBIERNO	5281
AMÉRICA|ESTADOS UNIDOS DE ÁMERICA|PARTIDO DEMOCRATICO FEDERAL	22
AMÉRICA|ESTADOS UNIDOS DE ÁMERICA|PARTIDO DEMOCRÁTICO SOMOS PERÚ	272
AMÉRICA|ESTADOS UNIDOS DE ÁMERICA|PARTIDO DEMÓCRATA UNIDO PERÚ	183
AMÉRICA|ESTADOS UNIDOS DE ÁMERICA|PARTIDO DEMÓCRATA VERDE	108
AMÉRICA|ESTADOS UNIDOS DE ÁMERICA|PARTIDO FRENTE DE LA ESPERANZA 2021	467
AMÉRICA|ESTADOS UNIDOS DE ÁMERICA|PARTIDO MORADO	261
AMÉRICA|ESTADOS UNIDOS DE ÁMERICA|PARTIDO PATRIÓTICO DEL PERÚ	154
AMÉRICA|ESTADOS UNIDOS DE ÁMERICA|PARTIDO PAÍS PARA TODOS	4731
AMÉRICA|ESTADOS UNIDOS DE ÁMERICA|PARTIDO POLÍTICO COOPERACIÓN POPULAR	267
AMÉRICA|ESTADOS UNIDOS DE ÁMERICA|PARTIDO POLÍTICO INTEGRIDAD DEMOCRÁTICA	182
AMÉRICA|ESTADOS UNIDOS DE ÁMERICA|PARTIDO POLÍTICO NACIONAL PERÚ LIBRE	146
AMÉRICA|ESTADOS UNIDOS DE ÁMERICA|PARTIDO POLÍTICO PERÚ ACCIÓN	71
AMÉRICA|ESTADOS UNIDOS DE ÁMERICA|PARTIDO POLÍTICO PERÚ PRIMERO	72
AMÉRICA|ESTADOS UNIDOS DE ÁMERICA|PARTIDO POLÍTICO PRIN	41
AMÉRICA|ESTADOS UNIDOS DE ÁMERICA|PARTIDO SICREO	455
AMÉRICA|ESTADOS UNIDOS DE ÁMERICA|PERÚ MODERNO	32
AMÉRICA|ESTADOS UNIDOS DE ÁMERICA|PODEMOS PERÚ	117
AMÉRICA|ESTADOS UNIDOS DE ÁMERICA|PRIMERO LA GENTE – COMUNIDAD, ECOLOGÍA, LIBERTAD Y PROGRESO	1688
AMÉRICA|ESTADOS UNIDOS DE ÁMERICA|PROGRESEMOS	51
AMÉRICA|ESTADOS UNIDOS DE ÁMERICA|RENOVACIÓN POPULAR	26409
AMÉRICA|ESTADOS UNIDOS DE ÁMERICA|SALVEMOS AL PERÚ	20
AMÉRICA|ESTADOS UNIDOS DE ÁMERICA|UN CAMINO DIFERENTE	156
AMÉRICA|ESTADOS UNIDOS DE ÁMERICA|UNIDAD NACIONAL	492
AMÉRICA|ESTADOS UNIDOS DE ÁMERICA|VOTOS EN BLANCO	8835
AMÉRICA|ESTADOS UNIDOS DE ÁMERICA|VOTOS NULOS	2039
AMÉRICA|GUATEMALA|AHORA NACIÓN - AN	13
AMÉRICA|GUATEMALA|ALIANZA ELECTORAL VENCEREMOS	2
AMÉRICA|GUATEMALA|ALIANZA PARA EL PROGRESO	0
AMÉRICA|GUATEMALA|AVANZA PAÍS - PARTIDO DE INTEGRACIÓN SOCIAL	0
AMÉRICA|GUATEMALA|FE EN EL PERÚ	0
AMÉRICA|GUATEMALA|FUERZA POPULAR	24
AMÉRICA|GUATEMALA|FUERZA Y LIBERTAD	0
AMÉRICA|GUATEMALA|JUNTOS POR EL PERÚ	2
AMÉRICA|GUATEMALA|LIBERTAD POPULAR	0
AMÉRICA|GUATEMALA|PARTIDO APRISTA PERUANO	1
AMÉRICA|GUATEMALA|PARTIDO CÍVICO OBRAS	14
AMÉRICA|GUATEMALA|PARTIDO DE LOS TRABAJADORES Y EMPRENDEDORES PTE - PERÚ	0
AMÉRICA|GUATEMALA|PARTIDO DEL BUEN GOBIERNO	14
AMÉRICA|GUATEMALA|PARTIDO DEMOCRATICO FEDERAL	0
AMÉRICA|GUATEMALA|PARTIDO DEMOCRÁTICO SOMOS PERÚ	1
AMÉRICA|GUATEMALA|PARTIDO DEMÓCRATA UNIDO PERÚ	0
AMÉRICA|GUATEMALA|PARTIDO DEMÓCRATA VERDE	0
AMÉRICA|GUATEMALA|PARTIDO FRENTE DE LA ESPERANZA 2021	1
AMÉRICA|GUATEMALA|PARTIDO MORADO	2
AMÉRICA|GUATEMALA|PARTIDO PATRIÓTICO DEL PERÚ	0
AMÉRICA|GUATEMALA|PARTIDO PAÍS PARA TODOS	3
AMÉRICA|GUATEMALA|PARTIDO POLÍTICO COOPERACIÓN POPULAR	0
AMÉRICA|GUATEMALA|PARTIDO POLÍTICO INTEGRIDAD DEMOCRÁTICA	0
AMÉRICA|GUATEMALA|PARTIDO POLÍTICO NACIONAL PERÚ LIBRE	1
AMÉRICA|GUATEMALA|PARTIDO POLÍTICO PERÚ ACCIÓN	0
AMÉRICA|GUATEMALA|PARTIDO POLÍTICO PERÚ PRIMERO	0
AMÉRICA|GUATEMALA|PARTIDO POLÍTICO PRIN	0
AMÉRICA|GUATEMALA|PARTIDO SICREO	2
AMÉRICA|GUATEMALA|PERÚ MODERNO	0
AMÉRICA|GUATEMALA|PODEMOS PERÚ	0
AMÉRICA|GUATEMALA|PRIMERO LA GENTE – COMUNIDAD, ECOLOGÍA, LIBERTAD Y PROGRESO	3
AMÉRICA|GUATEMALA|PROGRESEMOS	0
AMÉRICA|GUATEMALA|RENOVACIÓN POPULAR	112
AMÉRICA|GUATEMALA|SALVEMOS AL PERÚ	0
AMÉRICA|GUATEMALA|UN CAMINO DIFERENTE	0
AMÉRICA|GUATEMALA|UNIDAD NACIONAL	2
AMÉRICA|GUATEMALA|VOTOS EN BLANCO	14
AMÉRICA|GUATEMALA|VOTOS NULOS	5
AMÉRICA|GUAYANA FRANCESA|AHORA NACIÓN - AN	4
AMÉRICA|GUAYANA FRANCESA|ALIANZA ELECTORAL VENCEREMOS	2
AMÉRICA|GUAYANA FRANCESA|ALIANZA PARA EL PROGRESO	1
AMÉRICA|GUAYANA FRANCESA|AVANZA PAÍS - PARTIDO DE INTEGRACIÓN SOCIAL	2
AMÉRICA|GUAYANA FRANCESA|FE EN EL PERÚ	0
AMÉRICA|GUAYANA FRANCESA|FUERZA POPULAR	54
AMÉRICA|GUAYANA FRANCESA|FUERZA Y LIBERTAD	0
AMÉRICA|GUAYANA FRANCESA|JUNTOS POR EL PERÚ	11
AMÉRICA|GUAYANA FRANCESA|LIBERTAD POPULAR	0
AMÉRICA|GUAYANA FRANCESA|PARTIDO APRISTA PERUANO	1
AMÉRICA|GUAYANA FRANCESA|PARTIDO CÍVICO OBRAS	31
AMÉRICA|GUAYANA FRANCESA|PARTIDO DE LOS TRABAJADORES Y EMPRENDEDORES PTE - PERÚ	0
AMÉRICA|GUAYANA FRANCESA|PARTIDO DEL BUEN GOBIERNO	5
AMÉRICA|GUAYANA FRANCESA|PARTIDO DEMOCRATICO FEDERAL	0
AMÉRICA|GUAYANA FRANCESA|PARTIDO DEMOCRÁTICO SOMOS PERÚ	1
AMÉRICA|GUAYANA FRANCESA|PARTIDO DEMÓCRATA UNIDO PERÚ	0
AMÉRICA|GUAYANA FRANCESA|PARTIDO DEMÓCRATA VERDE	1
AMÉRICA|GUAYANA FRANCESA|PARTIDO FRENTE DE LA ESPERANZA 2021	3
AMÉRICA|GUAYANA FRANCESA|PARTIDO MORADO	0
AMÉRICA|GUAYANA FRANCESA|PARTIDO PATRIÓTICO DEL PERÚ	1
AMÉRICA|GUAYANA FRANCESA|PARTIDO PAÍS PARA TODOS	42
AMÉRICA|GUAYANA FRANCESA|PARTIDO POLÍTICO COOPERACIÓN POPULAR	1
AMÉRICA|GUAYANA FRANCESA|PARTIDO POLÍTICO INTEGRIDAD DEMOCRÁTICA	0
AMÉRICA|GUAYANA FRANCESA|PARTIDO POLÍTICO NACIONAL PERÚ LIBRE	3
AMÉRICA|GUAYANA FRANCESA|PARTIDO POLÍTICO PERÚ ACCIÓN	1
AMÉRICA|GUAYANA FRANCESA|PARTIDO POLÍTICO PERÚ PRIMERO	0
AMÉRICA|GUAYANA FRANCESA|PARTIDO POLÍTICO PRIN	0
AMÉRICA|GUAYANA FRANCESA|PARTIDO SICREO	5
AMÉRICA|GUAYANA FRANCESA|PERÚ MODERNO	0
AMÉRICA|GUAYANA FRANCESA|PODEMOS PERÚ	1
AMÉRICA|GUAYANA FRANCESA|PRIMERO LA GENTE – COMUNIDAD, ECOLOGÍA, LIBERTAD Y PROGRESO	9
AMÉRICA|GUAYANA FRANCESA|PROGRESEMOS	0
AMÉRICA|GUAYANA FRANCESA|RENOVACIÓN POPULAR	25
AMÉRICA|GUAYANA FRANCESA|SALVEMOS AL PERÚ	0
AMÉRICA|GUAYANA FRANCESA|UN CAMINO DIFERENTE	9
AMÉRICA|GUAYANA FRANCESA|UNIDAD NACIONAL	0
AMÉRICA|GUAYANA FRANCESA|VOTOS EN BLANCO	60
AMÉRICA|GUAYANA FRANCESA|VOTOS NULOS	11
AMÉRICA|HONDURAS|AHORA NACIÓN - AN	2
AMÉRICA|HONDURAS|ALIANZA ELECTORAL VENCEREMOS	0
AMÉRICA|HONDURAS|ALIANZA PARA EL PROGRESO	0
AMÉRICA|HONDURAS|AVANZA PAÍS - PARTIDO DE INTEGRACIÓN SOCIAL	0
AMÉRICA|HONDURAS|FE EN EL PERÚ	1
AMÉRICA|HONDURAS|FUERZA POPULAR	18
AMÉRICA|HONDURAS|FUERZA Y LIBERTAD	0
AMÉRICA|HONDURAS|JUNTOS POR EL PERÚ	1
AMÉRICA|HONDURAS|LIBERTAD POPULAR	0
AMÉRICA|HONDURAS|PARTIDO APRISTA PERUANO	0
AMÉRICA|HONDURAS|PARTIDO CÍVICO OBRAS	0
AMÉRICA|HONDURAS|PARTIDO DE LOS TRABAJADORES Y EMPRENDEDORES PTE - PERÚ	0
AMÉRICA|HONDURAS|PARTIDO DEL BUEN GOBIERNO	5
AMÉRICA|HONDURAS|PARTIDO DEMOCRATICO FEDERAL	0
AMÉRICA|HONDURAS|PARTIDO DEMOCRÁTICO SOMOS PERÚ	0
AMÉRICA|HONDURAS|PARTIDO DEMÓCRATA UNIDO PERÚ	0
AMÉRICA|HONDURAS|PARTIDO DEMÓCRATA VERDE	0
AMÉRICA|HONDURAS|PARTIDO FRENTE DE LA ESPERANZA 2021	0
AMÉRICA|HONDURAS|PARTIDO MORADO	0
AMÉRICA|HONDURAS|PARTIDO PATRIÓTICO DEL PERÚ	1
AMÉRICA|HONDURAS|PARTIDO PAÍS PARA TODOS	1
AMÉRICA|HONDURAS|PARTIDO POLÍTICO COOPERACIÓN POPULAR	0
AMÉRICA|HONDURAS|PARTIDO POLÍTICO INTEGRIDAD DEMOCRÁTICA	0
AMÉRICA|HONDURAS|PARTIDO POLÍTICO NACIONAL PERÚ LIBRE	0
AMÉRICA|HONDURAS|PARTIDO POLÍTICO PERÚ ACCIÓN	0
AMÉRICA|HONDURAS|PARTIDO POLÍTICO PERÚ PRIMERO	0
AMÉRICA|HONDURAS|PARTIDO POLÍTICO PRIN	0
AMÉRICA|HONDURAS|PARTIDO SICREO	0
AMÉRICA|HONDURAS|PERÚ MODERNO	0
AMÉRICA|HONDURAS|PODEMOS PERÚ	0
AMÉRICA|HONDURAS|PRIMERO LA GENTE – COMUNIDAD, ECOLOGÍA, LIBERTAD Y PROGRESO	0
AMÉRICA|HONDURAS|PROGRESEMOS	1
AMÉRICA|HONDURAS|RENOVACIÓN POPULAR	29
AMÉRICA|HONDURAS|SALVEMOS AL PERÚ	0
AMÉRICA|HONDURAS|UN CAMINO DIFERENTE	0
AMÉRICA|HONDURAS|UNIDAD NACIONAL	0
AMÉRICA|HONDURAS|VOTOS EN BLANCO	0
AMÉRICA|HONDURAS|VOTOS NULOS	4
AMÉRICA|MÉXICO|AHORA NACIÓN - AN	121
AMÉRICA|MÉXICO|ALIANZA ELECTORAL VENCEREMOS	7
AMÉRICA|MÉXICO|ALIANZA PARA EL PROGRESO	3
AMÉRICA|MÉXICO|AVANZA PAÍS - PARTIDO DE INTEGRACIÓN SOCIAL	3
AMÉRICA|MÉXICO|FE EN EL PERÚ	0
AMÉRICA|MÉXICO|FUERZA POPULAR	172
AMÉRICA|MÉXICO|FUERZA Y LIBERTAD	2
AMÉRICA|MÉXICO|JUNTOS POR EL PERÚ	16
AMÉRICA|MÉXICO|LIBERTAD POPULAR	1
AMÉRICA|MÉXICO|PARTIDO APRISTA PERUANO	13
AMÉRICA|MÉXICO|PARTIDO CÍVICO OBRAS	116
AMÉRICA|MÉXICO|PARTIDO DE LOS TRABAJADORES Y EMPRENDEDORES PTE - PERÚ	1
AMÉRICA|MÉXICO|PARTIDO DEL BUEN GOBIERNO	173
AMÉRICA|MÉXICO|PARTIDO DEMOCRATICO FEDERAL	0
AMÉRICA|MÉXICO|PARTIDO DEMOCRÁTICO SOMOS PERÚ	10
AMÉRICA|MÉXICO|PARTIDO DEMÓCRATA UNIDO PERÚ	2
AMÉRICA|MÉXICO|PARTIDO DEMÓCRATA VERDE	5
AMÉRICA|MÉXICO|PARTIDO FRENTE DE LA ESPERANZA 2021	9
AMÉRICA|MÉXICO|PARTIDO MORADO	12
AMÉRICA|MÉXICO|PARTIDO PATRIÓTICO DEL PERÚ	6
AMÉRICA|MÉXICO|PARTIDO PAÍS PARA TODOS	75
AMÉRICA|MÉXICO|PARTIDO POLÍTICO COOPERACIÓN POPULAR	13
AMÉRICA|MÉXICO|PARTIDO POLÍTICO INTEGRIDAD DEMOCRÁTICA	2
AMÉRICA|MÉXICO|PARTIDO POLÍTICO NACIONAL PERÚ LIBRE	5
AMÉRICA|MÉXICO|PARTIDO POLÍTICO PERÚ ACCIÓN	4
AMÉRICA|MÉXICO|PARTIDO POLÍTICO PERÚ PRIMERO	2
AMÉRICA|MÉXICO|PARTIDO POLÍTICO PRIN	0
AMÉRICA|MÉXICO|PARTIDO SICREO	13
AMÉRICA|MÉXICO|PERÚ MODERNO	0
AMÉRICA|MÉXICO|PODEMOS PERÚ	4
AMÉRICA|MÉXICO|PRIMERO LA GENTE – COMUNIDAD, ECOLOGÍA, LIBERTAD Y PROGRESO	53
AMÉRICA|MÉXICO|PROGRESEMOS	4
AMÉRICA|MÉXICO|RENOVACIÓN POPULAR	673
AMÉRICA|MÉXICO|SALVEMOS AL PERÚ	0
AMÉRICA|MÉXICO|UN CAMINO DIFERENTE	1
AMÉRICA|MÉXICO|UNIDAD NACIONAL	7
AMÉRICA|MÉXICO|VOTOS EN BLANCO	98
AMÉRICA|MÉXICO|VOTOS NULOS	61
AMÉRICA|NICARAGUA|AHORA NACIÓN - AN	4
AMÉRICA|NICARAGUA|ALIANZA ELECTORAL VENCEREMOS	0
AMÉRICA|NICARAGUA|ALIANZA PARA EL PROGRESO	0
AMÉRICA|NICARAGUA|AVANZA PAÍS - PARTIDO DE INTEGRACIÓN SOCIAL	0
AMÉRICA|NICARAGUA|FE EN EL PERÚ	0
AMÉRICA|NICARAGUA|FUERZA POPULAR	10
AMÉRICA|NICARAGUA|FUERZA Y LIBERTAD	0
AMÉRICA|NICARAGUA|JUNTOS POR EL PERÚ	3
AMÉRICA|NICARAGUA|LIBERTAD POPULAR	1
AMÉRICA|NICARAGUA|PARTIDO APRISTA PERUANO	0
AMÉRICA|NICARAGUA|PARTIDO CÍVICO OBRAS	2
AMÉRICA|NICARAGUA|PARTIDO DE LOS TRABAJADORES Y EMPRENDEDORES PTE - PERÚ	0
AMÉRICA|NICARAGUA|PARTIDO DEL BUEN GOBIERNO	9
AMÉRICA|NICARAGUA|PARTIDO DEMOCRATICO FEDERAL	0
AMÉRICA|NICARAGUA|PARTIDO DEMOCRÁTICO SOMOS PERÚ	0
AMÉRICA|NICARAGUA|PARTIDO DEMÓCRATA UNIDO PERÚ	0
AMÉRICA|NICARAGUA|PARTIDO DEMÓCRATA VERDE	0
AMÉRICA|NICARAGUA|PARTIDO FRENTE DE LA ESPERANZA 2021	1
AMÉRICA|NICARAGUA|PARTIDO MORADO	0
AMÉRICA|NICARAGUA|PARTIDO PATRIÓTICO DEL PERÚ	0
AMÉRICA|NICARAGUA|PARTIDO PAÍS PARA TODOS	3
AMÉRICA|NICARAGUA|PARTIDO POLÍTICO COOPERACIÓN POPULAR	0
AMÉRICA|NICARAGUA|PARTIDO POLÍTICO INTEGRIDAD DEMOCRÁTICA	0
AMÉRICA|NICARAGUA|PARTIDO POLÍTICO NACIONAL PERÚ LIBRE	0
AMÉRICA|NICARAGUA|PARTIDO POLÍTICO PERÚ ACCIÓN	1
AMÉRICA|NICARAGUA|PARTIDO POLÍTICO PERÚ PRIMERO	0
AMÉRICA|NICARAGUA|PARTIDO POLÍTICO PRIN	0
AMÉRICA|NICARAGUA|PARTIDO SICREO	0
AMÉRICA|NICARAGUA|PERÚ MODERNO	0
AMÉRICA|NICARAGUA|PODEMOS PERÚ	0
AMÉRICA|NICARAGUA|PRIMERO LA GENTE – COMUNIDAD, ECOLOGÍA, LIBERTAD Y PROGRESO	0
AMÉRICA|NICARAGUA|PROGRESEMOS	0
AMÉRICA|NICARAGUA|RENOVACIÓN POPULAR	22
AMÉRICA|NICARAGUA|SALVEMOS AL PERÚ	0
AMÉRICA|NICARAGUA|UN CAMINO DIFERENTE	0
AMÉRICA|NICARAGUA|UNIDAD NACIONAL	0
AMÉRICA|NICARAGUA|VOTOS EN BLANCO	15
AMÉRICA|NICARAGUA|VOTOS NULOS	0
AMÉRICA|PANAMÁ|AHORA NACIÓN - AN	67
AMÉRICA|PANAMÁ|ALIANZA ELECTORAL VENCEREMOS	6
AMÉRICA|PANAMÁ|ALIANZA PARA EL PROGRESO	2
AMÉRICA|PANAMÁ|AVANZA PAÍS - PARTIDO DE INTEGRACIÓN SOCIAL	0
AMÉRICA|PANAMÁ|FE EN EL PERÚ	1
AMÉRICA|PANAMÁ|FUERZA POPULAR	214
AMÉRICA|PANAMÁ|FUERZA Y LIBERTAD	1
AMÉRICA|PANAMÁ|JUNTOS POR EL PERÚ	11
AMÉRICA|PANAMÁ|LIBERTAD POPULAR	6
AMÉRICA|PANAMÁ|PARTIDO APRISTA PERUANO	7
AMÉRICA|PANAMÁ|PARTIDO CÍVICO OBRAS	91
AMÉRICA|PANAMÁ|PARTIDO DE LOS TRABAJADORES Y EMPRENDEDORES PTE - PERÚ	1
AMÉRICA|PANAMÁ|PARTIDO DEL BUEN GOBIERNO	103
AMÉRICA|PANAMÁ|PARTIDO DEMOCRATICO FEDERAL	0
AMÉRICA|PANAMÁ|PARTIDO DEMOCRÁTICO SOMOS PERÚ	8
AMÉRICA|PANAMÁ|PARTIDO DEMÓCRATA UNIDO PERÚ	0
AMÉRICA|PANAMÁ|PARTIDO DEMÓCRATA VERDE	2
AMÉRICA|PANAMÁ|PARTIDO FRENTE DE LA ESPERANZA 2021	8
AMÉRICA|PANAMÁ|PARTIDO MORADO	2
AMÉRICA|PANAMÁ|PARTIDO PATRIÓTICO DEL PERÚ	9
AMÉRICA|PANAMÁ|PARTIDO PAÍS PARA TODOS	74
AMÉRICA|PANAMÁ|PARTIDO POLÍTICO COOPERACIÓN POPULAR	2
AMÉRICA|PANAMÁ|PARTIDO POLÍTICO INTEGRIDAD DEMOCRÁTICA	0
AMÉRICA|PANAMÁ|PARTIDO POLÍTICO NACIONAL PERÚ LIBRE	7
AMÉRICA|PANAMÁ|PARTIDO POLÍTICO PERÚ ACCIÓN	5
AMÉRICA|PANAMÁ|PARTIDO POLÍTICO PERÚ PRIMERO	1
AMÉRICA|PANAMÁ|PARTIDO POLÍTICO PRIN	1
AMÉRICA|PANAMÁ|PARTIDO SICREO	13
AMÉRICA|PANAMÁ|PERÚ MODERNO	1
AMÉRICA|PANAMÁ|PODEMOS PERÚ	2
AMÉRICA|PANAMÁ|PRIMERO LA GENTE – COMUNIDAD, ECOLOGÍA, LIBERTAD Y PROGRESO	42
AMÉRICA|PANAMÁ|PROGRESEMOS	3
AMÉRICA|PANAMÁ|RENOVACIÓN POPULAR	489
AMÉRICA|PANAMÁ|SALVEMOS AL PERÚ	0
AMÉRICA|PANAMÁ|UN CAMINO DIFERENTE	2
AMÉRICA|PANAMÁ|UNIDAD NACIONAL	3
AMÉRICA|PANAMÁ|VOTOS EN BLANCO	288
AMÉRICA|PANAMÁ|VOTOS NULOS	73
AMÉRICA|PARAGUAY|AHORA NACIÓN - AN	22
AMÉRICA|PARAGUAY|ALIANZA ELECTORAL VENCEREMOS	7
AMÉRICA|PARAGUAY|ALIANZA PARA EL PROGRESO	3
AMÉRICA|PARAGUAY|AVANZA PAÍS - PARTIDO DE INTEGRACIÓN SOCIAL	2
AMÉRICA|PARAGUAY|FE EN EL PERÚ	1
AMÉRICA|PARAGUAY|FUERZA POPULAR	90
AMÉRICA|PARAGUAY|FUERZA Y LIBERTAD	1
AMÉRICA|PARAGUAY|JUNTOS POR EL PERÚ	7
AMÉRICA|PARAGUAY|LIBERTAD POPULAR	1
AMÉRICA|PARAGUAY|PARTIDO APRISTA PERUANO	2
AMÉRICA|PARAGUAY|PARTIDO CÍVICO OBRAS	46
AMÉRICA|PARAGUAY|PARTIDO DE LOS TRABAJADORES Y EMPRENDEDORES PTE - PERÚ	1
AMÉRICA|PARAGUAY|PARTIDO DEL BUEN GOBIERNO	19
AMÉRICA|PARAGUAY|PARTIDO DEMOCRATICO FEDERAL	0
AMÉRICA|PARAGUAY|PARTIDO DEMOCRÁTICO SOMOS PERÚ	5
AMÉRICA|PARAGUAY|PARTIDO DEMÓCRATA UNIDO PERÚ	1
AMÉRICA|PARAGUAY|PARTIDO DEMÓCRATA VERDE	2
AMÉRICA|PARAGUAY|PARTIDO FRENTE DE LA ESPERANZA 2021	11
AMÉRICA|PARAGUAY|PARTIDO MORADO	2
AMÉRICA|PARAGUAY|PARTIDO PATRIÓTICO DEL PERÚ	6
AMÉRICA|PARAGUAY|PARTIDO PAÍS PARA TODOS	40
AMÉRICA|PARAGUAY|PARTIDO POLÍTICO COOPERACIÓN POPULAR	2
AMÉRICA|PARAGUAY|PARTIDO POLÍTICO INTEGRIDAD DEMOCRÁTICA	0
AMÉRICA|PARAGUAY|PARTIDO POLÍTICO NACIONAL PERÚ LIBRE	1
AMÉRICA|PARAGUAY|PARTIDO POLÍTICO PERÚ ACCIÓN	1
AMÉRICA|PARAGUAY|PARTIDO POLÍTICO PERÚ PRIMERO	0
AMÉRICA|PARAGUAY|PARTIDO POLÍTICO PRIN	0
AMÉRICA|PARAGUAY|PARTIDO SICREO	3
AMÉRICA|PARAGUAY|PERÚ MODERNO	0
AMÉRICA|PARAGUAY|PODEMOS PERÚ	0
AMÉRICA|PARAGUAY|PRIMERO LA GENTE – COMUNIDAD, ECOLOGÍA, LIBERTAD Y PROGRESO	18
AMÉRICA|PARAGUAY|PROGRESEMOS	2
AMÉRICA|PARAGUAY|RENOVACIÓN POPULAR	282
AMÉRICA|PARAGUAY|SALVEMOS AL PERÚ	1
AMÉRICA|PARAGUAY|UN CAMINO DIFERENTE	1
AMÉRICA|PARAGUAY|UNIDAD NACIONAL	4
AMÉRICA|PARAGUAY|VOTOS EN BLANCO	154
AMÉRICA|PARAGUAY|VOTOS NULOS	42
AMÉRICA|PUERTO RICO|AHORA NACIÓN - AN	14
AMÉRICA|PUERTO RICO|ALIANZA ELECTORAL VENCEREMOS	2
AMÉRICA|PUERTO RICO|ALIANZA PARA EL PROGRESO	2
AMÉRICA|PUERTO RICO|AVANZA PAÍS - PARTIDO DE INTEGRACIÓN SOCIAL	0
AMÉRICA|PUERTO RICO|FE EN EL PERÚ	0
AMÉRICA|PUERTO RICO|FUERZA POPULAR	32
AMÉRICA|PUERTO RICO|FUERZA Y LIBERTAD	0
AMÉRICA|PUERTO RICO|JUNTOS POR EL PERÚ	1
AMÉRICA|PUERTO RICO|LIBERTAD POPULAR	0
AMÉRICA|PUERTO RICO|PARTIDO APRISTA PERUANO	0
AMÉRICA|PUERTO RICO|PARTIDO CÍVICO OBRAS	7
AMÉRICA|PUERTO RICO|PARTIDO DE LOS TRABAJADORES Y EMPRENDEDORES PTE - PERÚ	0
AMÉRICA|PUERTO RICO|PARTIDO DEL BUEN GOBIERNO	36
AMÉRICA|PUERTO RICO|PARTIDO DEMOCRATICO FEDERAL	0
AMÉRICA|PUERTO RICO|PARTIDO DEMOCRÁTICO SOMOS PERÚ	2
AMÉRICA|PUERTO RICO|PARTIDO DEMÓCRATA UNIDO PERÚ	0
AMÉRICA|PUERTO RICO|PARTIDO DEMÓCRATA VERDE	0
AMÉRICA|PUERTO RICO|PARTIDO FRENTE DE LA ESPERANZA 2021	0
AMÉRICA|PUERTO RICO|PARTIDO MORADO	0
AMÉRICA|PUERTO RICO|PARTIDO PATRIÓTICO DEL PERÚ	1
AMÉRICA|PUERTO RICO|PARTIDO PAÍS PARA TODOS	10
AMÉRICA|PUERTO RICO|PARTIDO POLÍTICO COOPERACIÓN POPULAR	0
AMÉRICA|PUERTO RICO|PARTIDO POLÍTICO INTEGRIDAD DEMOCRÁTICA	1
AMÉRICA|PUERTO RICO|PARTIDO POLÍTICO NACIONAL PERÚ LIBRE	0
AMÉRICA|PUERTO RICO|PARTIDO POLÍTICO PERÚ ACCIÓN	0
AMÉRICA|PUERTO RICO|PARTIDO POLÍTICO PERÚ PRIMERO	0
AMÉRICA|PUERTO RICO|PARTIDO POLÍTICO PRIN	0
AMÉRICA|PUERTO RICO|PARTIDO SICREO	2
AMÉRICA|PUERTO RICO|PERÚ MODERNO	0
AMÉRICA|PUERTO RICO|PODEMOS PERÚ	2
AMÉRICA|PUERTO RICO|PRIMERO LA GENTE – COMUNIDAD, ECOLOGÍA, LIBERTAD Y PROGRESO	12
AMÉRICA|PUERTO RICO|PROGRESEMOS	0
AMÉRICA|PUERTO RICO|RENOVACIÓN POPULAR	113
AMÉRICA|PUERTO RICO|SALVEMOS AL PERÚ	0
AMÉRICA|PUERTO RICO|UN CAMINO DIFERENTE	1
AMÉRICA|PUERTO RICO|UNIDAD NACIONAL	0
AMÉRICA|PUERTO RICO|VOTOS EN BLANCO	27
AMÉRICA|PUERTO RICO|VOTOS NULOS	4
AMÉRICA|REPÚBLICA DOMINICANA|AHORA NACIÓN - AN	16
AMÉRICA|REPÚBLICA DOMINICANA|ALIANZA ELECTORAL VENCEREMOS	8
AMÉRICA|REPÚBLICA DOMINICANA|ALIANZA PARA EL PROGRESO	3
AMÉRICA|REPÚBLICA DOMINICANA|AVANZA PAÍS - PARTIDO DE INTEGRACIÓN SOCIAL	1
AMÉRICA|REPÚBLICA DOMINICANA|FE EN EL PERÚ	2
AMÉRICA|REPÚBLICA DOMINICANA|FUERZA POPULAR	121
AMÉRICA|REPÚBLICA DOMINICANA|FUERZA Y LIBERTAD	0
AMÉRICA|REPÚBLICA DOMINICANA|JUNTOS POR EL PERÚ	3
AMÉRICA|REPÚBLICA DOMINICANA|LIBERTAD POPULAR	2
AMÉRICA|REPÚBLICA DOMINICANA|PARTIDO APRISTA PERUANO	1
AMÉRICA|REPÚBLICA DOMINICANA|PARTIDO CÍVICO OBRAS	61
AMÉRICA|REPÚBLICA DOMINICANA|PARTIDO DE LOS TRABAJADORES Y EMPRENDEDORES PTE - PERÚ	1
AMÉRICA|REPÚBLICA DOMINICANA|PARTIDO DEL BUEN GOBIERNO	56
AMÉRICA|REPÚBLICA DOMINICANA|PARTIDO DEMOCRATICO FEDERAL	0
AMÉRICA|REPÚBLICA DOMINICANA|PARTIDO DEMOCRÁTICO SOMOS PERÚ	3
AMÉRICA|REPÚBLICA DOMINICANA|PARTIDO DEMÓCRATA UNIDO PERÚ	4
AMÉRICA|REPÚBLICA DOMINICANA|PARTIDO DEMÓCRATA VERDE	0
AMÉRICA|REPÚBLICA DOMINICANA|PARTIDO FRENTE DE LA ESPERANZA 2021	11
AMÉRICA|REPÚBLICA DOMINICANA|PARTIDO MORADO	4
AMÉRICA|REPÚBLICA DOMINICANA|PARTIDO PATRIÓTICO DEL PERÚ	1
AMÉRICA|REPÚBLICA DOMINICANA|PARTIDO PAÍS PARA TODOS	33
AMÉRICA|REPÚBLICA DOMINICANA|PARTIDO POLÍTICO COOPERACIÓN POPULAR	11
AMÉRICA|REPÚBLICA DOMINICANA|PARTIDO POLÍTICO INTEGRIDAD DEMOCRÁTICA	5
AMÉRICA|REPÚBLICA DOMINICANA|PARTIDO POLÍTICO NACIONAL PERÚ LIBRE	5
AMÉRICA|REPÚBLICA DOMINICANA|PARTIDO POLÍTICO PERÚ ACCIÓN	1
AMÉRICA|REPÚBLICA DOMINICANA|PARTIDO POLÍTICO PERÚ PRIMERO	0
AMÉRICA|REPÚBLICA DOMINICANA|PARTIDO POLÍTICO PRIN	2
AMÉRICA|REPÚBLICA DOMINICANA|PARTIDO SICREO	8
AMÉRICA|REPÚBLICA DOMINICANA|PERÚ MODERNO	3
AMÉRICA|REPÚBLICA DOMINICANA|PODEMOS PERÚ	1
AMÉRICA|REPÚBLICA DOMINICANA|PRIMERO LA GENTE – COMUNIDAD, ECOLOGÍA, LIBERTAD Y PROGRESO	46
AMÉRICA|REPÚBLICA DOMINICANA|PROGRESEMOS	0
AMÉRICA|REPÚBLICA DOMINICANA|RENOVACIÓN POPULAR	174
AMÉRICA|REPÚBLICA DOMINICANA|SALVEMOS AL PERÚ	0
AMÉRICA|REPÚBLICA DOMINICANA|UN CAMINO DIFERENTE	2
AMÉRICA|REPÚBLICA DOMINICANA|UNIDAD NACIONAL	8
AMÉRICA|REPÚBLICA DOMINICANA|VOTOS EN BLANCO	75
AMÉRICA|REPÚBLICA DOMINICANA|VOTOS NULOS	22
AMÉRICA|TRINIDAD Y TOBAGO|AHORA NACIÓN - AN	0
AMÉRICA|TRINIDAD Y TOBAGO|ALIANZA ELECTORAL VENCEREMOS	0
AMÉRICA|TRINIDAD Y TOBAGO|ALIANZA PARA EL PROGRESO	0
AMÉRICA|TRINIDAD Y TOBAGO|AVANZA PAÍS - PARTIDO DE INTEGRACIÓN SOCIAL	0
AMÉRICA|TRINIDAD Y TOBAGO|FE EN EL PERÚ	0
AMÉRICA|TRINIDAD Y TOBAGO|FUERZA POPULAR	1
AMÉRICA|TRINIDAD Y TOBAGO|FUERZA Y LIBERTAD	0
AMÉRICA|TRINIDAD Y TOBAGO|JUNTOS POR EL PERÚ	0
AMÉRICA|TRINIDAD Y TOBAGO|LIBERTAD POPULAR	0
AMÉRICA|TRINIDAD Y TOBAGO|PARTIDO APRISTA PERUANO	0
AMÉRICA|TRINIDAD Y TOBAGO|PARTIDO CÍVICO OBRAS	0
AMÉRICA|TRINIDAD Y TOBAGO|PARTIDO DE LOS TRABAJADORES Y EMPRENDEDORES PTE - PERÚ	0
AMÉRICA|TRINIDAD Y TOBAGO|PARTIDO DEL BUEN GOBIERNO	6
AMÉRICA|TRINIDAD Y TOBAGO|PARTIDO DEMOCRATICO FEDERAL	0
AMÉRICA|TRINIDAD Y TOBAGO|PARTIDO DEMOCRÁTICO SOMOS PERÚ	0
AMÉRICA|TRINIDAD Y TOBAGO|PARTIDO DEMÓCRATA UNIDO PERÚ	0
AMÉRICA|TRINIDAD Y TOBAGO|PARTIDO DEMÓCRATA VERDE	0
AMÉRICA|TRINIDAD Y TOBAGO|PARTIDO FRENTE DE LA ESPERANZA 2021	0
AMÉRICA|TRINIDAD Y TOBAGO|PARTIDO MORADO	0
AMÉRICA|TRINIDAD Y TOBAGO|PARTIDO PATRIÓTICO DEL PERÚ	1
AMÉRICA|TRINIDAD Y TOBAGO|PARTIDO PAÍS PARA TODOS	1
AMÉRICA|TRINIDAD Y TOBAGO|PARTIDO POLÍTICO COOPERACIÓN POPULAR	0
AMÉRICA|TRINIDAD Y TOBAGO|PARTIDO POLÍTICO INTEGRIDAD DEMOCRÁTICA	0
AMÉRICA|TRINIDAD Y TOBAGO|PARTIDO POLÍTICO NACIONAL PERÚ LIBRE	0
AMÉRICA|TRINIDAD Y TOBAGO|PARTIDO POLÍTICO PERÚ ACCIÓN	0
AMÉRICA|TRINIDAD Y TOBAGO|PARTIDO POLÍTICO PERÚ PRIMERO	0
AMÉRICA|TRINIDAD Y TOBAGO|PARTIDO POLÍTICO PRIN	0
AMÉRICA|TRINIDAD Y TOBAGO|PARTIDO SICREO	0
AMÉRICA|TRINIDAD Y TOBAGO|PERÚ MODERNO	0
AMÉRICA|TRINIDAD Y TOBAGO|PODEMOS PERÚ	0
AMÉRICA|TRINIDAD Y TOBAGO|PRIMERO LA GENTE – COMUNIDAD, ECOLOGÍA, LIBERTAD Y PROGRESO	0
AMÉRICA|TRINIDAD Y TOBAGO|PROGRESEMOS	0
AMÉRICA|TRINIDAD Y TOBAGO|RENOVACIÓN POPULAR	1
AMÉRICA|TRINIDAD Y TOBAGO|SALVEMOS AL PERÚ	0
AMÉRICA|TRINIDAD Y TOBAGO|UN CAMINO DIFERENTE	0
AMÉRICA|TRINIDAD Y TOBAGO|UNIDAD NACIONAL	1
AMÉRICA|TRINIDAD Y TOBAGO|VOTOS EN BLANCO	0
AMÉRICA|TRINIDAD Y TOBAGO|VOTOS NULOS	0
AMÉRICA|URUGUAY|AHORA NACIÓN - AN	49
AMÉRICA|URUGUAY|ALIANZA ELECTORAL VENCEREMOS	8
AMÉRICA|URUGUAY|ALIANZA PARA EL PROGRESO	2
AMÉRICA|URUGUAY|AVANZA PAÍS - PARTIDO DE INTEGRACIÓN SOCIAL	0
AMÉRICA|URUGUAY|FE EN EL PERÚ	1
AMÉRICA|URUGUAY|FUERZA POPULAR	172
AMÉRICA|URUGUAY|FUERZA Y LIBERTAD	1
AMÉRICA|URUGUAY|JUNTOS POR EL PERÚ	23
AMÉRICA|URUGUAY|LIBERTAD POPULAR	5
AMÉRICA|URUGUAY|PARTIDO APRISTA PERUANO	10
AMÉRICA|URUGUAY|PARTIDO CÍVICO OBRAS	52
AMÉRICA|URUGUAY|PARTIDO DE LOS TRABAJADORES Y EMPRENDEDORES PTE - PERÚ	0
AMÉRICA|URUGUAY|PARTIDO DEL BUEN GOBIERNO	80
AMÉRICA|URUGUAY|PARTIDO DEMOCRATICO FEDERAL	0
AMÉRICA|URUGUAY|PARTIDO DEMOCRÁTICO SOMOS PERÚ	15
AMÉRICA|URUGUAY|PARTIDO DEMÓCRATA UNIDO PERÚ	4
AMÉRICA|URUGUAY|PARTIDO DEMÓCRATA VERDE	6
AMÉRICA|URUGUAY|PARTIDO FRENTE DE LA ESPERANZA 2021	11
AMÉRICA|URUGUAY|PARTIDO MORADO	5
AMÉRICA|URUGUAY|PARTIDO PATRIÓTICO DEL PERÚ	21
AMÉRICA|URUGUAY|PARTIDO PAÍS PARA TODOS	107
AMÉRICA|URUGUAY|PARTIDO POLÍTICO COOPERACIÓN POPULAR	3
AMÉRICA|URUGUAY|PARTIDO POLÍTICO INTEGRIDAD DEMOCRÁTICA	7
AMÉRICA|URUGUAY|PARTIDO POLÍTICO NACIONAL PERÚ LIBRE	5
AMÉRICA|URUGUAY|PARTIDO POLÍTICO PERÚ ACCIÓN	3
AMÉRICA|URUGUAY|PARTIDO POLÍTICO PERÚ PRIMERO	4
AMÉRICA|URUGUAY|PARTIDO POLÍTICO PRIN	1
AMÉRICA|URUGUAY|PARTIDO SICREO	14
AMÉRICA|URUGUAY|PERÚ MODERNO	0
AMÉRICA|URUGUAY|PODEMOS PERÚ	3
AMÉRICA|URUGUAY|PRIMERO LA GENTE – COMUNIDAD, ECOLOGÍA, LIBERTAD Y PROGRESO	34
AMÉRICA|URUGUAY|PROGRESEMOS	0
AMÉRICA|URUGUAY|RENOVACIÓN POPULAR	188
AMÉRICA|URUGUAY|SALVEMOS AL PERÚ	1
AMÉRICA|URUGUAY|UN CAMINO DIFERENTE	3
AMÉRICA|URUGUAY|UNIDAD NACIONAL	4
AMÉRICA|URUGUAY|VOTOS EN BLANCO	184
AMÉRICA|URUGUAY|VOTOS NULOS	46
AMÉRICA|VENEZUELA|AHORA NACIÓN - AN	0
AMÉRICA|VENEZUELA|ALIANZA ELECTORAL VENCEREMOS	0
AMÉRICA|VENEZUELA|ALIANZA PARA EL PROGRESO	0
AMÉRICA|VENEZUELA|AVANZA PAÍS - PARTIDO DE INTEGRACIÓN SOCIAL	0
AMÉRICA|VENEZUELA|FE EN EL PERÚ	0
AMÉRICA|VENEZUELA|FUERZA POPULAR	0
AMÉRICA|VENEZUELA|FUERZA Y LIBERTAD	0
AMÉRICA|VENEZUELA|JUNTOS POR EL PERÚ	0
AMÉRICA|VENEZUELA|LIBERTAD POPULAR	0
AMÉRICA|VENEZUELA|PARTIDO APRISTA PERUANO	0
AMÉRICA|VENEZUELA|PARTIDO CÍVICO OBRAS	0
AMÉRICA|VENEZUELA|PARTIDO DE LOS TRABAJADORES Y EMPRENDEDORES PTE - PERÚ	0
AMÉRICA|VENEZUELA|PARTIDO DEL BUEN GOBIERNO	0
AMÉRICA|VENEZUELA|PARTIDO DEMOCRATICO FEDERAL	0
AMÉRICA|VENEZUELA|PARTIDO DEMOCRÁTICO SOMOS PERÚ	0
AMÉRICA|VENEZUELA|PARTIDO DEMÓCRATA UNIDO PERÚ	0
AMÉRICA|VENEZUELA|PARTIDO DEMÓCRATA VERDE	0
AMÉRICA|VENEZUELA|PARTIDO FRENTE DE LA ESPERANZA 2021	0
AMÉRICA|VENEZUELA|PARTIDO MORADO	0
AMÉRICA|VENEZUELA|PARTIDO PATRIÓTICO DEL PERÚ	0
AMÉRICA|VENEZUELA|PARTIDO PAÍS PARA TODOS	0
AMÉRICA|VENEZUELA|PARTIDO POLÍTICO COOPERACIÓN POPULAR	0
AMÉRICA|VENEZUELA|PARTIDO POLÍTICO INTEGRIDAD DEMOCRÁTICA	0
AMÉRICA|VENEZUELA|PARTIDO POLÍTICO NACIONAL PERÚ LIBRE	0
AMÉRICA|VENEZUELA|PARTIDO POLÍTICO PERÚ ACCIÓN	0
AMÉRICA|VENEZUELA|PARTIDO POLÍTICO PERÚ PRIMERO	0
AMÉRICA|VENEZUELA|PARTIDO POLÍTICO PRIN	0
AMÉRICA|VENEZUELA|PARTIDO SICREO	0
AMÉRICA|VENEZUELA|PERÚ MODERNO	0
AMÉRICA|VENEZUELA|PODEMOS PERÚ	0
AMÉRICA|VENEZUELA|PRIMERO LA GENTE – COMUNIDAD, ECOLOGÍA, LIBERTAD Y PROGRESO	0
AMÉRICA|VENEZUELA|PROGRESEMOS	0
AMÉRICA|VENEZUELA|RENOVACIÓN POPULAR	0
AMÉRICA|VENEZUELA|SALVEMOS AL PERÚ	0
AMÉRICA|VENEZUELA|UN CAMINO DIFERENTE	0
AMÉRICA|VENEZUELA|UNIDAD NACIONAL	0
AMÉRICA|VENEZUELA|VOTOS EN BLANCO	0
APURÍMAC|ABANCAY|AHORA NACIÓN - AN	8446
APURÍMAC|ABANCAY|ALIANZA ELECTORAL VENCEREMOS	426
APURÍMAC|ABANCAY|ALIANZA PARA EL PROGRESO	270
APURÍMAC|ABANCAY|AVANZA PAÍS - PARTIDO DE INTEGRACIÓN SOCIAL	30
APURÍMAC|ABANCAY|FE EN EL PERÚ	84
APURÍMAC|ABANCAY|FUERZA POPULAR	5630
APURÍMAC|ABANCAY|FUERZA Y LIBERTAD	88
APURÍMAC|ABANCAY|JUNTOS POR EL PERÚ	14739
APURÍMAC|ABANCAY|LIBERTAD POPULAR	151
APURÍMAC|ABANCAY|PARTIDO APRISTA PERUANO	286
APURÍMAC|ABANCAY|PARTIDO CÍVICO OBRAS	8023
APURÍMAC|ABANCAY|PARTIDO DE LOS TRABAJADORES Y EMPRENDEDORES PTE - PERÚ	25
APURÍMAC|ABANCAY|PARTIDO DEL BUEN GOBIERNO	3490
APURÍMAC|ABANCAY|PARTIDO DEMOCRATICO FEDERAL	68
APURÍMAC|ABANCAY|PARTIDO DEMOCRÁTICO SOMOS PERÚ	191
APURÍMAC|ABANCAY|PARTIDO DEMÓCRATA UNIDO PERÚ	1465
APURÍMAC|ABANCAY|PARTIDO DEMÓCRATA VERDE	227
APURÍMAC|ABANCAY|PARTIDO FRENTE DE LA ESPERANZA 2021	903
APURÍMAC|ABANCAY|PARTIDO MORADO	327
APURÍMAC|ABANCAY|PARTIDO PATRIÓTICO DEL PERÚ	523
APURÍMAC|ABANCAY|PARTIDO PAÍS PARA TODOS	1322
APURÍMAC|ABANCAY|PARTIDO POLÍTICO COOPERACIÓN POPULAR	471
APURÍMAC|ABANCAY|PARTIDO POLÍTICO INTEGRIDAD DEMOCRÁTICA	142
APURÍMAC|ABANCAY|PARTIDO POLÍTICO NACIONAL PERÚ LIBRE	393
APURÍMAC|ABANCAY|PARTIDO POLÍTICO PERÚ ACCIÓN	115
APURÍMAC|ABANCAY|PARTIDO POLÍTICO PERÚ PRIMERO	358
APURÍMAC|ABANCAY|PARTIDO POLÍTICO PRIN	82
APURÍMAC|ABANCAY|PARTIDO SICREO	1442
APURÍMAC|ABANCAY|PERÚ MODERNO	18
APURÍMAC|ABANCAY|PODEMOS PERÚ	565
APURÍMAC|ABANCAY|PRIMERO LA GENTE – COMUNIDAD, ECOLOGÍA, LIBERTAD Y PROGRESO	1048
APURÍMAC|ABANCAY|PROGRESEMOS	600
APURÍMAC|ABANCAY|RENOVACIÓN POPULAR	2843
APURÍMAC|ABANCAY|SALVEMOS AL PERÚ	99
APURÍMAC|ABANCAY|UN CAMINO DIFERENTE	74
APURÍMAC|ABANCAY|UNIDAD NACIONAL	71
APURÍMAC|ABANCAY|VOTOS EN BLANCO	8437
APURÍMAC|ABANCAY|VOTOS NULOS	3488
APURÍMAC|ANDAHUAYLAS|AHORA NACIÓN - AN	7179
APURÍMAC|ANDAHUAYLAS|ALIANZA ELECTORAL VENCEREMOS	601
APURÍMAC|ANDAHUAYLAS|ALIANZA PARA EL PROGRESO	239
APURÍMAC|ANDAHUAYLAS|AVANZA PAÍS - PARTIDO DE INTEGRACIÓN SOCIAL	77
APURÍMAC|ANDAHUAYLAS|FE EN EL PERÚ	119
APURÍMAC|ANDAHUAYLAS|FUERZA POPULAR	4031
APURÍMAC|ANDAHUAYLAS|FUERZA Y LIBERTAD	97
APURÍMAC|ANDAHUAYLAS|JUNTOS POR EL PERÚ	32659
APURÍMAC|ANDAHUAYLAS|LIBERTAD POPULAR	191
APURÍMAC|ANDAHUAYLAS|PARTIDO APRISTA PERUANO	210
APURÍMAC|ANDAHUAYLAS|PARTIDO CÍVICO OBRAS	10575
APURÍMAC|ANDAHUAYLAS|PARTIDO DE LOS TRABAJADORES Y EMPRENDEDORES PTE - PERÚ	35
APURÍMAC|ANDAHUAYLAS|PARTIDO DEL BUEN GOBIERNO	2133
APURÍMAC|ANDAHUAYLAS|PARTIDO DEMOCRATICO FEDERAL	131
APURÍMAC|ANDAHUAYLAS|PARTIDO DEMOCRÁTICO SOMOS PERÚ	130
APURÍMAC|ANDAHUAYLAS|PARTIDO DEMÓCRATA UNIDO PERÚ	5659
APURÍMAC|ANDAHUAYLAS|PARTIDO DEMÓCRATA VERDE	301
APURÍMAC|ANDAHUAYLAS|PARTIDO FRENTE DE LA ESPERANZA 2021	800
APURÍMAC|ANDAHUAYLAS|PARTIDO MORADO	185
APURÍMAC|ANDAHUAYLAS|PARTIDO PATRIÓTICO DEL PERÚ	728
APURÍMAC|ANDAHUAYLAS|PARTIDO PAÍS PARA TODOS	851
APURÍMAC|ANDAHUAYLAS|PARTIDO POLÍTICO COOPERACIÓN POPULAR	402
APURÍMAC|ANDAHUAYLAS|PARTIDO POLÍTICO INTEGRIDAD DEMOCRÁTICA	107
APURÍMAC|ANDAHUAYLAS|PARTIDO POLÍTICO NACIONAL PERÚ LIBRE	596
APURÍMAC|ANDAHUAYLAS|PARTIDO POLÍTICO PERÚ ACCIÓN	175
APURÍMAC|ANDAHUAYLAS|PARTIDO POLÍTICO PERÚ PRIMERO	245
APURÍMAC|ANDAHUAYLAS|PARTIDO POLÍTICO PRIN	43
APURÍMAC|ANDAHUAYLAS|PARTIDO SICREO	1160
APURÍMAC|ANDAHUAYLAS|PERÚ MODERNO	13
APURÍMAC|ANDAHUAYLAS|PODEMOS PERÚ	1014
APURÍMAC|ANDAHUAYLAS|PRIMERO LA GENTE – COMUNIDAD, ECOLOGÍA, LIBERTAD Y PROGRESO	695
APURÍMAC|ANDAHUAYLAS|PROGRESEMOS	773
APURÍMAC|ANDAHUAYLAS|RENOVACIÓN POPULAR	2202
APURÍMAC|ANDAHUAYLAS|SALVEMOS AL PERÚ	204
APURÍMAC|ANDAHUAYLAS|UN CAMINO DIFERENTE	90
APURÍMAC|ANDAHUAYLAS|UNIDAD NACIONAL	69
APURÍMAC|ANDAHUAYLAS|VOTOS EN BLANCO	13540
APURÍMAC|ANDAHUAYLAS|VOTOS NULOS	5271
APURÍMAC|ANTABAMBA|AHORA NACIÓN - AN	478
APURÍMAC|ANTABAMBA|ALIANZA ELECTORAL VENCEREMOS	77
APURÍMAC|ANTABAMBA|ALIANZA PARA EL PROGRESO	31
APURÍMAC|ANTABAMBA|AVANZA PAÍS - PARTIDO DE INTEGRACIÓN SOCIAL	1
APURÍMAC|ANTABAMBA|FE EN EL PERÚ	10
APURÍMAC|ANTABAMBA|FUERZA POPULAR	266
APURÍMAC|ANTABAMBA|FUERZA Y LIBERTAD	2
APURÍMAC|ANTABAMBA|JUNTOS POR EL PERÚ	2530
APURÍMAC|ANTABAMBA|LIBERTAD POPULAR	12
APURÍMAC|ANTABAMBA|PARTIDO APRISTA PERUANO	20
APURÍMAC|ANTABAMBA|PARTIDO CÍVICO OBRAS	755
APURÍMAC|ANTABAMBA|PARTIDO DE LOS TRABAJADORES Y EMPRENDEDORES PTE - PERÚ	5
APURÍMAC|ANTABAMBA|PARTIDO DEL BUEN GOBIERNO	108
APURÍMAC|ANTABAMBA|PARTIDO DEMOCRATICO FEDERAL	6
APURÍMAC|ANTABAMBA|PARTIDO DEMOCRÁTICO SOMOS PERÚ	25
APURÍMAC|ANTABAMBA|PARTIDO DEMÓCRATA UNIDO PERÚ	73
APURÍMAC|ANTABAMBA|PARTIDO DEMÓCRATA VERDE	30
APURÍMAC|ANTABAMBA|PARTIDO FRENTE DE LA ESPERANZA 2021	68
APURÍMAC|ANTABAMBA|PARTIDO MORADO	6
APURÍMAC|ANTABAMBA|PARTIDO PATRIÓTICO DEL PERÚ	42
APURÍMAC|ANTABAMBA|PARTIDO PAÍS PARA TODOS	57
APURÍMAC|ANTABAMBA|PARTIDO POLÍTICO COOPERACIÓN POPULAR	56
APURÍMAC|ANTABAMBA|PARTIDO POLÍTICO INTEGRIDAD DEMOCRÁTICA	3
APURÍMAC|ANTABAMBA|PARTIDO POLÍTICO NACIONAL PERÚ LIBRE	42
APURÍMAC|ANTABAMBA|PARTIDO POLÍTICO PERÚ ACCIÓN	5
APURÍMAC|ANTABAMBA|PARTIDO POLÍTICO PERÚ PRIMERO	25
APURÍMAC|ANTABAMBA|PARTIDO POLÍTICO PRIN	2
APURÍMAC|ANTABAMBA|PARTIDO SICREO	72
APURÍMAC|ANTABAMBA|PERÚ MODERNO	3
APURÍMAC|ANTABAMBA|PODEMOS PERÚ	122
APURÍMAC|ANTABAMBA|PRIMERO LA GENTE – COMUNIDAD, ECOLOGÍA, LIBERTAD Y PROGRESO	61
APURÍMAC|ANTABAMBA|PROGRESEMOS	31
APURÍMAC|ANTABAMBA|RENOVACIÓN POPULAR	121
APURÍMAC|ANTABAMBA|SALVEMOS AL PERÚ	12
APURÍMAC|ANTABAMBA|UN CAMINO DIFERENTE	5
APURÍMAC|ANTABAMBA|UNIDAD NACIONAL	4
APURÍMAC|ANTABAMBA|VOTOS EN BLANCO	1333
APURÍMAC|ANTABAMBA|VOTOS NULOS	397
APURÍMAC|AYMARAES|AHORA NACIÓN - AN	1756
APURÍMAC|AYMARAES|ALIANZA ELECTORAL VENCEREMOS	178
APURÍMAC|AYMARAES|ALIANZA PARA EL PROGRESO	102
APURÍMAC|AYMARAES|AVANZA PAÍS - PARTIDO DE INTEGRACIÓN SOCIAL	10
APURÍMAC|AYMARAES|FE EN EL PERÚ	25
APURÍMAC|AYMARAES|FUERZA POPULAR	1125
APURÍMAC|AYMARAES|FUERZA Y LIBERTAD	11
APURÍMAC|AYMARAES|JUNTOS POR EL PERÚ	5233
APURÍMAC|AYMARAES|LIBERTAD POPULAR	39
APURÍMAC|AYMARAES|PARTIDO APRISTA PERUANO	60
APURÍMAC|AYMARAES|PARTIDO CÍVICO OBRAS	1862
APURÍMAC|AYMARAES|PARTIDO DE LOS TRABAJADORES Y EMPRENDEDORES PTE - PERÚ	12
APURÍMAC|AYMARAES|PARTIDO DEL BUEN GOBIERNO	421
APURÍMAC|AYMARAES|PARTIDO DEMOCRATICO FEDERAL	30
APURÍMAC|AYMARAES|PARTIDO DEMOCRÁTICO SOMOS PERÚ	30
APURÍMAC|AYMARAES|PARTIDO DEMÓCRATA UNIDO PERÚ	316
APURÍMAC|AYMARAES|PARTIDO DEMÓCRATA VERDE	100
APURÍMAC|AYMARAES|PARTIDO FRENTE DE LA ESPERANZA 2021	178
APURÍMAC|AYMARAES|PARTIDO MORADO	30
APURÍMAC|AYMARAES|PARTIDO PATRIÓTICO DEL PERÚ	175
APURÍMAC|AYMARAES|PARTIDO PAÍS PARA TODOS	218
APURÍMAC|AYMARAES|PARTIDO POLÍTICO COOPERACIÓN POPULAR	105
APURÍMAC|AYMARAES|PARTIDO POLÍTICO INTEGRIDAD DEMOCRÁTICA	16
APURÍMAC|AYMARAES|PARTIDO POLÍTICO NACIONAL PERÚ LIBRE	138
APURÍMAC|AYMARAES|PARTIDO POLÍTICO PERÚ ACCIÓN	28
APURÍMAC|AYMARAES|PARTIDO POLÍTICO PERÚ PRIMERO	57
APURÍMAC|AYMARAES|PARTIDO POLÍTICO PRIN	19
APURÍMAC|AYMARAES|PARTIDO SICREO	201
APURÍMAC|AYMARAES|PERÚ MODERNO	3
APURÍMAC|AYMARAES|PODEMOS PERÚ	266
APURÍMAC|AYMARAES|PRIMERO LA GENTE – COMUNIDAD, ECOLOGÍA, LIBERTAD Y PROGRESO	97
APURÍMAC|AYMARAES|PROGRESEMOS	126
APURÍMAC|AYMARAES|RENOVACIÓN POPULAR	358
APURÍMAC|AYMARAES|SALVEMOS AL PERÚ	48
APURÍMAC|AYMARAES|UN CAMINO DIFERENTE	15
APURÍMAC|AYMARAES|UNIDAD NACIONAL	11
APURÍMAC|AYMARAES|VOTOS EN BLANCO	3217
APURÍMAC|AYMARAES|VOTOS NULOS	871
APURÍMAC|CHINCHEROS|AHORA NACIÓN - AN	1746
APURÍMAC|CHINCHEROS|ALIANZA ELECTORAL VENCEREMOS	284
APURÍMAC|CHINCHEROS|ALIANZA PARA EL PROGRESO	122
APURÍMAC|CHINCHEROS|AVANZA PAÍS - PARTIDO DE INTEGRACIÓN SOCIAL	8
APURÍMAC|CHINCHEROS|FE EN EL PERÚ	51
APURÍMAC|CHINCHEROS|FUERZA POPULAR	1378
APURÍMAC|CHINCHEROS|FUERZA Y LIBERTAD	18
APURÍMAC|CHINCHEROS|JUNTOS POR EL PERÚ	11160
APURÍMAC|CHINCHEROS|LIBERTAD POPULAR	34
APURÍMAC|CHINCHEROS|PARTIDO APRISTA PERUANO	44
APURÍMAC|CHINCHEROS|PARTIDO CÍVICO OBRAS	2714
APURÍMAC|CHINCHEROS|PARTIDO DE LOS TRABAJADORES Y EMPRENDEDORES PTE - PERÚ	11
APURÍMAC|CHINCHEROS|PARTIDO DEL BUEN GOBIERNO	352
APURÍMAC|CHINCHEROS|PARTIDO DEMOCRATICO FEDERAL	35
APURÍMAC|CHINCHEROS|PARTIDO DEMOCRÁTICO SOMOS PERÚ	27
APURÍMAC|CHINCHEROS|PARTIDO DEMÓCRATA UNIDO PERÚ	883
APURÍMAC|CHINCHEROS|PARTIDO DEMÓCRATA VERDE	88
APURÍMAC|CHINCHEROS|PARTIDO FRENTE DE LA ESPERANZA 2021	178
APURÍMAC|CHINCHEROS|PARTIDO MORADO	47
APURÍMAC|CHINCHEROS|PARTIDO PATRIÓTICO DEL PERÚ	269
APURÍMAC|CHINCHEROS|PARTIDO PAÍS PARA TODOS	189
APURÍMAC|CHINCHEROS|PARTIDO POLÍTICO COOPERACIÓN POPULAR	153
APURÍMAC|CHINCHEROS|PARTIDO POLÍTICO INTEGRIDAD DEMOCRÁTICA	16
APURÍMAC|CHINCHEROS|PARTIDO POLÍTICO NACIONAL PERÚ LIBRE	186
APURÍMAC|CHINCHEROS|PARTIDO POLÍTICO PERÚ ACCIÓN	38
APURÍMAC|CHINCHEROS|PARTIDO POLÍTICO PERÚ PRIMERO	79
APURÍMAC|CHINCHEROS|PARTIDO POLÍTICO PRIN	14
APURÍMAC|CHINCHEROS|PARTIDO SICREO	199
APURÍMAC|CHINCHEROS|PERÚ MODERNO	4
APURÍMAC|CHINCHEROS|PODEMOS PERÚ	630
APURÍMAC|CHINCHEROS|PRIMERO LA GENTE – COMUNIDAD, ECOLOGÍA, LIBERTAD Y PROGRESO	124
APURÍMAC|CHINCHEROS|PROGRESEMOS	162
APURÍMAC|CHINCHEROS|RENOVACIÓN POPULAR	421
APURÍMAC|CHINCHEROS|SALVEMOS AL PERÚ	50
APURÍMAC|CHINCHEROS|UN CAMINO DIFERENTE	18
APURÍMAC|CHINCHEROS|UNIDAD NACIONAL	19
APURÍMAC|CHINCHEROS|VOTOS EN BLANCO	4459
APURÍMAC|CHINCHEROS|VOTOS NULOS	1664
APURÍMAC|COTABAMBAS|AHORA NACIÓN - AN	1155
APURÍMAC|COTABAMBAS|ALIANZA ELECTORAL VENCEREMOS	322
APURÍMAC|COTABAMBAS|ALIANZA PARA EL PROGRESO	80
APURÍMAC|COTABAMBAS|AVANZA PAÍS - PARTIDO DE INTEGRACIÓN SOCIAL	22
APURÍMAC|COTABAMBAS|FE EN EL PERÚ	52
APURÍMAC|COTABAMBAS|FUERZA POPULAR	944
APURÍMAC|COTABAMBAS|FUERZA Y LIBERTAD	13
APURÍMAC|COTABAMBAS|JUNTOS POR EL PERÚ	10234
APURÍMAC|COTABAMBAS|LIBERTAD POPULAR	499
APURÍMAC|COTABAMBAS|PARTIDO APRISTA PERUANO	28
APURÍMAC|COTABAMBAS|PARTIDO CÍVICO OBRAS	3531
APURÍMAC|COTABAMBAS|PARTIDO DE LOS TRABAJADORES Y EMPRENDEDORES PTE - PERÚ	17
APURÍMAC|COTABAMBAS|PARTIDO DEL BUEN GOBIERNO	540
APURÍMAC|COTABAMBAS|PARTIDO DEMOCRATICO FEDERAL	32
APURÍMAC|COTABAMBAS|PARTIDO DEMOCRÁTICO SOMOS PERÚ	25
APURÍMAC|COTABAMBAS|PARTIDO DEMÓCRATA UNIDO PERÚ	235
APURÍMAC|COTABAMBAS|PARTIDO DEMÓCRATA VERDE	128
APURÍMAC|COTABAMBAS|PARTIDO FRENTE DE LA ESPERANZA 2021	353
APURÍMAC|COTABAMBAS|PARTIDO MORADO	36
APURÍMAC|COTABAMBAS|PARTIDO PATRIÓTICO DEL PERÚ	243
APURÍMAC|COTABAMBAS|PARTIDO PAÍS PARA TODOS	193
APURÍMAC|COTABAMBAS|PARTIDO POLÍTICO COOPERACIÓN POPULAR	148
APURÍMAC|COTABAMBAS|PARTIDO POLÍTICO INTEGRIDAD DEMOCRÁTICA	27
APURÍMAC|COTABAMBAS|PARTIDO POLÍTICO NACIONAL PERÚ LIBRE	439
APURÍMAC|COTABAMBAS|PARTIDO POLÍTICO PERÚ ACCIÓN	40
APURÍMAC|COTABAMBAS|PARTIDO POLÍTICO PERÚ PRIMERO	173
APURÍMAC|COTABAMBAS|PARTIDO POLÍTICO PRIN	9
APURÍMAC|COTABAMBAS|PARTIDO SICREO	209
APURÍMAC|COTABAMBAS|PERÚ MODERNO	5
APURÍMAC|COTABAMBAS|PODEMOS PERÚ	296
APURÍMAC|COTABAMBAS|PRIMERO LA GENTE – COMUNIDAD, ECOLOGÍA, LIBERTAD Y PROGRESO	143
APURÍMAC|COTABAMBAS|PROGRESEMOS	125
APURÍMAC|COTABAMBAS|RENOVACIÓN POPULAR	282
APURÍMAC|COTABAMBAS|SALVEMOS AL PERÚ	123
APURÍMAC|COTABAMBAS|UN CAMINO DIFERENTE	19
APURÍMAC|COTABAMBAS|UNIDAD NACIONAL	4
APURÍMAC|COTABAMBAS|VOTOS EN BLANCO	6349
APURÍMAC|COTABAMBAS|VOTOS NULOS	2062
APURÍMAC|GRAU|AHORA NACIÓN - AN	804
APURÍMAC|GRAU|ALIANZA ELECTORAL VENCEREMOS	126
APURÍMAC|GRAU|ALIANZA PARA EL PROGRESO	70
APURÍMAC|GRAU|AVANZA PAÍS - PARTIDO DE INTEGRACIÓN SOCIAL	3
APURÍMAC|GRAU|FE EN EL PERÚ	26
APURÍMAC|GRAU|FUERZA POPULAR	431
APURÍMAC|GRAU|FUERZA Y LIBERTAD	12
APURÍMAC|GRAU|JUNTOS POR EL PERÚ	5450
APURÍMAC|GRAU|LIBERTAD POPULAR	38
APURÍMAC|GRAU|PARTIDO APRISTA PERUANO	17
APURÍMAC|GRAU|PARTIDO CÍVICO OBRAS	856
APURÍMAC|GRAU|PARTIDO DE LOS TRABAJADORES Y EMPRENDEDORES PTE - PERÚ	6
APURÍMAC|GRAU|PARTIDO DEL BUEN GOBIERNO	235
APURÍMAC|GRAU|PARTIDO DEMOCRATICO FEDERAL	16
APURÍMAC|GRAU|PARTIDO DEMOCRÁTICO SOMOS PERÚ	21
APURÍMAC|GRAU|PARTIDO DEMÓCRATA UNIDO PERÚ	102
APURÍMAC|GRAU|PARTIDO DEMÓCRATA VERDE	75
APURÍMAC|GRAU|PARTIDO FRENTE DE LA ESPERANZA 2021	78
APURÍMAC|GRAU|PARTIDO MORADO	16
APURÍMAC|GRAU|PARTIDO PATRIÓTICO DEL PERÚ	77
APURÍMAC|GRAU|PARTIDO PAÍS PARA TODOS	85
APURÍMAC|GRAU|PARTIDO POLÍTICO COOPERACIÓN POPULAR	63
APURÍMAC|GRAU|PARTIDO POLÍTICO INTEGRIDAD DEMOCRÁTICA	7
APURÍMAC|GRAU|PARTIDO POLÍTICO NACIONAL PERÚ LIBRE	91
APURÍMAC|GRAU|PARTIDO POLÍTICO PERÚ ACCIÓN	23
APURÍMAC|GRAU|PARTIDO POLÍTICO PERÚ PRIMERO	37
APURÍMAC|GRAU|PARTIDO POLÍTICO PRIN	7
APURÍMAC|GRAU|PARTIDO SICREO	108
APURÍMAC|GRAU|PERÚ MODERNO	4
APURÍMAC|GRAU|PODEMOS PERÚ	212
APURÍMAC|GRAU|PRIMERO LA GENTE – COMUNIDAD, ECOLOGÍA, LIBERTAD Y PROGRESO	59
APURÍMAC|GRAU|PROGRESEMOS	74
APURÍMAC|GRAU|RENOVACIÓN POPULAR	102
APURÍMAC|GRAU|SALVEMOS AL PERÚ	49
APURÍMAC|GRAU|UN CAMINO DIFERENTE	6
APURÍMAC|GRAU|UNIDAD NACIONAL	6
APURÍMAC|GRAU|VOTOS EN BLANCO	2283
APURÍMAC|GRAU|VOTOS NULOS	723
AREQUIPA|AREQUIPA|AHORA NACIÓN - AN	69432
AREQUIPA|AREQUIPA|ALIANZA ELECTORAL VENCEREMOS	6524
AREQUIPA|AREQUIPA|ALIANZA PARA EL PROGRESO	2823
AREQUIPA|AREQUIPA|AVANZA PAÍS - PARTIDO DE INTEGRACIÓN SOCIAL	818
AREQUIPA|AREQUIPA|FE EN EL PERÚ	885
AREQUIPA|AREQUIPA|FUERZA POPULAR	48027
AREQUIPA|AREQUIPA|FUERZA Y LIBERTAD	1242
AREQUIPA|AREQUIPA|JUNTOS POR EL PERÚ	54095
AREQUIPA|AREQUIPA|LIBERTAD POPULAR	1345
AREQUIPA|AREQUIPA|PARTIDO APRISTA PERUANO	3842
AREQUIPA|AREQUIPA|PARTIDO CÍVICO OBRAS	70216
AREQUIPA|AREQUIPA|PARTIDO DE LOS TRABAJADORES Y EMPRENDEDORES PTE - PERÚ	516
AREQUIPA|AREQUIPA|PARTIDO DEL BUEN GOBIERNO	147047
AREQUIPA|AREQUIPA|PARTIDO DEMOCRATICO FEDERAL	1374
AREQUIPA|AREQUIPA|PARTIDO DEMOCRÁTICO SOMOS PERÚ	3004
AREQUIPA|AREQUIPA|PARTIDO DEMÓCRATA UNIDO PERÚ	5594
AREQUIPA|AREQUIPA|PARTIDO DEMÓCRATA VERDE	1956
AREQUIPA|AREQUIPA|PARTIDO FRENTE DE LA ESPERANZA 2021	23615
AREQUIPA|AREQUIPA|PARTIDO MORADO	4441
AREQUIPA|AREQUIPA|PARTIDO PATRIÓTICO DEL PERÚ	5898
AREQUIPA|AREQUIPA|PARTIDO PAÍS PARA TODOS	60598
AREQUIPA|AREQUIPA|PARTIDO POLÍTICO COOPERACIÓN POPULAR	16377
AREQUIPA|AREQUIPA|PARTIDO POLÍTICO INTEGRIDAD DEMOCRÁTICA	2747
AREQUIPA|AREQUIPA|PARTIDO POLÍTICO NACIONAL PERÚ LIBRE	3766
AREQUIPA|AREQUIPA|PARTIDO POLÍTICO PERÚ ACCIÓN	1275
AREQUIPA|AREQUIPA|PARTIDO POLÍTICO PERÚ PRIMERO	5799
AREQUIPA|AREQUIPA|PARTIDO POLÍTICO PRIN	451
AREQUIPA|AREQUIPA|PARTIDO SICREO	34510
AREQUIPA|AREQUIPA|PERÚ MODERNO	525
AREQUIPA|AREQUIPA|PODEMOS PERÚ	5842
AREQUIPA|AREQUIPA|PRIMERO LA GENTE – COMUNIDAD, ECOLOGÍA, LIBERTAD Y PROGRESO	35959
AREQUIPA|AREQUIPA|PROGRESEMOS	2743
AREQUIPA|AREQUIPA|RENOVACIÓN POPULAR	83318
AREQUIPA|AREQUIPA|SALVEMOS AL PERÚ	615
AREQUIPA|AREQUIPA|UN CAMINO DIFERENTE	1316
AREQUIPA|AREQUIPA|UNIDAD NACIONAL	2326
AREQUIPA|AREQUIPA|VOTOS EN BLANCO	50437
AREQUIPA|AREQUIPA|VOTOS NULOS	29401
AREQUIPA|CAMANÁ|AHORA NACIÓN - AN	2153
AREQUIPA|CAMANÁ|ALIANZA ELECTORAL VENCEREMOS	329
AREQUIPA|CAMANÁ|ALIANZA PARA EL PROGRESO	136
AREQUIPA|CAMANÁ|AVANZA PAÍS - PARTIDO DE INTEGRACIÓN SOCIAL	29
AREQUIPA|CAMANÁ|FE EN EL PERÚ	50
AREQUIPA|CAMANÁ|FUERZA POPULAR	4728
AREQUIPA|CAMANÁ|FUERZA Y LIBERTAD	39
AREQUIPA|CAMANÁ|JUNTOS POR EL PERÚ	5499
AREQUIPA|CAMANÁ|LIBERTAD POPULAR	52
AREQUIPA|CAMANÁ|PARTIDO APRISTA PERUANO	203
AREQUIPA|CAMANÁ|PARTIDO CÍVICO OBRAS	3899
AREQUIPA|CAMANÁ|PARTIDO DE LOS TRABAJADORES Y EMPRENDEDORES PTE - PERÚ	24
AREQUIPA|CAMANÁ|PARTIDO DEL BUEN GOBIERNO	3252
AREQUIPA|CAMANÁ|PARTIDO DEMOCRATICO FEDERAL	46
AREQUIPA|CAMANÁ|PARTIDO DEMOCRÁTICO SOMOS PERÚ	156
AREQUIPA|CAMANÁ|PARTIDO DEMÓCRATA UNIDO PERÚ	436
AREQUIPA|CAMANÁ|PARTIDO DEMÓCRATA VERDE	143
AREQUIPA|CAMANÁ|PARTIDO FRENTE DE LA ESPERANZA 2021	954
AREQUIPA|CAMANÁ|PARTIDO MORADO	139
AREQUIPA|CAMANÁ|PARTIDO PATRIÓTICO DEL PERÚ	286
AREQUIPA|CAMANÁ|PARTIDO PAÍS PARA TODOS	3953
AREQUIPA|CAMANÁ|PARTIDO POLÍTICO COOPERACIÓN POPULAR	636
AREQUIPA|CAMANÁ|PARTIDO POLÍTICO INTEGRIDAD DEMOCRÁTICA	119
AREQUIPA|CAMANÁ|PARTIDO POLÍTICO NACIONAL PERÚ LIBRE	290
AREQUIPA|CAMANÁ|PARTIDO POLÍTICO PERÚ ACCIÓN	68
AREQUIPA|CAMANÁ|PARTIDO POLÍTICO PERÚ PRIMERO	448
AREQUIPA|CAMANÁ|PARTIDO POLÍTICO PRIN	24
AREQUIPA|CAMANÁ|PARTIDO SICREO	1161
AREQUIPA|CAMANÁ|PERÚ MODERNO	31
AREQUIPA|CAMANÁ|PODEMOS PERÚ	421
AREQUIPA|CAMANÁ|PRIMERO LA GENTE – COMUNIDAD, ECOLOGÍA, LIBERTAD Y PROGRESO	792
AREQUIPA|CAMANÁ|PROGRESEMOS	175
AREQUIPA|CAMANÁ|RENOVACIÓN POPULAR	3073
AREQUIPA|CAMANÁ|SALVEMOS AL PERÚ	50
AREQUIPA|CAMANÁ|UN CAMINO DIFERENTE	102
AREQUIPA|CAMANÁ|UNIDAD NACIONAL	79
AREQUIPA|CAMANÁ|VOTOS EN BLANCO	4489
AREQUIPA|CAMANÁ|VOTOS NULOS	1947
AREQUIPA|CARAVELÍ|AHORA NACIÓN - AN	941
AREQUIPA|CARAVELÍ|ALIANZA ELECTORAL VENCEREMOS	130
AREQUIPA|CARAVELÍ|ALIANZA PARA EL PROGRESO	58
AREQUIPA|CARAVELÍ|AVANZA PAÍS - PARTIDO DE INTEGRACIÓN SOCIAL	16
AREQUIPA|CARAVELÍ|FE EN EL PERÚ	44
AREQUIPA|CARAVELÍ|FUERZA POPULAR	4238
AREQUIPA|CARAVELÍ|FUERZA Y LIBERTAD	16
AREQUIPA|CARAVELÍ|JUNTOS POR EL PERÚ	4281
AREQUIPA|CARAVELÍ|LIBERTAD POPULAR	31
AREQUIPA|CARAVELÍ|PARTIDO APRISTA PERUANO	79
AREQUIPA|CARAVELÍ|PARTIDO CÍVICO OBRAS	2490
AREQUIPA|CARAVELÍ|PARTIDO DE LOS TRABAJADORES Y EMPRENDEDORES PTE - PERÚ	7
AREQUIPA|CARAVELÍ|PARTIDO DEL BUEN GOBIERNO	1270
AREQUIPA|CARAVELÍ|PARTIDO DEMOCRATICO FEDERAL	17
AREQUIPA|CARAVELÍ|PARTIDO DEMOCRÁTICO SOMOS PERÚ	75
AREQUIPA|CARAVELÍ|PARTIDO DEMÓCRATA UNIDO PERÚ	267
AREQUIPA|CARAVELÍ|PARTIDO DEMÓCRATA VERDE	79
AREQUIPA|CARAVELÍ|PARTIDO FRENTE DE LA ESPERANZA 2021	377
AREQUIPA|CARAVELÍ|PARTIDO MORADO	62
AREQUIPA|CARAVELÍ|PARTIDO PATRIÓTICO DEL PERÚ	179
AREQUIPA|CARAVELÍ|PARTIDO PAÍS PARA TODOS	1137
AREQUIPA|CARAVELÍ|PARTIDO POLÍTICO COOPERACIÓN POPULAR	348
AREQUIPA|CARAVELÍ|PARTIDO POLÍTICO INTEGRIDAD DEMOCRÁTICA	43
AREQUIPA|CARAVELÍ|PARTIDO POLÍTICO NACIONAL PERÚ LIBRE	115
AREQUIPA|CARAVELÍ|PARTIDO POLÍTICO PERÚ ACCIÓN	38
AREQUIPA|CARAVELÍ|PARTIDO POLÍTICO PERÚ PRIMERO	133
AREQUIPA|CARAVELÍ|PARTIDO POLÍTICO PRIN	12
AREQUIPA|CARAVELÍ|PARTIDO SICREO	453
AREQUIPA|CARAVELÍ|PERÚ MODERNO	12
AREQUIPA|CARAVELÍ|PODEMOS PERÚ	266
AREQUIPA|CARAVELÍ|PRIMERO LA GENTE – COMUNIDAD, ECOLOGÍA, LIBERTAD Y PROGRESO	289
AREQUIPA|CARAVELÍ|PROGRESEMOS	92
AREQUIPA|CARAVELÍ|RENOVACIÓN POPULAR	1192
AREQUIPA|CARAVELÍ|SALVEMOS AL PERÚ	21
AREQUIPA|CARAVELÍ|UN CAMINO DIFERENTE	58
AREQUIPA|CARAVELÍ|UNIDAD NACIONAL	34
AREQUIPA|CARAVELÍ|VOTOS EN BLANCO	3159
AREQUIPA|CARAVELÍ|VOTOS NULOS	965
AREQUIPA|CASTILLA|AHORA NACIÓN - AN	1400
AREQUIPA|CASTILLA|ALIANZA ELECTORAL VENCEREMOS	187
AREQUIPA|CASTILLA|ALIANZA PARA EL PROGRESO	116
AREQUIPA|CASTILLA|AVANZA PAÍS - PARTIDO DE INTEGRACIÓN SOCIAL	20
AREQUIPA|CASTILLA|FE EN EL PERÚ	30
AREQUIPA|CASTILLA|FUERZA POPULAR	1481
AREQUIPA|CASTILLA|FUERZA Y LIBERTAD	33
AREQUIPA|CASTILLA|JUNTOS POR EL PERÚ	2629
AREQUIPA|CASTILLA|LIBERTAD POPULAR	44
AREQUIPA|CASTILLA|PARTIDO APRISTA PERUANO	153
AREQUIPA|CASTILLA|PARTIDO CÍVICO OBRAS	2012
AREQUIPA|CASTILLA|PARTIDO DE LOS TRABAJADORES Y EMPRENDEDORES PTE - PERÚ	16
AREQUIPA|CASTILLA|PARTIDO DEL BUEN GOBIERNO	1697
AREQUIPA|CASTILLA|PARTIDO DEMOCRATICO FEDERAL	47
AREQUIPA|CASTILLA|PARTIDO DEMOCRÁTICO SOMOS PERÚ	73
AREQUIPA|CASTILLA|PARTIDO DEMÓCRATA UNIDO PERÚ	220
AREQUIPA|CASTILLA|PARTIDO DEMÓCRATA VERDE	108
AREQUIPA|CASTILLA|PARTIDO FRENTE DE LA ESPERANZA 2021	384
AREQUIPA|CASTILLA|PARTIDO MORADO	72
AREQUIPA|CASTILLA|PARTIDO PATRIÓTICO DEL PERÚ	146
AREQUIPA|CASTILLA|PARTIDO PAÍS PARA TODOS	1153
AREQUIPA|CASTILLA|PARTIDO POLÍTICO COOPERACIÓN POPULAR	428
AREQUIPA|CASTILLA|PARTIDO POLÍTICO INTEGRIDAD DEMOCRÁTICA	34
AREQUIPA|CASTILLA|PARTIDO POLÍTICO NACIONAL PERÚ LIBRE	180
AREQUIPA|CASTILLA|PARTIDO POLÍTICO PERÚ ACCIÓN	47
AREQUIPA|CASTILLA|PARTIDO POLÍTICO PERÚ PRIMERO	151
AREQUIPA|CASTILLA|PARTIDO POLÍTICO PRIN	11
AREQUIPA|CASTILLA|PARTIDO SICREO	526
AREQUIPA|CASTILLA|PERÚ MODERNO	13
AREQUIPA|CASTILLA|PODEMOS PERÚ	347
AREQUIPA|CASTILLA|PRIMERO LA GENTE – COMUNIDAD, ECOLOGÍA, LIBERTAD Y PROGRESO	410
AREQUIPA|CASTILLA|PROGRESEMOS	129
AREQUIPA|CASTILLA|RENOVACIÓN POPULAR	929
AREQUIPA|CASTILLA|SALVEMOS AL PERÚ	22
AREQUIPA|CASTILLA|UN CAMINO DIFERENTE	47
AREQUIPA|CASTILLA|UNIDAD NACIONAL	54
AREQUIPA|CASTILLA|VOTOS EN BLANCO	2705
AREQUIPA|CASTILLA|VOTOS NULOS	979
AREQUIPA|CAYLLOMA|AHORA NACIÓN - AN	4361
AREQUIPA|CAYLLOMA|ALIANZA ELECTORAL VENCEREMOS	807
AREQUIPA|CAYLLOMA|ALIANZA PARA EL PROGRESO	205
AREQUIPA|CAYLLOMA|AVANZA PAÍS - PARTIDO DE INTEGRACIÓN SOCIAL	42
AREQUIPA|CAYLLOMA|FE EN EL PERÚ	102
AREQUIPA|CAYLLOMA|FUERZA POPULAR	2498
AREQUIPA|CAYLLOMA|FUERZA Y LIBERTAD	72
AREQUIPA|CAYLLOMA|JUNTOS POR EL PERÚ	13195
AREQUIPA|CAYLLOMA|LIBERTAD POPULAR	84
AREQUIPA|CAYLLOMA|PARTIDO APRISTA PERUANO	131
AREQUIPA|CAYLLOMA|PARTIDO CÍVICO OBRAS	10700
AREQUIPA|CAYLLOMA|PARTIDO DE LOS TRABAJADORES Y EMPRENDEDORES PTE - PERÚ	38
AREQUIPA|CAYLLOMA|PARTIDO DEL BUEN GOBIERNO	5851
AREQUIPA|CAYLLOMA|PARTIDO DEMOCRATICO FEDERAL	93
AREQUIPA|CAYLLOMA|PARTIDO DEMOCRÁTICO SOMOS PERÚ	151
AREQUIPA|CAYLLOMA|PARTIDO DEMÓCRATA UNIDO PERÚ	966
AREQUIPA|CAYLLOMA|PARTIDO DEMÓCRATA VERDE	358
AREQUIPA|CAYLLOMA|PARTIDO FRENTE DE LA ESPERANZA 2021	2195
AREQUIPA|CAYLLOMA|PARTIDO MORADO	255
AREQUIPA|CAYLLOMA|PARTIDO PATRIÓTICO DEL PERÚ	865
AREQUIPA|CAYLLOMA|PARTIDO PAÍS PARA TODOS	2478
AREQUIPA|CAYLLOMA|PARTIDO POLÍTICO COOPERACIÓN POPULAR	1331
AREQUIPA|CAYLLOMA|PARTIDO POLÍTICO INTEGRIDAD DEMOCRÁTICA	110
AREQUIPA|CAYLLOMA|PARTIDO POLÍTICO NACIONAL PERÚ LIBRE	506
AREQUIPA|CAYLLOMA|PARTIDO POLÍTICO PERÚ ACCIÓN	158
AREQUIPA|CAYLLOMA|PARTIDO POLÍTICO PERÚ PRIMERO	319
AREQUIPA|CAYLLOMA|PARTIDO POLÍTICO PRIN	47
AREQUIPA|CAYLLOMA|PARTIDO SICREO	2538
AREQUIPA|CAYLLOMA|PERÚ MODERNO	44
AREQUIPA|CAYLLOMA|PODEMOS PERÚ	953
AREQUIPA|CAYLLOMA|PRIMERO LA GENTE – COMUNIDAD, ECOLOGÍA, LIBERTAD Y PROGRESO	1393
AREQUIPA|CAYLLOMA|PROGRESEMOS	163
AREQUIPA|CAYLLOMA|RENOVACIÓN POPULAR	1636
AREQUIPA|CAYLLOMA|SALVEMOS AL PERÚ	73
AREQUIPA|CAYLLOMA|UN CAMINO DIFERENTE	153
AREQUIPA|CAYLLOMA|UNIDAD NACIONAL	114
AREQUIPA|CAYLLOMA|VOTOS EN BLANCO	7224
AREQUIPA|CAYLLOMA|VOTOS NULOS	2787
AREQUIPA|CONDESUYOS|AHORA NACIÓN - AN	547
AREQUIPA|CONDESUYOS|ALIANZA ELECTORAL VENCEREMOS	98
AREQUIPA|CONDESUYOS|ALIANZA PARA EL PROGRESO	48
AREQUIPA|CONDESUYOS|AVANZA PAÍS - PARTIDO DE INTEGRACIÓN SOCIAL	6
AREQUIPA|CONDESUYOS|FE EN EL PERÚ	15
AREQUIPA|CONDESUYOS|FUERZA POPULAR	539
AREQUIPA|CONDESUYOS|FUERZA Y LIBERTAD	5
AREQUIPA|CONDESUYOS|JUNTOS POR EL PERÚ	2384
AREQUIPA|CONDESUYOS|LIBERTAD POPULAR	9
AREQUIPA|CONDESUYOS|PARTIDO APRISTA PERUANO	59
AREQUIPA|CONDESUYOS|PARTIDO CÍVICO OBRAS	970
AREQUIPA|CONDESUYOS|PARTIDO DE LOS TRABAJADORES Y EMPRENDEDORES PTE - PERÚ	2
AREQUIPA|CONDESUYOS|PARTIDO DEL BUEN GOBIERNO	633
AREQUIPA|CONDESUYOS|PARTIDO DEMOCRATICO FEDERAL	9
AREQUIPA|CONDESUYOS|PARTIDO DEMOCRÁTICO SOMOS PERÚ	37
AREQUIPA|CONDESUYOS|PARTIDO DEMÓCRATA UNIDO PERÚ	88
AREQUIPA|CONDESUYOS|PARTIDO DEMÓCRATA VERDE	49
AREQUIPA|CONDESUYOS|PARTIDO FRENTE DE LA ESPERANZA 2021	145
AREQUIPA|CONDESUYOS|PARTIDO MORADO	23
AREQUIPA|CONDESUYOS|PARTIDO PATRIÓTICO DEL PERÚ	72
AREQUIPA|CONDESUYOS|PARTIDO PAÍS PARA TODOS	291
AREQUIPA|CONDESUYOS|PARTIDO POLÍTICO COOPERACIÓN POPULAR	134
AREQUIPA|CONDESUYOS|PARTIDO POLÍTICO INTEGRIDAD DEMOCRÁTICA	14
AREQUIPA|CONDESUYOS|PARTIDO POLÍTICO NACIONAL PERÚ LIBRE	82
AREQUIPA|CONDESUYOS|PARTIDO POLÍTICO PERÚ ACCIÓN	21
AREQUIPA|CONDESUYOS|PARTIDO POLÍTICO PERÚ PRIMERO	44
AREQUIPA|CONDESUYOS|PARTIDO POLÍTICO PRIN	8
AREQUIPA|CONDESUYOS|PARTIDO SICREO	153
AREQUIPA|CONDESUYOS|PERÚ MODERNO	6
AREQUIPA|CONDESUYOS|PODEMOS PERÚ	160
AREQUIPA|CONDESUYOS|PRIMERO LA GENTE – COMUNIDAD, ECOLOGÍA, LIBERTAD Y PROGRESO	106
AREQUIPA|CONDESUYOS|PROGRESEMOS	25
AREQUIPA|CONDESUYOS|RENOVACIÓN POPULAR	209
AREQUIPA|CONDESUYOS|SALVEMOS AL PERÚ	14
AREQUIPA|CONDESUYOS|UN CAMINO DIFERENTE	13
AREQUIPA|CONDESUYOS|UNIDAD NACIONAL	7
AREQUIPA|CONDESUYOS|VOTOS EN BLANCO	1452
AREQUIPA|CONDESUYOS|VOTOS NULOS	491
AREQUIPA|ISLAY|AHORA NACIÓN - AN	2713
AREQUIPA|ISLAY|ALIANZA ELECTORAL VENCEREMOS	389
AREQUIPA|ISLAY|ALIANZA PARA EL PROGRESO	155
AREQUIPA|ISLAY|AVANZA PAÍS - PARTIDO DE INTEGRACIÓN SOCIAL	30
AREQUIPA|ISLAY|FE EN EL PERÚ	38
AREQUIPA|ISLAY|FUERZA POPULAR	2628
AREQUIPA|ISLAY|FUERZA Y LIBERTAD	57
AREQUIPA|ISLAY|JUNTOS POR EL PERÚ	5129
AREQUIPA|ISLAY|LIBERTAD POPULAR	45
AREQUIPA|ISLAY|PARTIDO APRISTA PERUANO	489
AREQUIPA|ISLAY|PARTIDO CÍVICO OBRAS	5132
AREQUIPA|ISLAY|PARTIDO DE LOS TRABAJADORES Y EMPRENDEDORES PTE - PERÚ	36
AREQUIPA|ISLAY|PARTIDO DEL BUEN GOBIERNO	4066
AREQUIPA|ISLAY|PARTIDO DEMOCRATICO FEDERAL	49
AREQUIPA|ISLAY|PARTIDO DEMOCRÁTICO SOMOS PERÚ	119
AREQUIPA|ISLAY|PARTIDO DEMÓCRATA UNIDO PERÚ	306
AREQUIPA|ISLAY|PARTIDO DEMÓCRATA VERDE	147
AREQUIPA|ISLAY|PARTIDO FRENTE DE LA ESPERANZA 2021	1063
AREQUIPA|ISLAY|PARTIDO MORADO	141
AREQUIPA|ISLAY|PARTIDO PATRIÓTICO DEL PERÚ	271
AREQUIPA|ISLAY|PARTIDO PAÍS PARA TODOS	3514
AREQUIPA|ISLAY|PARTIDO POLÍTICO COOPERACIÓN POPULAR	930
AREQUIPA|ISLAY|PARTIDO POLÍTICO INTEGRIDAD DEMOCRÁTICA	123
AREQUIPA|ISLAY|PARTIDO POLÍTICO NACIONAL PERÚ LIBRE	233
AREQUIPA|ISLAY|PARTIDO POLÍTICO PERÚ ACCIÓN	83
AREQUIPA|ISLAY|PARTIDO POLÍTICO PERÚ PRIMERO	221
AREQUIPA|ISLAY|PARTIDO POLÍTICO PRIN	26
AREQUIPA|ISLAY|PARTIDO SICREO	1396
AREQUIPA|ISLAY|PERÚ MODERNO	22
AREQUIPA|ISLAY|PODEMOS PERÚ	545
AREQUIPA|ISLAY|PRIMERO LA GENTE – COMUNIDAD, ECOLOGÍA, LIBERTAD Y PROGRESO	1221
AREQUIPA|ISLAY|PROGRESEMOS	124
AREQUIPA|ISLAY|RENOVACIÓN POPULAR	2750
AREQUIPA|ISLAY|SALVEMOS AL PERÚ	31
AREQUIPA|ISLAY|UN CAMINO DIFERENTE	82
AREQUIPA|ISLAY|UNIDAD NACIONAL	151
AREQUIPA|ISLAY|VOTOS EN BLANCO	3983
AREQUIPA|ISLAY|VOTOS NULOS	1894
AREQUIPA|LA UNIÓN|AHORA NACIÓN - AN	417
AREQUIPA|LA UNIÓN|ALIANZA ELECTORAL VENCEREMOS	66
AREQUIPA|LA UNIÓN|ALIANZA PARA EL PROGRESO	160
AREQUIPA|LA UNIÓN|AVANZA PAÍS - PARTIDO DE INTEGRACIÓN SOCIAL	4
AREQUIPA|LA UNIÓN|FE EN EL PERÚ	17
AREQUIPA|LA UNIÓN|FUERZA POPULAR	291
AREQUIPA|LA UNIÓN|FUERZA Y LIBERTAD	19
AREQUIPA|LA UNIÓN|JUNTOS POR EL PERÚ	1554
AREQUIPA|LA UNIÓN|LIBERTAD POPULAR	4
AREQUIPA|LA UNIÓN|PARTIDO APRISTA PERUANO	10
AREQUIPA|LA UNIÓN|PARTIDO CÍVICO OBRAS	660
AREQUIPA|LA UNIÓN|PARTIDO DE LOS TRABAJADORES Y EMPRENDEDORES PTE - PERÚ	3
AREQUIPA|LA UNIÓN|PARTIDO DEL BUEN GOBIERNO	270
AREQUIPA|LA UNIÓN|PARTIDO DEMOCRATICO FEDERAL	8
AREQUIPA|LA UNIÓN|PARTIDO DEMOCRÁTICO SOMOS PERÚ	15
AREQUIPA|LA UNIÓN|PARTIDO DEMÓCRATA UNIDO PERÚ	94
AREQUIPA|LA UNIÓN|PARTIDO DEMÓCRATA VERDE	42
AREQUIPA|LA UNIÓN|PARTIDO FRENTE DE LA ESPERANZA 2021	86
AREQUIPA|LA UNIÓN|PARTIDO MORADO	12
AREQUIPA|LA UNIÓN|PARTIDO PATRIÓTICO DEL PERÚ	76
AREQUIPA|LA UNIÓN|PARTIDO PAÍS PARA TODOS	177
AREQUIPA|LA UNIÓN|PARTIDO POLÍTICO COOPERACIÓN POPULAR	63
AREQUIPA|LA UNIÓN|PARTIDO POLÍTICO INTEGRIDAD DEMOCRÁTICA	8
AREQUIPA|LA UNIÓN|PARTIDO POLÍTICO NACIONAL PERÚ LIBRE	75
AREQUIPA|LA UNIÓN|PARTIDO POLÍTICO PERÚ ACCIÓN	29
AREQUIPA|LA UNIÓN|PARTIDO POLÍTICO PERÚ PRIMERO	38
AREQUIPA|LA UNIÓN|PARTIDO POLÍTICO PRIN	3
AREQUIPA|LA UNIÓN|PARTIDO SICREO	56
AREQUIPA|LA UNIÓN|PERÚ MODERNO	2
AREQUIPA|LA UNIÓN|PODEMOS PERÚ	125
AREQUIPA|LA UNIÓN|PRIMERO LA GENTE – COMUNIDAD, ECOLOGÍA, LIBERTAD Y PROGRESO	72
AREQUIPA|LA UNIÓN|PROGRESEMOS	41
AREQUIPA|LA UNIÓN|RENOVACIÓN POPULAR	126
AREQUIPA|LA UNIÓN|SALVEMOS AL PERÚ	20
AREQUIPA|LA UNIÓN|UN CAMINO DIFERENTE	4
AREQUIPA|LA UNIÓN|UNIDAD NACIONAL	10
AREQUIPA|LA UNIÓN|VOTOS EN BLANCO	1558
AREQUIPA|LA UNIÓN|VOTOS NULOS	470
ASIA|ARABIA SAUDITA|AHORA NACIÓN - AN	0
ASIA|ARABIA SAUDITA|ALIANZA ELECTORAL VENCEREMOS	0
ASIA|ARABIA SAUDITA|ALIANZA PARA EL PROGRESO	0
ASIA|ARABIA SAUDITA|AVANZA PAÍS - PARTIDO DE INTEGRACIÓN SOCIAL	0
ASIA|ARABIA SAUDITA|FE EN EL PERÚ	0
ASIA|ARABIA SAUDITA|FUERZA POPULAR	0
ASIA|ARABIA SAUDITA|FUERZA Y LIBERTAD	0
ASIA|ARABIA SAUDITA|JUNTOS POR EL PERÚ	0
ASIA|ARABIA SAUDITA|LIBERTAD POPULAR	0
ASIA|ARABIA SAUDITA|PARTIDO APRISTA PERUANO	0
ASIA|ARABIA SAUDITA|PARTIDO CÍVICO OBRAS	0
ASIA|ARABIA SAUDITA|PARTIDO DE LOS TRABAJADORES Y EMPRENDEDORES PTE - PERÚ	0
ASIA|ARABIA SAUDITA|PARTIDO DEL BUEN GOBIERNO	0
ASIA|ARABIA SAUDITA|PARTIDO DEMOCRATICO FEDERAL	0
ASIA|ARABIA SAUDITA|PARTIDO DEMOCRÁTICO SOMOS PERÚ	0
ASIA|ARABIA SAUDITA|PARTIDO DEMÓCRATA UNIDO PERÚ	0
ASIA|ARABIA SAUDITA|PARTIDO DEMÓCRATA VERDE	0
ASIA|ARABIA SAUDITA|PARTIDO FRENTE DE LA ESPERANZA 2021	0
ASIA|ARABIA SAUDITA|PARTIDO MORADO	0
ASIA|ARABIA SAUDITA|PARTIDO PATRIÓTICO DEL PERÚ	0
ASIA|ARABIA SAUDITA|PARTIDO PAÍS PARA TODOS	0
ASIA|ARABIA SAUDITA|PARTIDO POLÍTICO COOPERACIÓN POPULAR	0
ASIA|ARABIA SAUDITA|PARTIDO POLÍTICO INTEGRIDAD DEMOCRÁTICA	0
ASIA|ARABIA SAUDITA|PARTIDO POLÍTICO NACIONAL PERÚ LIBRE	0
ASIA|ARABIA SAUDITA|PARTIDO POLÍTICO PERÚ ACCIÓN	0
ASIA|ARABIA SAUDITA|PARTIDO POLÍTICO PERÚ PRIMERO	0
ASIA|ARABIA SAUDITA|PARTIDO POLÍTICO PRIN	0
ASIA|ARABIA SAUDITA|PARTIDO SICREO	0
ASIA|ARABIA SAUDITA|PERÚ MODERNO	0
ASIA|ARABIA SAUDITA|PODEMOS PERÚ	0
ASIA|ARABIA SAUDITA|PRIMERO LA GENTE – COMUNIDAD, ECOLOGÍA, LIBERTAD Y PROGRESO	0
ASIA|ARABIA SAUDITA|PROGRESEMOS	0
ASIA|ARABIA SAUDITA|RENOVACIÓN POPULAR	0
ASIA|ARABIA SAUDITA|SALVEMOS AL PERÚ	0
ASIA|ARABIA SAUDITA|UN CAMINO DIFERENTE	0
ASIA|ARABIA SAUDITA|UNIDAD NACIONAL	0
ASIA|ARABIA SAUDITA|VOTOS EN BLANCO	0
ASIA|CATAR|AHORA NACIÓN - AN	0
ASIA|CATAR|ALIANZA ELECTORAL VENCEREMOS	0
ASIA|CATAR|ALIANZA PARA EL PROGRESO	0
ASIA|CATAR|AVANZA PAÍS - PARTIDO DE INTEGRACIÓN SOCIAL	0
ASIA|CATAR|FE EN EL PERÚ	0
ASIA|CATAR|FUERZA POPULAR	0
ASIA|CATAR|FUERZA Y LIBERTAD	0
ASIA|CATAR|JUNTOS POR EL PERÚ	0
ASIA|CATAR|LIBERTAD POPULAR	0
ASIA|CATAR|PARTIDO APRISTA PERUANO	0
ASIA|CATAR|PARTIDO CÍVICO OBRAS	0
ASIA|CATAR|PARTIDO DE LOS TRABAJADORES Y EMPRENDEDORES PTE - PERÚ	0
ASIA|CATAR|PARTIDO DEL BUEN GOBIERNO	0
ASIA|CATAR|PARTIDO DEMOCRATICO FEDERAL	0
ASIA|CATAR|PARTIDO DEMOCRÁTICO SOMOS PERÚ	0
ASIA|CATAR|PARTIDO DEMÓCRATA UNIDO PERÚ	0
ASIA|CATAR|PARTIDO DEMÓCRATA VERDE	0
ASIA|CATAR|PARTIDO FRENTE DE LA ESPERANZA 2021	0
ASIA|CATAR|PARTIDO MORADO	0
ASIA|CATAR|PARTIDO PATRIÓTICO DEL PERÚ	0
ASIA|CATAR|PARTIDO PAÍS PARA TODOS	0
ASIA|CATAR|PARTIDO POLÍTICO COOPERACIÓN POPULAR	0
ASIA|CATAR|PARTIDO POLÍTICO INTEGRIDAD DEMOCRÁTICA	0
ASIA|CATAR|PARTIDO POLÍTICO NACIONAL PERÚ LIBRE	0
ASIA|CATAR|PARTIDO POLÍTICO PERÚ ACCIÓN	0
ASIA|CATAR|PARTIDO POLÍTICO PERÚ PRIMERO	0
ASIA|CATAR|PARTIDO POLÍTICO PRIN	0
ASIA|CATAR|PARTIDO SICREO	0
ASIA|CATAR|PERÚ MODERNO	0
ASIA|CATAR|PODEMOS PERÚ	0
ASIA|CATAR|PRIMERO LA GENTE – COMUNIDAD, ECOLOGÍA, LIBERTAD Y PROGRESO	0
ASIA|CATAR|PROGRESEMOS	0
ASIA|CATAR|RENOVACIÓN POPULAR	0
ASIA|CATAR|SALVEMOS AL PERÚ	0
ASIA|CATAR|UN CAMINO DIFERENTE	0
ASIA|CATAR|UNIDAD NACIONAL	0
ASIA|CATAR|VOTOS EN BLANCO	0
ASIA|EMIRATOS ÁRABES UNIDOS|AHORA NACIÓN - AN	0
ASIA|EMIRATOS ÁRABES UNIDOS|ALIANZA ELECTORAL VENCEREMOS	0
ASIA|EMIRATOS ÁRABES UNIDOS|ALIANZA PARA EL PROGRESO	0
ASIA|EMIRATOS ÁRABES UNIDOS|AVANZA PAÍS - PARTIDO DE INTEGRACIÓN SOCIAL	0
ASIA|EMIRATOS ÁRABES UNIDOS|FE EN EL PERÚ	0
ASIA|EMIRATOS ÁRABES UNIDOS|FUERZA POPULAR	0
ASIA|EMIRATOS ÁRABES UNIDOS|FUERZA Y LIBERTAD	0
ASIA|EMIRATOS ÁRABES UNIDOS|JUNTOS POR EL PERÚ	0
ASIA|EMIRATOS ÁRABES UNIDOS|LIBERTAD POPULAR	0
ASIA|EMIRATOS ÁRABES UNIDOS|PARTIDO APRISTA PERUANO	0
ASIA|EMIRATOS ÁRABES UNIDOS|PARTIDO CÍVICO OBRAS	0
ASIA|EMIRATOS ÁRABES UNIDOS|PARTIDO DE LOS TRABAJADORES Y EMPRENDEDORES PTE - PERÚ	0
ASIA|EMIRATOS ÁRABES UNIDOS|PARTIDO DEL BUEN GOBIERNO	0
ASIA|EMIRATOS ÁRABES UNIDOS|PARTIDO DEMOCRATICO FEDERAL	0
ASIA|EMIRATOS ÁRABES UNIDOS|PARTIDO DEMOCRÁTICO SOMOS PERÚ	0
ASIA|EMIRATOS ÁRABES UNIDOS|PARTIDO DEMÓCRATA UNIDO PERÚ	0
ASIA|EMIRATOS ÁRABES UNIDOS|PARTIDO DEMÓCRATA VERDE	0
ASIA|EMIRATOS ÁRABES UNIDOS|PARTIDO FRENTE DE LA ESPERANZA 2021	0
ASIA|EMIRATOS ÁRABES UNIDOS|PARTIDO MORADO	0
ASIA|EMIRATOS ÁRABES UNIDOS|PARTIDO PATRIÓTICO DEL PERÚ	0
ASIA|EMIRATOS ÁRABES UNIDOS|PARTIDO PAÍS PARA TODOS	0
ASIA|EMIRATOS ÁRABES UNIDOS|PARTIDO POLÍTICO COOPERACIÓN POPULAR	0
ASIA|EMIRATOS ÁRABES UNIDOS|PARTIDO POLÍTICO INTEGRIDAD DEMOCRÁTICA	0
ASIA|EMIRATOS ÁRABES UNIDOS|PARTIDO POLÍTICO NACIONAL PERÚ LIBRE	0
ASIA|EMIRATOS ÁRABES UNIDOS|PARTIDO POLÍTICO PERÚ ACCIÓN	0
ASIA|EMIRATOS ÁRABES UNIDOS|PARTIDO POLÍTICO PERÚ PRIMERO	0
ASIA|EMIRATOS ÁRABES UNIDOS|PARTIDO POLÍTICO PRIN	0
ASIA|EMIRATOS ÁRABES UNIDOS|PARTIDO SICREO	0
ASIA|EMIRATOS ÁRABES UNIDOS|PERÚ MODERNO	0
ASIA|EMIRATOS ÁRABES UNIDOS|PODEMOS PERÚ	0
ASIA|EMIRATOS ÁRABES UNIDOS|PRIMERO LA GENTE – COMUNIDAD, ECOLOGÍA, LIBERTAD Y PROGRESO	0
ASIA|EMIRATOS ÁRABES UNIDOS|PROGRESEMOS	0
ASIA|EMIRATOS ÁRABES UNIDOS|RENOVACIÓN POPULAR	0
ASIA|EMIRATOS ÁRABES UNIDOS|SALVEMOS AL PERÚ	0
ASIA|EMIRATOS ÁRABES UNIDOS|UN CAMINO DIFERENTE	0
ASIA|EMIRATOS ÁRABES UNIDOS|UNIDAD NACIONAL	0
ASIA|EMIRATOS ÁRABES UNIDOS|VOTOS EN BLANCO	0
ASIA|FILIPINAS|AHORA NACIÓN - AN	1
ASIA|FILIPINAS|ALIANZA ELECTORAL VENCEREMOS	0
ASIA|FILIPINAS|ALIANZA PARA EL PROGRESO	0
ASIA|FILIPINAS|AVANZA PAÍS - PARTIDO DE INTEGRACIÓN SOCIAL	0
ASIA|FILIPINAS|FE EN EL PERÚ	0
ASIA|FILIPINAS|FUERZA POPULAR	2
ASIA|FILIPINAS|FUERZA Y LIBERTAD	0
ASIA|FILIPINAS|JUNTOS POR EL PERÚ	0
ASIA|FILIPINAS|LIBERTAD POPULAR	0
ASIA|FILIPINAS|PARTIDO APRISTA PERUANO	0
ASIA|FILIPINAS|PARTIDO CÍVICO OBRAS	0
ASIA|FILIPINAS|PARTIDO DE LOS TRABAJADORES Y EMPRENDEDORES PTE - PERÚ	0
ASIA|FILIPINAS|PARTIDO DEL BUEN GOBIERNO	3
ASIA|FILIPINAS|PARTIDO DEMOCRATICO FEDERAL	0
ASIA|FILIPINAS|PARTIDO DEMOCRÁTICO SOMOS PERÚ	0
ASIA|FILIPINAS|PARTIDO DEMÓCRATA UNIDO PERÚ	0
ASIA|FILIPINAS|PARTIDO DEMÓCRATA VERDE	0
ASIA|FILIPINAS|PARTIDO FRENTE DE LA ESPERANZA 2021	1
ASIA|FILIPINAS|PARTIDO MORADO	0
ASIA|FILIPINAS|PARTIDO PATRIÓTICO DEL PERÚ	0
ASIA|FILIPINAS|PARTIDO PAÍS PARA TODOS	0
ASIA|FILIPINAS|PARTIDO POLÍTICO COOPERACIÓN POPULAR	0
ASIA|FILIPINAS|PARTIDO POLÍTICO INTEGRIDAD DEMOCRÁTICA	0
ASIA|FILIPINAS|PARTIDO POLÍTICO NACIONAL PERÚ LIBRE	0
ASIA|FILIPINAS|PARTIDO POLÍTICO PERÚ ACCIÓN	0
ASIA|FILIPINAS|PARTIDO POLÍTICO PERÚ PRIMERO	0
ASIA|FILIPINAS|PARTIDO POLÍTICO PRIN	0
ASIA|FILIPINAS|PARTIDO SICREO	0
ASIA|FILIPINAS|PERÚ MODERNO	0
ASIA|FILIPINAS|PODEMOS PERÚ	0
ASIA|FILIPINAS|PRIMERO LA GENTE – COMUNIDAD, ECOLOGÍA, LIBERTAD Y PROGRESO	0
ASIA|FILIPINAS|PROGRESEMOS	0
ASIA|FILIPINAS|RENOVACIÓN POPULAR	4
ASIA|FILIPINAS|SALVEMOS AL PERÚ	0
ASIA|FILIPINAS|UN CAMINO DIFERENTE	0
ASIA|FILIPINAS|UNIDAD NACIONAL	0
ASIA|FILIPINAS|VOTOS EN BLANCO	2
ASIA|FILIPINAS|VOTOS NULOS	0
ASIA|INDIA|AHORA NACIÓN - AN	1
ASIA|INDIA|ALIANZA ELECTORAL VENCEREMOS	0
ASIA|INDIA|ALIANZA PARA EL PROGRESO	0
ASIA|INDIA|AVANZA PAÍS - PARTIDO DE INTEGRACIÓN SOCIAL	0
ASIA|INDIA|FE EN EL PERÚ	0
ASIA|INDIA|FUERZA POPULAR	0
ASIA|INDIA|FUERZA Y LIBERTAD	0
ASIA|INDIA|JUNTOS POR EL PERÚ	0
ASIA|INDIA|LIBERTAD POPULAR	0
ASIA|INDIA|PARTIDO APRISTA PERUANO	0
ASIA|INDIA|PARTIDO CÍVICO OBRAS	1
ASIA|INDIA|PARTIDO DE LOS TRABAJADORES Y EMPRENDEDORES PTE - PERÚ	0
ASIA|INDIA|PARTIDO DEL BUEN GOBIERNO	1
ASIA|INDIA|PARTIDO DEMOCRATICO FEDERAL	0
ASIA|INDIA|PARTIDO DEMOCRÁTICO SOMOS PERÚ	0
ASIA|INDIA|PARTIDO DEMÓCRATA UNIDO PERÚ	0
ASIA|INDIA|PARTIDO DEMÓCRATA VERDE	0
ASIA|INDIA|PARTIDO FRENTE DE LA ESPERANZA 2021	0
ASIA|INDIA|PARTIDO MORADO	0
ASIA|INDIA|PARTIDO PATRIÓTICO DEL PERÚ	0
ASIA|INDIA|PARTIDO PAÍS PARA TODOS	2
ASIA|INDIA|PARTIDO POLÍTICO COOPERACIÓN POPULAR	0
ASIA|INDIA|PARTIDO POLÍTICO INTEGRIDAD DEMOCRÁTICA	0
ASIA|INDIA|PARTIDO POLÍTICO NACIONAL PERÚ LIBRE	0
ASIA|INDIA|PARTIDO POLÍTICO PERÚ ACCIÓN	0
ASIA|INDIA|PARTIDO POLÍTICO PERÚ PRIMERO	0
ASIA|INDIA|PARTIDO POLÍTICO PRIN	0
ASIA|INDIA|PARTIDO SICREO	0
ASIA|INDIA|PERÚ MODERNO	0
ASIA|INDIA|PODEMOS PERÚ	0
ASIA|INDIA|PRIMERO LA GENTE – COMUNIDAD, ECOLOGÍA, LIBERTAD Y PROGRESO	0
ASIA|INDIA|PROGRESEMOS	0
ASIA|INDIA|RENOVACIÓN POPULAR	4
ASIA|INDIA|SALVEMOS AL PERÚ	0
ASIA|INDIA|UN CAMINO DIFERENTE	0
ASIA|INDIA|UNIDAD NACIONAL	1
ASIA|INDIA|VOTOS EN BLANCO	1
ASIA|INDIA|VOTOS NULOS	0
ASIA|INDONESIA|AHORA NACIÓN - AN	0
ASIA|INDONESIA|ALIANZA ELECTORAL VENCEREMOS	0
ASIA|INDONESIA|ALIANZA PARA EL PROGRESO	0
ASIA|INDONESIA|AVANZA PAÍS - PARTIDO DE INTEGRACIÓN SOCIAL	0
ASIA|INDONESIA|FE EN EL PERÚ	0
ASIA|INDONESIA|FUERZA POPULAR	0
ASIA|INDONESIA|FUERZA Y LIBERTAD	0
ASIA|INDONESIA|JUNTOS POR EL PERÚ	0
ASIA|INDONESIA|LIBERTAD POPULAR	0
ASIA|INDONESIA|PARTIDO APRISTA PERUANO	0
ASIA|INDONESIA|PARTIDO CÍVICO OBRAS	2
ASIA|INDONESIA|PARTIDO DE LOS TRABAJADORES Y EMPRENDEDORES PTE - PERÚ	0
ASIA|INDONESIA|PARTIDO DEL BUEN GOBIERNO	3
ASIA|INDONESIA|PARTIDO DEMOCRATICO FEDERAL	0
ASIA|INDONESIA|PARTIDO DEMOCRÁTICO SOMOS PERÚ	0
ASIA|INDONESIA|PARTIDO DEMÓCRATA UNIDO PERÚ	0
ASIA|INDONESIA|PARTIDO DEMÓCRATA VERDE	0
ASIA|INDONESIA|PARTIDO FRENTE DE LA ESPERANZA 2021	1
ASIA|INDONESIA|PARTIDO MORADO	0
ASIA|INDONESIA|PARTIDO PATRIÓTICO DEL PERÚ	0
ASIA|INDONESIA|PARTIDO PAÍS PARA TODOS	2
ASIA|INDONESIA|PARTIDO POLÍTICO COOPERACIÓN POPULAR	0
ASIA|INDONESIA|PARTIDO POLÍTICO INTEGRIDAD DEMOCRÁTICA	0
ASIA|INDONESIA|PARTIDO POLÍTICO NACIONAL PERÚ LIBRE	0
ASIA|INDONESIA|PARTIDO POLÍTICO PERÚ ACCIÓN	0
ASIA|INDONESIA|PARTIDO POLÍTICO PERÚ PRIMERO	0
ASIA|INDONESIA|PARTIDO POLÍTICO PRIN	0
ASIA|INDONESIA|PARTIDO SICREO	1
ASIA|INDONESIA|PERÚ MODERNO	0
ASIA|INDONESIA|PODEMOS PERÚ	0
ASIA|INDONESIA|PRIMERO LA GENTE – COMUNIDAD, ECOLOGÍA, LIBERTAD Y PROGRESO	0
ASIA|INDONESIA|PROGRESEMOS	0
ASIA|INDONESIA|RENOVACIÓN POPULAR	1
ASIA|INDONESIA|SALVEMOS AL PERÚ	0
ASIA|INDONESIA|UN CAMINO DIFERENTE	0
ASIA|INDONESIA|UNIDAD NACIONAL	0
ASIA|INDONESIA|VOTOS EN BLANCO	0
ASIA|INDONESIA|VOTOS NULOS	0
ASIA|IRÁN|AHORA NACIÓN - AN	0
ASIA|IRÁN|ALIANZA ELECTORAL VENCEREMOS	0
ASIA|IRÁN|ALIANZA PARA EL PROGRESO	0
ASIA|IRÁN|AVANZA PAÍS - PARTIDO DE INTEGRACIÓN SOCIAL	0
ASIA|IRÁN|FE EN EL PERÚ	0
ASIA|IRÁN|FUERZA POPULAR	0
ASIA|IRÁN|FUERZA Y LIBERTAD	0
ASIA|IRÁN|JUNTOS POR EL PERÚ	0
ASIA|IRÁN|LIBERTAD POPULAR	0
ASIA|IRÁN|PARTIDO APRISTA PERUANO	0
ASIA|IRÁN|PARTIDO CÍVICO OBRAS	0
ASIA|IRÁN|PARTIDO DE LOS TRABAJADORES Y EMPRENDEDORES PTE - PERÚ	0
ASIA|IRÁN|PARTIDO DEL BUEN GOBIERNO	0
ASIA|IRÁN|PARTIDO DEMOCRATICO FEDERAL	0
ASIA|IRÁN|PARTIDO DEMOCRÁTICO SOMOS PERÚ	0
ASIA|IRÁN|PARTIDO DEMÓCRATA UNIDO PERÚ	0
ASIA|IRÁN|PARTIDO DEMÓCRATA VERDE	0
ASIA|IRÁN|PARTIDO FRENTE DE LA ESPERANZA 2021	0
ASIA|IRÁN|PARTIDO MORADO	0
ASIA|IRÁN|PARTIDO PATRIÓTICO DEL PERÚ	0
ASIA|IRÁN|PARTIDO PAÍS PARA TODOS	0
ASIA|IRÁN|PARTIDO POLÍTICO COOPERACIÓN POPULAR	0
ASIA|IRÁN|PARTIDO POLÍTICO INTEGRIDAD DEMOCRÁTICA	0
ASIA|IRÁN|PARTIDO POLÍTICO NACIONAL PERÚ LIBRE	0
ASIA|IRÁN|PARTIDO POLÍTICO PERÚ ACCIÓN	0
ASIA|IRÁN|PARTIDO POLÍTICO PERÚ PRIMERO	0
ASIA|IRÁN|PARTIDO POLÍTICO PRIN	0
ASIA|IRÁN|PARTIDO SICREO	0
ASIA|IRÁN|PERÚ MODERNO	0
ASIA|IRÁN|PODEMOS PERÚ	0
ASIA|IRÁN|PRIMERO LA GENTE – COMUNIDAD, ECOLOGÍA, LIBERTAD Y PROGRESO	0
ASIA|IRÁN|PROGRESEMOS	0
ASIA|IRÁN|RENOVACIÓN POPULAR	0
ASIA|IRÁN|SALVEMOS AL PERÚ	0
ASIA|IRÁN|UN CAMINO DIFERENTE	0
ASIA|IRÁN|UNIDAD NACIONAL	0
ASIA|IRÁN|VOTOS EN BLANCO	0
ASIA|ISRAEL|AHORA NACIÓN - AN	0
ASIA|ISRAEL|ALIANZA ELECTORAL VENCEREMOS	0
ASIA|ISRAEL|ALIANZA PARA EL PROGRESO	0
ASIA|ISRAEL|AVANZA PAÍS - PARTIDO DE INTEGRACIÓN SOCIAL	0
ASIA|ISRAEL|FE EN EL PERÚ	0
ASIA|ISRAEL|FUERZA POPULAR	0
ASIA|ISRAEL|FUERZA Y LIBERTAD	0
ASIA|ISRAEL|JUNTOS POR EL PERÚ	0
ASIA|ISRAEL|LIBERTAD POPULAR	0
ASIA|ISRAEL|PARTIDO APRISTA PERUANO	0
ASIA|ISRAEL|PARTIDO CÍVICO OBRAS	0
ASIA|ISRAEL|PARTIDO DE LOS TRABAJADORES Y EMPRENDEDORES PTE - PERÚ	0
ASIA|ISRAEL|PARTIDO DEL BUEN GOBIERNO	0
ASIA|ISRAEL|PARTIDO DEMOCRATICO FEDERAL	0
ASIA|ISRAEL|PARTIDO DEMOCRÁTICO SOMOS PERÚ	0
ASIA|ISRAEL|PARTIDO DEMÓCRATA UNIDO PERÚ	0
ASIA|ISRAEL|PARTIDO DEMÓCRATA VERDE	0
ASIA|ISRAEL|PARTIDO FRENTE DE LA ESPERANZA 2021	0
ASIA|ISRAEL|PARTIDO MORADO	0
ASIA|ISRAEL|PARTIDO PATRIÓTICO DEL PERÚ	0
ASIA|ISRAEL|PARTIDO PAÍS PARA TODOS	0
ASIA|ISRAEL|PARTIDO POLÍTICO COOPERACIÓN POPULAR	0
ASIA|ISRAEL|PARTIDO POLÍTICO INTEGRIDAD DEMOCRÁTICA	0
ASIA|ISRAEL|PARTIDO POLÍTICO NACIONAL PERÚ LIBRE	0
ASIA|ISRAEL|PARTIDO POLÍTICO PERÚ ACCIÓN	0
ASIA|ISRAEL|PARTIDO POLÍTICO PERÚ PRIMERO	0
ASIA|ISRAEL|PARTIDO POLÍTICO PRIN	0
ASIA|ISRAEL|PARTIDO SICREO	0
ASIA|ISRAEL|PERÚ MODERNO	0
ASIA|ISRAEL|PODEMOS PERÚ	0
ASIA|ISRAEL|PRIMERO LA GENTE – COMUNIDAD, ECOLOGÍA, LIBERTAD Y PROGRESO	0
ASIA|ISRAEL|PROGRESEMOS	0
ASIA|ISRAEL|RENOVACIÓN POPULAR	0
ASIA|ISRAEL|SALVEMOS AL PERÚ	0
ASIA|ISRAEL|UN CAMINO DIFERENTE	0
ASIA|ISRAEL|UNIDAD NACIONAL	0
ASIA|ISRAEL|VOTOS EN BLANCO	0
ASIA|JAPÓN|AHORA NACIÓN - AN	218
ASIA|JAPÓN|ALIANZA ELECTORAL VENCEREMOS	18
ASIA|JAPÓN|ALIANZA PARA EL PROGRESO	6
ASIA|JAPÓN|AVANZA PAÍS - PARTIDO DE INTEGRACIÓN SOCIAL	11
ASIA|JAPÓN|FE EN EL PERÚ	1
ASIA|JAPÓN|FUERZA POPULAR	2891
ASIA|JAPÓN|FUERZA Y LIBERTAD	6
ASIA|JAPÓN|JUNTOS POR EL PERÚ	36
ASIA|JAPÓN|LIBERTAD POPULAR	14
ASIA|JAPÓN|PARTIDO APRISTA PERUANO	72
ASIA|JAPÓN|PARTIDO CÍVICO OBRAS	224
ASIA|JAPÓN|PARTIDO DE LOS TRABAJADORES Y EMPRENDEDORES PTE - PERÚ	5
ASIA|JAPÓN|PARTIDO DEL BUEN GOBIERNO	267
ASIA|JAPÓN|PARTIDO DEMOCRATICO FEDERAL	6
ASIA|JAPÓN|PARTIDO DEMOCRÁTICO SOMOS PERÚ	26
ASIA|JAPÓN|PARTIDO DEMÓCRATA UNIDO PERÚ	22
ASIA|JAPÓN|PARTIDO DEMÓCRATA VERDE	5
ASIA|JAPÓN|PARTIDO FRENTE DE LA ESPERANZA 2021	35
ASIA|JAPÓN|PARTIDO MORADO	13
ASIA|JAPÓN|PARTIDO PATRIÓTICO DEL PERÚ	12
ASIA|JAPÓN|PARTIDO PAÍS PARA TODOS	417
ASIA|JAPÓN|PARTIDO POLÍTICO COOPERACIÓN POPULAR	12
ASIA|JAPÓN|PARTIDO POLÍTICO INTEGRIDAD DEMOCRÁTICA	15
ASIA|JAPÓN|PARTIDO POLÍTICO NACIONAL PERÚ LIBRE	7
ASIA|JAPÓN|PARTIDO POLÍTICO PERÚ ACCIÓN	3
ASIA|JAPÓN|PARTIDO POLÍTICO PERÚ PRIMERO	3
ASIA|JAPÓN|PARTIDO POLÍTICO PRIN	2
ASIA|JAPÓN|PARTIDO SICREO	70
ASIA|JAPÓN|PERÚ MODERNO	1
ASIA|JAPÓN|PODEMOS PERÚ	7
ASIA|JAPÓN|PRIMERO LA GENTE – COMUNIDAD, ECOLOGÍA, LIBERTAD Y PROGRESO	166
ASIA|JAPÓN|PROGRESEMOS	8
ASIA|JAPÓN|RENOVACIÓN POPULAR	2899
ASIA|JAPÓN|SALVEMOS AL PERÚ	2
ASIA|JAPÓN|UN CAMINO DIFERENTE	21
ASIA|JAPÓN|UNIDAD NACIONAL	80
ASIA|JAPÓN|VOTOS EN BLANCO	1389
ASIA|JAPÓN|VOTOS NULOS	476
ASIA|JORDANIA|AHORA NACIÓN - AN	0
ASIA|JORDANIA|ALIANZA ELECTORAL VENCEREMOS	0
ASIA|JORDANIA|ALIANZA PARA EL PROGRESO	0
ASIA|JORDANIA|AVANZA PAÍS - PARTIDO DE INTEGRACIÓN SOCIAL	0
ASIA|JORDANIA|FE EN EL PERÚ	0
ASIA|JORDANIA|FUERZA POPULAR	0
ASIA|JORDANIA|FUERZA Y LIBERTAD	0
ASIA|JORDANIA|JUNTOS POR EL PERÚ	0
ASIA|JORDANIA|LIBERTAD POPULAR	0
ASIA|JORDANIA|PARTIDO APRISTA PERUANO	0
ASIA|JORDANIA|PARTIDO CÍVICO OBRAS	0
ASIA|JORDANIA|PARTIDO DE LOS TRABAJADORES Y EMPRENDEDORES PTE - PERÚ	0
ASIA|JORDANIA|PARTIDO DEL BUEN GOBIERNO	0
ASIA|JORDANIA|PARTIDO DEMOCRATICO FEDERAL	0
ASIA|JORDANIA|PARTIDO DEMOCRÁTICO SOMOS PERÚ	0
ASIA|JORDANIA|PARTIDO DEMÓCRATA UNIDO PERÚ	0
ASIA|JORDANIA|PARTIDO DEMÓCRATA VERDE	0
ASIA|JORDANIA|PARTIDO FRENTE DE LA ESPERANZA 2021	0
ASIA|JORDANIA|PARTIDO MORADO	0
ASIA|JORDANIA|PARTIDO PATRIÓTICO DEL PERÚ	0
ASIA|JORDANIA|PARTIDO PAÍS PARA TODOS	0
ASIA|JORDANIA|PARTIDO POLÍTICO COOPERACIÓN POPULAR	0
ASIA|JORDANIA|PARTIDO POLÍTICO INTEGRIDAD DEMOCRÁTICA	0
ASIA|JORDANIA|PARTIDO POLÍTICO NACIONAL PERÚ LIBRE	0
ASIA|JORDANIA|PARTIDO POLÍTICO PERÚ ACCIÓN	0
ASIA|JORDANIA|PARTIDO POLÍTICO PERÚ PRIMERO	0
ASIA|JORDANIA|PARTIDO POLÍTICO PRIN	0
ASIA|JORDANIA|PARTIDO SICREO	0
ASIA|JORDANIA|PERÚ MODERNO	0
ASIA|JORDANIA|PODEMOS PERÚ	0
ASIA|JORDANIA|PRIMERO LA GENTE – COMUNIDAD, ECOLOGÍA, LIBERTAD Y PROGRESO	0
ASIA|JORDANIA|PROGRESEMOS	0
ASIA|JORDANIA|RENOVACIÓN POPULAR	0
ASIA|JORDANIA|SALVEMOS AL PERÚ	0
ASIA|JORDANIA|UN CAMINO DIFERENTE	0
ASIA|JORDANIA|UNIDAD NACIONAL	0
ASIA|JORDANIA|VOTOS EN BLANCO	0
ASIA|KUWAIT|AHORA NACIÓN - AN	0
ASIA|KUWAIT|ALIANZA ELECTORAL VENCEREMOS	0
ASIA|KUWAIT|ALIANZA PARA EL PROGRESO	0
ASIA|KUWAIT|AVANZA PAÍS - PARTIDO DE INTEGRACIÓN SOCIAL	0
ASIA|KUWAIT|FE EN EL PERÚ	0
ASIA|KUWAIT|FUERZA POPULAR	0
ASIA|KUWAIT|FUERZA Y LIBERTAD	0
ASIA|KUWAIT|JUNTOS POR EL PERÚ	0
ASIA|KUWAIT|LIBERTAD POPULAR	0
ASIA|KUWAIT|PARTIDO APRISTA PERUANO	0
ASIA|KUWAIT|PARTIDO CÍVICO OBRAS	0
ASIA|KUWAIT|PARTIDO DE LOS TRABAJADORES Y EMPRENDEDORES PTE - PERÚ	0
ASIA|KUWAIT|PARTIDO DEL BUEN GOBIERNO	0
ASIA|KUWAIT|PARTIDO DEMOCRATICO FEDERAL	0
ASIA|KUWAIT|PARTIDO DEMOCRÁTICO SOMOS PERÚ	0
ASIA|KUWAIT|PARTIDO DEMÓCRATA UNIDO PERÚ	0
ASIA|KUWAIT|PARTIDO DEMÓCRATA VERDE	0
ASIA|KUWAIT|PARTIDO FRENTE DE LA ESPERANZA 2021	0
ASIA|KUWAIT|PARTIDO MORADO	0
ASIA|KUWAIT|PARTIDO PATRIÓTICO DEL PERÚ	0
ASIA|KUWAIT|PARTIDO PAÍS PARA TODOS	0
ASIA|KUWAIT|PARTIDO POLÍTICO COOPERACIÓN POPULAR	0
ASIA|KUWAIT|PARTIDO POLÍTICO INTEGRIDAD DEMOCRÁTICA	0
ASIA|KUWAIT|PARTIDO POLÍTICO NACIONAL PERÚ LIBRE	0
ASIA|KUWAIT|PARTIDO POLÍTICO PERÚ ACCIÓN	0
ASIA|KUWAIT|PARTIDO POLÍTICO PERÚ PRIMERO	0
ASIA|KUWAIT|PARTIDO POLÍTICO PRIN	0
ASIA|KUWAIT|PARTIDO SICREO	0
ASIA|KUWAIT|PERÚ MODERNO	0
ASIA|KUWAIT|PODEMOS PERÚ	0
ASIA|KUWAIT|PRIMERO LA GENTE – COMUNIDAD, ECOLOGÍA, LIBERTAD Y PROGRESO	0
ASIA|KUWAIT|PROGRESEMOS	0
ASIA|KUWAIT|RENOVACIÓN POPULAR	0
ASIA|KUWAIT|SALVEMOS AL PERÚ	0
ASIA|KUWAIT|UN CAMINO DIFERENTE	0
ASIA|KUWAIT|UNIDAD NACIONAL	0
ASIA|KUWAIT|VOTOS EN BLANCO	0
ASIA|LÍBANO|AHORA NACIÓN - AN	0
ASIA|LÍBANO|ALIANZA ELECTORAL VENCEREMOS	0
ASIA|LÍBANO|ALIANZA PARA EL PROGRESO	0
ASIA|LÍBANO|AVANZA PAÍS - PARTIDO DE INTEGRACIÓN SOCIAL	0
ASIA|LÍBANO|FE EN EL PERÚ	0
ASIA|LÍBANO|FUERZA POPULAR	0
ASIA|LÍBANO|FUERZA Y LIBERTAD	0
ASIA|LÍBANO|JUNTOS POR EL PERÚ	0
ASIA|LÍBANO|LIBERTAD POPULAR	0
ASIA|LÍBANO|PARTIDO APRISTA PERUANO	0
ASIA|LÍBANO|PARTIDO CÍVICO OBRAS	0
ASIA|LÍBANO|PARTIDO DE LOS TRABAJADORES Y EMPRENDEDORES PTE - PERÚ	0
ASIA|LÍBANO|PARTIDO DEL BUEN GOBIERNO	0
ASIA|LÍBANO|PARTIDO DEMOCRATICO FEDERAL	0
ASIA|LÍBANO|PARTIDO DEMOCRÁTICO SOMOS PERÚ	0
ASIA|LÍBANO|PARTIDO DEMÓCRATA UNIDO PERÚ	0
ASIA|LÍBANO|PARTIDO DEMÓCRATA VERDE	0
ASIA|LÍBANO|PARTIDO FRENTE DE LA ESPERANZA 2021	0
ASIA|LÍBANO|PARTIDO MORADO	0
ASIA|LÍBANO|PARTIDO PATRIÓTICO DEL PERÚ	0
ASIA|LÍBANO|PARTIDO PAÍS PARA TODOS	0
ASIA|LÍBANO|PARTIDO POLÍTICO COOPERACIÓN POPULAR	0
ASIA|LÍBANO|PARTIDO POLÍTICO INTEGRIDAD DEMOCRÁTICA	0
ASIA|LÍBANO|PARTIDO POLÍTICO NACIONAL PERÚ LIBRE	0
ASIA|LÍBANO|PARTIDO POLÍTICO PERÚ ACCIÓN	0
ASIA|LÍBANO|PARTIDO POLÍTICO PERÚ PRIMERO	0
ASIA|LÍBANO|PARTIDO POLÍTICO PRIN	0
ASIA|LÍBANO|PARTIDO SICREO	0
ASIA|LÍBANO|PERÚ MODERNO	0
ASIA|LÍBANO|PODEMOS PERÚ	0
ASIA|LÍBANO|PRIMERO LA GENTE – COMUNIDAD, ECOLOGÍA, LIBERTAD Y PROGRESO	0
ASIA|LÍBANO|PROGRESEMOS	0
ASIA|LÍBANO|RENOVACIÓN POPULAR	0
ASIA|LÍBANO|SALVEMOS AL PERÚ	0
ASIA|LÍBANO|UN CAMINO DIFERENTE	0
ASIA|LÍBANO|UNIDAD NACIONAL	0
ASIA|LÍBANO|VOTOS EN BLANCO	0
ASIA|MALASIA|AHORA NACIÓN - AN	0
ASIA|MALASIA|ALIANZA ELECTORAL VENCEREMOS	0
ASIA|MALASIA|ALIANZA PARA EL PROGRESO	0
ASIA|MALASIA|AVANZA PAÍS - PARTIDO DE INTEGRACIÓN SOCIAL	0
ASIA|MALASIA|FE EN EL PERÚ	0
ASIA|MALASIA|FUERZA POPULAR	0
ASIA|MALASIA|FUERZA Y LIBERTAD	0
ASIA|MALASIA|JUNTOS POR EL PERÚ	0
ASIA|MALASIA|LIBERTAD POPULAR	0
ASIA|MALASIA|PARTIDO APRISTA PERUANO	0
ASIA|MALASIA|PARTIDO CÍVICO OBRAS	0
ASIA|MALASIA|PARTIDO DE LOS TRABAJADORES Y EMPRENDEDORES PTE - PERÚ	0
ASIA|MALASIA|PARTIDO DEL BUEN GOBIERNO	4
ASIA|MALASIA|PARTIDO DEMOCRATICO FEDERAL	0
ASIA|MALASIA|PARTIDO DEMOCRÁTICO SOMOS PERÚ	0
ASIA|MALASIA|PARTIDO DEMÓCRATA UNIDO PERÚ	0
ASIA|MALASIA|PARTIDO DEMÓCRATA VERDE	0
ASIA|MALASIA|PARTIDO FRENTE DE LA ESPERANZA 2021	0
ASIA|MALASIA|PARTIDO MORADO	0
ASIA|MALASIA|PARTIDO PATRIÓTICO DEL PERÚ	0
ASIA|MALASIA|PARTIDO PAÍS PARA TODOS	0
ASIA|MALASIA|PARTIDO POLÍTICO COOPERACIÓN POPULAR	0
ASIA|MALASIA|PARTIDO POLÍTICO INTEGRIDAD DEMOCRÁTICA	0
ASIA|MALASIA|PARTIDO POLÍTICO NACIONAL PERÚ LIBRE	0
ASIA|MALASIA|PARTIDO POLÍTICO PERÚ ACCIÓN	0
ASIA|MALASIA|PARTIDO POLÍTICO PERÚ PRIMERO	0
ASIA|MALASIA|PARTIDO POLÍTICO PRIN	0
ASIA|MALASIA|PARTIDO SICREO	0
ASIA|MALASIA|PERÚ MODERNO	0
ASIA|MALASIA|PODEMOS PERÚ	0
ASIA|MALASIA|PRIMERO LA GENTE – COMUNIDAD, ECOLOGÍA, LIBERTAD Y PROGRESO	0
ASIA|MALASIA|PROGRESEMOS	0
ASIA|MALASIA|RENOVACIÓN POPULAR	3
ASIA|MALASIA|SALVEMOS AL PERÚ	0
ASIA|MALASIA|UN CAMINO DIFERENTE	0
ASIA|MALASIA|UNIDAD NACIONAL	0
ASIA|MALASIA|VOTOS EN BLANCO	0
ASIA|MALASIA|VOTOS NULOS	1
ASIA|REPUBLICA DE COREA|AHORA NACIÓN - AN	12
ASIA|REPUBLICA DE COREA|ALIANZA ELECTORAL VENCEREMOS	1
ASIA|REPUBLICA DE COREA|ALIANZA PARA EL PROGRESO	0
ASIA|REPUBLICA DE COREA|AVANZA PAÍS - PARTIDO DE INTEGRACIÓN SOCIAL	1
ASIA|REPUBLICA DE COREA|FE EN EL PERÚ	0
ASIA|REPUBLICA DE COREA|FUERZA POPULAR	7
ASIA|REPUBLICA DE COREA|FUERZA Y LIBERTAD	1
ASIA|REPUBLICA DE COREA|JUNTOS POR EL PERÚ	4
ASIA|REPUBLICA DE COREA|LIBERTAD POPULAR	0
ASIA|REPUBLICA DE COREA|PARTIDO APRISTA PERUANO	0
ASIA|REPUBLICA DE COREA|PARTIDO CÍVICO OBRAS	7
ASIA|REPUBLICA DE COREA|PARTIDO DE LOS TRABAJADORES Y EMPRENDEDORES PTE - PERÚ	0
ASIA|REPUBLICA DE COREA|PARTIDO DEL BUEN GOBIERNO	35
ASIA|REPUBLICA DE COREA|PARTIDO DEMOCRATICO FEDERAL	0
ASIA|REPUBLICA DE COREA|PARTIDO DEMOCRÁTICO SOMOS PERÚ	0
ASIA|REPUBLICA DE COREA|PARTIDO DEMÓCRATA UNIDO PERÚ	0
ASIA|REPUBLICA DE COREA|PARTIDO DEMÓCRATA VERDE	0
ASIA|REPUBLICA DE COREA|PARTIDO FRENTE DE LA ESPERANZA 2021	2
ASIA|REPUBLICA DE COREA|PARTIDO MORADO	2
ASIA|REPUBLICA DE COREA|PARTIDO PATRIÓTICO DEL PERÚ	0
ASIA|REPUBLICA DE COREA|PARTIDO PAÍS PARA TODOS	4
ASIA|REPUBLICA DE COREA|PARTIDO POLÍTICO COOPERACIÓN POPULAR	0
ASIA|REPUBLICA DE COREA|PARTIDO POLÍTICO INTEGRIDAD DEMOCRÁTICA	0
ASIA|REPUBLICA DE COREA|PARTIDO POLÍTICO NACIONAL PERÚ LIBRE	0
ASIA|REPUBLICA DE COREA|PARTIDO POLÍTICO PERÚ ACCIÓN	0
ASIA|REPUBLICA DE COREA|PARTIDO POLÍTICO PERÚ PRIMERO	0
ASIA|REPUBLICA DE COREA|PARTIDO POLÍTICO PRIN	0
ASIA|REPUBLICA DE COREA|PARTIDO SICREO	4
ASIA|REPUBLICA DE COREA|PERÚ MODERNO	0
ASIA|REPUBLICA DE COREA|PODEMOS PERÚ	0
ASIA|REPUBLICA DE COREA|PRIMERO LA GENTE – COMUNIDAD, ECOLOGÍA, LIBERTAD Y PROGRESO	11
ASIA|REPUBLICA DE COREA|PROGRESEMOS	0
ASIA|REPUBLICA DE COREA|RENOVACIÓN POPULAR	19
ASIA|REPUBLICA DE COREA|SALVEMOS AL PERÚ	0
ASIA|REPUBLICA DE COREA|UN CAMINO DIFERENTE	1
ASIA|REPUBLICA DE COREA|UNIDAD NACIONAL	0
ASIA|REPUBLICA DE COREA|VOTOS EN BLANCO	10
ASIA|REPUBLICA DE COREA|VOTOS NULOS	2
ASIA|REPÚBLICA POPULAR CHINA|AHORA NACIÓN - AN	11
ASIA|REPÚBLICA POPULAR CHINA|ALIANZA ELECTORAL VENCEREMOS	2
ASIA|REPÚBLICA POPULAR CHINA|ALIANZA PARA EL PROGRESO	0
ASIA|REPÚBLICA POPULAR CHINA|AVANZA PAÍS - PARTIDO DE INTEGRACIÓN SOCIAL	0
ASIA|REPÚBLICA POPULAR CHINA|FE EN EL PERÚ	0
ASIA|REPÚBLICA POPULAR CHINA|FUERZA POPULAR	23
ASIA|REPÚBLICA POPULAR CHINA|FUERZA Y LIBERTAD	1
ASIA|REPÚBLICA POPULAR CHINA|JUNTOS POR EL PERÚ	3
ASIA|REPÚBLICA POPULAR CHINA|LIBERTAD POPULAR	1
ASIA|REPÚBLICA POPULAR CHINA|PARTIDO APRISTA PERUANO	1
ASIA|REPÚBLICA POPULAR CHINA|PARTIDO CÍVICO OBRAS	5
ASIA|REPÚBLICA POPULAR CHINA|PARTIDO DE LOS TRABAJADORES Y EMPRENDEDORES PTE - PERÚ	0
ASIA|REPÚBLICA POPULAR CHINA|PARTIDO DEL BUEN GOBIERNO	25
ASIA|REPÚBLICA POPULAR CHINA|PARTIDO DEMOCRATICO FEDERAL	0
ASIA|REPÚBLICA POPULAR CHINA|PARTIDO DEMOCRÁTICO SOMOS PERÚ	0
ASIA|REPÚBLICA POPULAR CHINA|PARTIDO DEMÓCRATA UNIDO PERÚ	1
ASIA|REPÚBLICA POPULAR CHINA|PARTIDO DEMÓCRATA VERDE	1
ASIA|REPÚBLICA POPULAR CHINA|PARTIDO FRENTE DE LA ESPERANZA 2021	1
ASIA|REPÚBLICA POPULAR CHINA|PARTIDO MORADO	2
ASIA|REPÚBLICA POPULAR CHINA|PARTIDO PATRIÓTICO DEL PERÚ	0
ASIA|REPÚBLICA POPULAR CHINA|PARTIDO PAÍS PARA TODOS	5
ASIA|REPÚBLICA POPULAR CHINA|PARTIDO POLÍTICO COOPERACIÓN POPULAR	1
ASIA|REPÚBLICA POPULAR CHINA|PARTIDO POLÍTICO INTEGRIDAD DEMOCRÁTICA	1
ASIA|REPÚBLICA POPULAR CHINA|PARTIDO POLÍTICO NACIONAL PERÚ LIBRE	0
ASIA|REPÚBLICA POPULAR CHINA|PARTIDO POLÍTICO PERÚ ACCIÓN	0
ASIA|REPÚBLICA POPULAR CHINA|PARTIDO POLÍTICO PERÚ PRIMERO	0
ASIA|REPÚBLICA POPULAR CHINA|PARTIDO POLÍTICO PRIN	0
ASIA|REPÚBLICA POPULAR CHINA|PARTIDO SICREO	1
ASIA|REPÚBLICA POPULAR CHINA|PERÚ MODERNO	0
ASIA|REPÚBLICA POPULAR CHINA|PODEMOS PERÚ	1
ASIA|REPÚBLICA POPULAR CHINA|PRIMERO LA GENTE – COMUNIDAD, ECOLOGÍA, LIBERTAD Y PROGRESO	7
ASIA|REPÚBLICA POPULAR CHINA|PROGRESEMOS	0
ASIA|REPÚBLICA POPULAR CHINA|RENOVACIÓN POPULAR	48
ASIA|REPÚBLICA POPULAR CHINA|SALVEMOS AL PERÚ	0
ASIA|REPÚBLICA POPULAR CHINA|UN CAMINO DIFERENTE	0
ASIA|REPÚBLICA POPULAR CHINA|UNIDAD NACIONAL	0
ASIA|REPÚBLICA POPULAR CHINA|VOTOS EN BLANCO	25
ASIA|REPÚBLICA POPULAR CHINA|VOTOS NULOS	8
ASIA|SINGAPUR|AHORA NACIÓN - AN	3
ASIA|SINGAPUR|ALIANZA ELECTORAL VENCEREMOS	0
ASIA|SINGAPUR|ALIANZA PARA EL PROGRESO	0
ASIA|SINGAPUR|AVANZA PAÍS - PARTIDO DE INTEGRACIÓN SOCIAL	0
ASIA|SINGAPUR|FE EN EL PERÚ	0
ASIA|SINGAPUR|FUERZA POPULAR	2
ASIA|SINGAPUR|FUERZA Y LIBERTAD	0
ASIA|SINGAPUR|JUNTOS POR EL PERÚ	0
ASIA|SINGAPUR|LIBERTAD POPULAR	0
ASIA|SINGAPUR|PARTIDO APRISTA PERUANO	0
ASIA|SINGAPUR|PARTIDO CÍVICO OBRAS	1
ASIA|SINGAPUR|PARTIDO DE LOS TRABAJADORES Y EMPRENDEDORES PTE - PERÚ	0
ASIA|SINGAPUR|PARTIDO DEL BUEN GOBIERNO	9
ASIA|SINGAPUR|PARTIDO DEMOCRATICO FEDERAL	0
ASIA|SINGAPUR|PARTIDO DEMOCRÁTICO SOMOS PERÚ	0
ASIA|SINGAPUR|PARTIDO DEMÓCRATA UNIDO PERÚ	0
ASIA|SINGAPUR|PARTIDO DEMÓCRATA VERDE	0
ASIA|SINGAPUR|PARTIDO FRENTE DE LA ESPERANZA 2021	0
ASIA|SINGAPUR|PARTIDO MORADO	1
ASIA|SINGAPUR|PARTIDO PATRIÓTICO DEL PERÚ	0
ASIA|SINGAPUR|PARTIDO PAÍS PARA TODOS	1
ASIA|SINGAPUR|PARTIDO POLÍTICO COOPERACIÓN POPULAR	0
ASIA|SINGAPUR|PARTIDO POLÍTICO INTEGRIDAD DEMOCRÁTICA	0
ASIA|SINGAPUR|PARTIDO POLÍTICO NACIONAL PERÚ LIBRE	0
ASIA|SINGAPUR|PARTIDO POLÍTICO PERÚ ACCIÓN	0
ASIA|SINGAPUR|PARTIDO POLÍTICO PERÚ PRIMERO	0
ASIA|SINGAPUR|PARTIDO POLÍTICO PRIN	0
ASIA|SINGAPUR|PARTIDO SICREO	0
ASIA|SINGAPUR|PERÚ MODERNO	0
ASIA|SINGAPUR|PODEMOS PERÚ	0
ASIA|SINGAPUR|PRIMERO LA GENTE – COMUNIDAD, ECOLOGÍA, LIBERTAD Y PROGRESO	2
ASIA|SINGAPUR|PROGRESEMOS	0
ASIA|SINGAPUR|RENOVACIÓN POPULAR	15
ASIA|SINGAPUR|SALVEMOS AL PERÚ	0
ASIA|SINGAPUR|UN CAMINO DIFERENTE	0
ASIA|SINGAPUR|UNIDAD NACIONAL	0
ASIA|SINGAPUR|VOTOS EN BLANCO	1
ASIA|SINGAPUR|VOTOS NULOS	0
ASIA|TAILANDIA|AHORA NACIÓN - AN	4
ASIA|TAILANDIA|ALIANZA ELECTORAL VENCEREMOS	2
ASIA|TAILANDIA|ALIANZA PARA EL PROGRESO	0
ASIA|TAILANDIA|AVANZA PAÍS - PARTIDO DE INTEGRACIÓN SOCIAL	0
ASIA|TAILANDIA|FE EN EL PERÚ	0
ASIA|TAILANDIA|FUERZA POPULAR	4
ASIA|TAILANDIA|FUERZA Y LIBERTAD	0
ASIA|TAILANDIA|JUNTOS POR EL PERÚ	0
ASIA|TAILANDIA|LIBERTAD POPULAR	1
ASIA|TAILANDIA|PARTIDO APRISTA PERUANO	0
ASIA|TAILANDIA|PARTIDO CÍVICO OBRAS	2
ASIA|TAILANDIA|PARTIDO DE LOS TRABAJADORES Y EMPRENDEDORES PTE - PERÚ	0
ASIA|TAILANDIA|PARTIDO DEL BUEN GOBIERNO	5
ASIA|TAILANDIA|PARTIDO DEMOCRATICO FEDERAL	0
ASIA|TAILANDIA|PARTIDO DEMOCRÁTICO SOMOS PERÚ	1
ASIA|TAILANDIA|PARTIDO DEMÓCRATA UNIDO PERÚ	0
ASIA|TAILANDIA|PARTIDO DEMÓCRATA VERDE	0
ASIA|TAILANDIA|PARTIDO FRENTE DE LA ESPERANZA 2021	0
ASIA|TAILANDIA|PARTIDO MORADO	0
ASIA|TAILANDIA|PARTIDO PATRIÓTICO DEL PERÚ	0
ASIA|TAILANDIA|PARTIDO PAÍS PARA TODOS	1
ASIA|TAILANDIA|PARTIDO POLÍTICO COOPERACIÓN POPULAR	1
ASIA|TAILANDIA|PARTIDO POLÍTICO INTEGRIDAD DEMOCRÁTICA	0
ASIA|TAILANDIA|PARTIDO POLÍTICO NACIONAL PERÚ LIBRE	0
ASIA|TAILANDIA|PARTIDO POLÍTICO PERÚ ACCIÓN	0
ASIA|TAILANDIA|PARTIDO POLÍTICO PERÚ PRIMERO	0
ASIA|TAILANDIA|PARTIDO POLÍTICO PRIN	0
ASIA|TAILANDIA|PARTIDO SICREO	0
ASIA|TAILANDIA|PERÚ MODERNO	0
ASIA|TAILANDIA|PODEMOS PERÚ	0
ASIA|TAILANDIA|PRIMERO LA GENTE – COMUNIDAD, ECOLOGÍA, LIBERTAD Y PROGRESO	2
ASIA|TAILANDIA|PROGRESEMOS	0
ASIA|TAILANDIA|RENOVACIÓN POPULAR	9
ASIA|TAILANDIA|SALVEMOS AL PERÚ	0
ASIA|TAILANDIA|UN CAMINO DIFERENTE	0
ASIA|TAILANDIA|UNIDAD NACIONAL	1
ASIA|TAILANDIA|VOTOS EN BLANCO	1
ASIA|TAILANDIA|VOTOS NULOS	0
ASIA|TURQUÍA|AHORA NACIÓN - AN	6
ASIA|TURQUÍA|ALIANZA ELECTORAL VENCEREMOS	0
ASIA|TURQUÍA|ALIANZA PARA EL PROGRESO	0
ASIA|TURQUÍA|AVANZA PAÍS - PARTIDO DE INTEGRACIÓN SOCIAL	0
ASIA|TURQUÍA|FE EN EL PERÚ	0
ASIA|TURQUÍA|FUERZA POPULAR	1
ASIA|TURQUÍA|FUERZA Y LIBERTAD	0
ASIA|TURQUÍA|JUNTOS POR EL PERÚ	0
ASIA|TURQUÍA|LIBERTAD POPULAR	0
ASIA|TURQUÍA|PARTIDO APRISTA PERUANO	0
ASIA|TURQUÍA|PARTIDO CÍVICO OBRAS	0
ASIA|TURQUÍA|PARTIDO DE LOS TRABAJADORES Y EMPRENDEDORES PTE - PERÚ	0
ASIA|TURQUÍA|PARTIDO DEL BUEN GOBIERNO	6
ASIA|TURQUÍA|PARTIDO DEMOCRATICO FEDERAL	0
ASIA|TURQUÍA|PARTIDO DEMOCRÁTICO SOMOS PERÚ	0
ASIA|TURQUÍA|PARTIDO DEMÓCRATA UNIDO PERÚ	0
ASIA|TURQUÍA|PARTIDO DEMÓCRATA VERDE	0
ASIA|TURQUÍA|PARTIDO FRENTE DE LA ESPERANZA 2021	1
ASIA|TURQUÍA|PARTIDO MORADO	0
ASIA|TURQUÍA|PARTIDO PATRIÓTICO DEL PERÚ	0
ASIA|TURQUÍA|PARTIDO PAÍS PARA TODOS	2
ASIA|TURQUÍA|PARTIDO POLÍTICO COOPERACIÓN POPULAR	0
ASIA|TURQUÍA|PARTIDO POLÍTICO INTEGRIDAD DEMOCRÁTICA	0
ASIA|TURQUÍA|PARTIDO POLÍTICO NACIONAL PERÚ LIBRE	2
ASIA|TURQUÍA|PARTIDO POLÍTICO PERÚ ACCIÓN	0
ASIA|TURQUÍA|PARTIDO POLÍTICO PERÚ PRIMERO	0
ASIA|TURQUÍA|PARTIDO POLÍTICO PRIN	0
ASIA|TURQUÍA|PARTIDO SICREO	0
ASIA|TURQUÍA|PERÚ MODERNO	0
ASIA|TURQUÍA|PODEMOS PERÚ	0
ASIA|TURQUÍA|PRIMERO LA GENTE – COMUNIDAD, ECOLOGÍA, LIBERTAD Y PROGRESO	5
ASIA|TURQUÍA|PROGRESEMOS	0
ASIA|TURQUÍA|RENOVACIÓN POPULAR	12
ASIA|TURQUÍA|SALVEMOS AL PERÚ	0
ASIA|TURQUÍA|UN CAMINO DIFERENTE	0
ASIA|TURQUÍA|UNIDAD NACIONAL	0
ASIA|TURQUÍA|VOTOS EN BLANCO	4
ASIA|TURQUÍA|VOTOS NULOS	2
ASIA|VIETNAM|AHORA NACIÓN - AN	1
ASIA|VIETNAM|ALIANZA ELECTORAL VENCEREMOS	0
ASIA|VIETNAM|ALIANZA PARA EL PROGRESO	0
ASIA|VIETNAM|AVANZA PAÍS - PARTIDO DE INTEGRACIÓN SOCIAL	0
ASIA|VIETNAM|FE EN EL PERÚ	0
ASIA|VIETNAM|FUERZA POPULAR	0
ASIA|VIETNAM|FUERZA Y LIBERTAD	0
ASIA|VIETNAM|JUNTOS POR EL PERÚ	0
ASIA|VIETNAM|LIBERTAD POPULAR	0
ASIA|VIETNAM|PARTIDO APRISTA PERUANO	0
ASIA|VIETNAM|PARTIDO CÍVICO OBRAS	0
ASIA|VIETNAM|PARTIDO DE LOS TRABAJADORES Y EMPRENDEDORES PTE - PERÚ	0
ASIA|VIETNAM|PARTIDO DEL BUEN GOBIERNO	1
ASIA|VIETNAM|PARTIDO DEMOCRATICO FEDERAL	0
ASIA|VIETNAM|PARTIDO DEMOCRÁTICO SOMOS PERÚ	0
ASIA|VIETNAM|PARTIDO DEMÓCRATA UNIDO PERÚ	0
ASIA|VIETNAM|PARTIDO DEMÓCRATA VERDE	0
ASIA|VIETNAM|PARTIDO FRENTE DE LA ESPERANZA 2021	0
ASIA|VIETNAM|PARTIDO MORADO	0
ASIA|VIETNAM|PARTIDO PATRIÓTICO DEL PERÚ	0
ASIA|VIETNAM|PARTIDO PAÍS PARA TODOS	0
ASIA|VIETNAM|PARTIDO POLÍTICO COOPERACIÓN POPULAR	0
ASIA|VIETNAM|PARTIDO POLÍTICO INTEGRIDAD DEMOCRÁTICA	1
ASIA|VIETNAM|PARTIDO POLÍTICO NACIONAL PERÚ LIBRE	0
ASIA|VIETNAM|PARTIDO POLÍTICO PERÚ ACCIÓN	0
ASIA|VIETNAM|PARTIDO POLÍTICO PERÚ PRIMERO	0
ASIA|VIETNAM|PARTIDO POLÍTICO PRIN	0
ASIA|VIETNAM|PARTIDO SICREO	0
ASIA|VIETNAM|PERÚ MODERNO	0
ASIA|VIETNAM|PODEMOS PERÚ	0
ASIA|VIETNAM|PRIMERO LA GENTE – COMUNIDAD, ECOLOGÍA, LIBERTAD Y PROGRESO	0
ASIA|VIETNAM|PROGRESEMOS	0
ASIA|VIETNAM|RENOVACIÓN POPULAR	2
ASIA|VIETNAM|SALVEMOS AL PERÚ	0
ASIA|VIETNAM|UN CAMINO DIFERENTE	0
ASIA|VIETNAM|UNIDAD NACIONAL	0
ASIA|VIETNAM|VOTOS EN BLANCO	0
ASIA|VIETNAM|VOTOS NULOS	0
AYACUCHO|CANGALLO|AHORA NACIÓN - AN	1450
AYACUCHO|CANGALLO|ALIANZA ELECTORAL VENCEREMOS	233
AYACUCHO|CANGALLO|ALIANZA PARA EL PROGRESO	68
AYACUCHO|CANGALLO|AVANZA PAÍS - PARTIDO DE INTEGRACIÓN SOCIAL	9
AYACUCHO|CANGALLO|FE EN EL PERÚ	43
AYACUCHO|CANGALLO|FUERZA POPULAR	759
AYACUCHO|CANGALLO|FUERZA Y LIBERTAD	11
AYACUCHO|CANGALLO|JUNTOS POR EL PERÚ	6826
AYACUCHO|CANGALLO|LIBERTAD POPULAR	86
AYACUCHO|CANGALLO|PARTIDO APRISTA PERUANO	29
AYACUCHO|CANGALLO|PARTIDO CÍVICO OBRAS	2069
AYACUCHO|CANGALLO|PARTIDO DE LOS TRABAJADORES Y EMPRENDEDORES PTE - PERÚ	13
AYACUCHO|CANGALLO|PARTIDO DEL BUEN GOBIERNO	325
AYACUCHO|CANGALLO|PARTIDO DEMOCRATICO FEDERAL	23
AYACUCHO|CANGALLO|PARTIDO DEMOCRÁTICO SOMOS PERÚ	34
AYACUCHO|CANGALLO|PARTIDO DEMÓCRATA UNIDO PERÚ	305
AYACUCHO|CANGALLO|PARTIDO DEMÓCRATA VERDE	96
AYACUCHO|CANGALLO|PARTIDO FRENTE DE LA ESPERANZA 2021	218
AYACUCHO|CANGALLO|PARTIDO MORADO	27
AYACUCHO|CANGALLO|PARTIDO PATRIÓTICO DEL PERÚ	142
AYACUCHO|CANGALLO|PARTIDO PAÍS PARA TODOS	108
AYACUCHO|CANGALLO|PARTIDO POLÍTICO COOPERACIÓN POPULAR	133
AYACUCHO|CANGALLO|PARTIDO POLÍTICO INTEGRIDAD DEMOCRÁTICA	17
AYACUCHO|CANGALLO|PARTIDO POLÍTICO NACIONAL PERÚ LIBRE	180
AYACUCHO|CANGALLO|PARTIDO POLÍTICO PERÚ ACCIÓN	32
AYACUCHO|CANGALLO|PARTIDO POLÍTICO PERÚ PRIMERO	139
AYACUCHO|CANGALLO|PARTIDO POLÍTICO PRIN	12
AYACUCHO|CANGALLO|PARTIDO SICREO	142
AYACUCHO|CANGALLO|PERÚ MODERNO	26
AYACUCHO|CANGALLO|PODEMOS PERÚ	374
AYACUCHO|CANGALLO|PRIMERO LA GENTE – COMUNIDAD, ECOLOGÍA, LIBERTAD Y PROGRESO	110
AYACUCHO|CANGALLO|PROGRESEMOS	60
AYACUCHO|CANGALLO|RENOVACIÓN POPULAR	172
AYACUCHO|CANGALLO|SALVEMOS AL PERÚ	36
AYACUCHO|CANGALLO|UN CAMINO DIFERENTE	16
AYACUCHO|CANGALLO|UNIDAD NACIONAL	9
AYACUCHO|CANGALLO|VOTOS EN BLANCO	3263
AYACUCHO|CANGALLO|VOTOS NULOS	1237
AYACUCHO|HUAMANGA|AHORA NACIÓN - AN	25255
AYACUCHO|HUAMANGA|ALIANZA ELECTORAL VENCEREMOS	1719
AYACUCHO|HUAMANGA|ALIANZA PARA EL PROGRESO	1014
AYACUCHO|HUAMANGA|AVANZA PAÍS - PARTIDO DE INTEGRACIÓN SOCIAL	95
AYACUCHO|HUAMANGA|FE EN EL PERÚ	190
AYACUCHO|HUAMANGA|FUERZA POPULAR	11512
AYACUCHO|HUAMANGA|FUERZA Y LIBERTAD	255
AYACUCHO|HUAMANGA|JUNTOS POR EL PERÚ	33902
AYACUCHO|HUAMANGA|LIBERTAD POPULAR	998
AYACUCHO|HUAMANGA|PARTIDO APRISTA PERUANO	450
AYACUCHO|HUAMANGA|PARTIDO CÍVICO OBRAS	20976
AYACUCHO|HUAMANGA|PARTIDO DE LOS TRABAJADORES Y EMPRENDEDORES PTE - PERÚ	108
AYACUCHO|HUAMANGA|PARTIDO DEL BUEN GOBIERNO	11437
AYACUCHO|HUAMANGA|PARTIDO DEMOCRATICO FEDERAL	235
AYACUCHO|HUAMANGA|PARTIDO DEMOCRÁTICO SOMOS PERÚ	964
AYACUCHO|HUAMANGA|PARTIDO DEMÓCRATA UNIDO PERÚ	1881
AYACUCHO|HUAMANGA|PARTIDO DEMÓCRATA VERDE	730
AYACUCHO|HUAMANGA|PARTIDO FRENTE DE LA ESPERANZA 2021	4144
AYACUCHO|HUAMANGA|PARTIDO MORADO	553
AYACUCHO|HUAMANGA|PARTIDO PATRIÓTICO DEL PERÚ	1476
AYACUCHO|HUAMANGA|PARTIDO PAÍS PARA TODOS	4506
AYACUCHO|HUAMANGA|PARTIDO POLÍTICO COOPERACIÓN POPULAR	2041
AYACUCHO|HUAMANGA|PARTIDO POLÍTICO INTEGRIDAD DEMOCRÁTICA	313
AYACUCHO|HUAMANGA|PARTIDO POLÍTICO NACIONAL PERÚ LIBRE	1351
AYACUCHO|HUAMANGA|PARTIDO POLÍTICO PERÚ ACCIÓN	293
AYACUCHO|HUAMANGA|PARTIDO POLÍTICO PERÚ PRIMERO	1530
AYACUCHO|HUAMANGA|PARTIDO POLÍTICO PRIN	68
AYACUCHO|HUAMANGA|PARTIDO SICREO	3970
AYACUCHO|HUAMANGA|PERÚ MODERNO	99
AYACUCHO|HUAMANGA|PODEMOS PERÚ	2306
AYACUCHO|HUAMANGA|PRIMERO LA GENTE – COMUNIDAD, ECOLOGÍA, LIBERTAD Y PROGRESO	3714
AYACUCHO|HUAMANGA|PROGRESEMOS	581
AYACUCHO|HUAMANGA|RENOVACIÓN POPULAR	5011
AYACUCHO|HUAMANGA|SALVEMOS AL PERÚ	227
AYACUCHO|HUAMANGA|UN CAMINO DIFERENTE	259
AYACUCHO|HUAMANGA|UNIDAD NACIONAL	253
AYACUCHO|HUAMANGA|VOTOS EN BLANCO	20086
AYACUCHO|HUAMANGA|VOTOS NULOS	8315
AYACUCHO|HUANCA SANCOS|AHORA NACIÓN - AN	607
AYACUCHO|HUANCA SANCOS|ALIANZA ELECTORAL VENCEREMOS	57
AYACUCHO|HUANCA SANCOS|ALIANZA PARA EL PROGRESO	20
AYACUCHO|HUANCA SANCOS|AVANZA PAÍS - PARTIDO DE INTEGRACIÓN SOCIAL	2
AYACUCHO|HUANCA SANCOS|FE EN EL PERÚ	10
AYACUCHO|HUANCA SANCOS|FUERZA POPULAR	181
AYACUCHO|HUANCA SANCOS|FUERZA Y LIBERTAD	4
AYACUCHO|HUANCA SANCOS|JUNTOS POR EL PERÚ	1623
AYACUCHO|HUANCA SANCOS|LIBERTAD POPULAR	11
AYACUCHO|HUANCA SANCOS|PARTIDO APRISTA PERUANO	13
AYACUCHO|HUANCA SANCOS|PARTIDO CÍVICO OBRAS	493
AYACUCHO|HUANCA SANCOS|PARTIDO DE LOS TRABAJADORES Y EMPRENDEDORES PTE - PERÚ	7
AYACUCHO|HUANCA SANCOS|PARTIDO DEL BUEN GOBIERNO	143
AYACUCHO|HUANCA SANCOS|PARTIDO DEMOCRATICO FEDERAL	4
AYACUCHO|HUANCA SANCOS|PARTIDO DEMOCRÁTICO SOMOS PERÚ	25
AYACUCHO|HUANCA SANCOS|PARTIDO DEMÓCRATA UNIDO PERÚ	99
AYACUCHO|HUANCA SANCOS|PARTIDO DEMÓCRATA VERDE	32
AYACUCHO|HUANCA SANCOS|PARTIDO FRENTE DE LA ESPERANZA 2021	53
AYACUCHO|HUANCA SANCOS|PARTIDO MORADO	7
AYACUCHO|HUANCA SANCOS|PARTIDO PATRIÓTICO DEL PERÚ	33
AYACUCHO|HUANCA SANCOS|PARTIDO PAÍS PARA TODOS	30
AYACUCHO|HUANCA SANCOS|PARTIDO POLÍTICO COOPERACIÓN POPULAR	40
AYACUCHO|HUANCA SANCOS|PARTIDO POLÍTICO INTEGRIDAD DEMOCRÁTICA	5
AYACUCHO|HUANCA SANCOS|PARTIDO POLÍTICO NACIONAL PERÚ LIBRE	74
AYACUCHO|HUANCA SANCOS|PARTIDO POLÍTICO PERÚ ACCIÓN	17
AYACUCHO|HUANCA SANCOS|PARTIDO POLÍTICO PERÚ PRIMERO	14
AYACUCHO|HUANCA SANCOS|PARTIDO POLÍTICO PRIN	7
AYACUCHO|HUANCA SANCOS|PARTIDO SICREO	49
AYACUCHO|HUANCA SANCOS|PERÚ MODERNO	1
AYACUCHO|HUANCA SANCOS|PODEMOS PERÚ	92
AYACUCHO|HUANCA SANCOS|PRIMERO LA GENTE – COMUNIDAD, ECOLOGÍA, LIBERTAD Y PROGRESO	41
AYACUCHO|HUANCA SANCOS|PROGRESEMOS	19
AYACUCHO|HUANCA SANCOS|RENOVACIÓN POPULAR	66
AYACUCHO|HUANCA SANCOS|SALVEMOS AL PERÚ	4
AYACUCHO|HUANCA SANCOS|UN CAMINO DIFERENTE	0
AYACUCHO|HUANCA SANCOS|UNIDAD NACIONAL	3
AYACUCHO|HUANCA SANCOS|VOTOS EN BLANCO	778
AYACUCHO|HUANCA SANCOS|VOTOS NULOS	301
AYACUCHO|HUANTA|AHORA NACIÓN - AN	5461
AYACUCHO|HUANTA|ALIANZA ELECTORAL VENCEREMOS	565
AYACUCHO|HUANTA|ALIANZA PARA EL PROGRESO	443
AYACUCHO|HUANTA|AVANZA PAÍS - PARTIDO DE INTEGRACIÓN SOCIAL	29
AYACUCHO|HUANTA|FE EN EL PERÚ	86
AYACUCHO|HUANTA|FUERZA POPULAR	3376
AYACUCHO|HUANTA|FUERZA Y LIBERTAD	45
AYACUCHO|HUANTA|JUNTOS POR EL PERÚ	12893
AYACUCHO|HUANTA|LIBERTAD POPULAR	204
AYACUCHO|HUANTA|PARTIDO APRISTA PERUANO	204
AYACUCHO|HUANTA|PARTIDO CÍVICO OBRAS	6366
AYACUCHO|HUANTA|PARTIDO DE LOS TRABAJADORES Y EMPRENDEDORES PTE - PERÚ	35
AYACUCHO|HUANTA|PARTIDO DEL BUEN GOBIERNO	1383
AYACUCHO|HUANTA|PARTIDO DEMOCRATICO FEDERAL	59
AYACUCHO|HUANTA|PARTIDO DEMOCRÁTICO SOMOS PERÚ	196
AYACUCHO|HUANTA|PARTIDO DEMÓCRATA UNIDO PERÚ	806
AYACUCHO|HUANTA|PARTIDO DEMÓCRATA VERDE	200
AYACUCHO|HUANTA|PARTIDO FRENTE DE LA ESPERANZA 2021	732
AYACUCHO|HUANTA|PARTIDO MORADO	149
AYACUCHO|HUANTA|PARTIDO PATRIÓTICO DEL PERÚ	497
AYACUCHO|HUANTA|PARTIDO PAÍS PARA TODOS	716
AYACUCHO|HUANTA|PARTIDO POLÍTICO COOPERACIÓN POPULAR	317
AYACUCHO|HUANTA|PARTIDO POLÍTICO INTEGRIDAD DEMOCRÁTICA	79
AYACUCHO|HUANTA|PARTIDO POLÍTICO NACIONAL PERÚ LIBRE	434
AYACUCHO|HUANTA|PARTIDO POLÍTICO PERÚ ACCIÓN	96
AYACUCHO|HUANTA|PARTIDO POLÍTICO PERÚ PRIMERO	250
AYACUCHO|HUANTA|PARTIDO POLÍTICO PRIN	19
AYACUCHO|HUANTA|PARTIDO SICREO	684
AYACUCHO|HUANTA|PERÚ MODERNO	12
AYACUCHO|HUANTA|PODEMOS PERÚ	1507
AYACUCHO|HUANTA|PRIMERO LA GENTE – COMUNIDAD, ECOLOGÍA, LIBERTAD Y PROGRESO	509
AYACUCHO|HUANTA|PROGRESEMOS	173
AYACUCHO|HUANTA|RENOVACIÓN POPULAR	1014
AYACUCHO|HUANTA|SALVEMOS AL PERÚ	65
AYACUCHO|HUANTA|UN CAMINO DIFERENTE	72
AYACUCHO|HUANTA|UNIDAD NACIONAL	50
AYACUCHO|HUANTA|VOTOS EN BLANCO	8062
AYACUCHO|HUANTA|VOTOS NULOS	2905
AYACUCHO|LA MAR|AHORA NACIÓN - AN	2365
AYACUCHO|LA MAR|ALIANZA ELECTORAL VENCEREMOS	281
AYACUCHO|LA MAR|ALIANZA PARA EL PROGRESO	167
AYACUCHO|LA MAR|AVANZA PAÍS - PARTIDO DE INTEGRACIÓN SOCIAL	13
AYACUCHO|LA MAR|FE EN EL PERÚ	92
AYACUCHO|LA MAR|FUERZA POPULAR	2476
AYACUCHO|LA MAR|FUERZA Y LIBERTAD	30
AYACUCHO|LA MAR|JUNTOS POR EL PERÚ	12570
AYACUCHO|LA MAR|LIBERTAD POPULAR	137
AYACUCHO|LA MAR|PARTIDO APRISTA PERUANO	54
AYACUCHO|LA MAR|PARTIDO CÍVICO OBRAS	4465
AYACUCHO|LA MAR|PARTIDO DE LOS TRABAJADORES Y EMPRENDEDORES PTE - PERÚ	21
AYACUCHO|LA MAR|PARTIDO DEL BUEN GOBIERNO	547
AYACUCHO|LA MAR|PARTIDO DEMOCRATICO FEDERAL	58
AYACUCHO|LA MAR|PARTIDO DEMOCRÁTICO SOMOS PERÚ	107
AYACUCHO|LA MAR|PARTIDO DEMÓCRATA UNIDO PERÚ	643
AYACUCHO|LA MAR|PARTIDO DEMÓCRATA VERDE	219
AYACUCHO|LA MAR|PARTIDO FRENTE DE LA ESPERANZA 2021	518
AYACUCHO|LA MAR|PARTIDO MORADO	33
AYACUCHO|LA MAR|PARTIDO PATRIÓTICO DEL PERÚ	276
AYACUCHO|LA MAR|PARTIDO PAÍS PARA TODOS	341
AYACUCHO|LA MAR|PARTIDO POLÍTICO COOPERACIÓN POPULAR	340
AYACUCHO|LA MAR|PARTIDO POLÍTICO INTEGRIDAD DEMOCRÁTICA	30
AYACUCHO|LA MAR|PARTIDO POLÍTICO NACIONAL PERÚ LIBRE	390
AYACUCHO|LA MAR|PARTIDO POLÍTICO PERÚ ACCIÓN	66
AYACUCHO|LA MAR|PARTIDO POLÍTICO PERÚ PRIMERO	213
AYACUCHO|LA MAR|PARTIDO POLÍTICO PRIN	22
AYACUCHO|LA MAR|PARTIDO SICREO	304
AYACUCHO|LA MAR|PERÚ MODERNO	15
AYACUCHO|LA MAR|PODEMOS PERÚ	690
AYACUCHO|LA MAR|PRIMERO LA GENTE – COMUNIDAD, ECOLOGÍA, LIBERTAD Y PROGRESO	196
AYACUCHO|LA MAR|PROGRESEMOS	128
AYACUCHO|LA MAR|RENOVACIÓN POPULAR	524
AYACUCHO|LA MAR|SALVEMOS AL PERÚ	99
AYACUCHO|LA MAR|UN CAMINO DIFERENTE	26
AYACUCHO|LA MAR|UNIDAD NACIONAL	25
AYACUCHO|LA MAR|VOTOS EN BLANCO	7427
AYACUCHO|LA MAR|VOTOS NULOS	2187
AYACUCHO|LUCANAS|AHORA NACIÓN - AN	2055
AYACUCHO|LUCANAS|ALIANZA ELECTORAL VENCEREMOS	345
AYACUCHO|LUCANAS|ALIANZA PARA EL PROGRESO	111
AYACUCHO|LUCANAS|AVANZA PAÍS - PARTIDO DE INTEGRACIÓN SOCIAL	9
AYACUCHO|LUCANAS|FE EN EL PERÚ	41
AYACUCHO|LUCANAS|FUERZA POPULAR	2275
AYACUCHO|LUCANAS|FUERZA Y LIBERTAD	20
AYACUCHO|LUCANAS|JUNTOS POR EL PERÚ	6743
AYACUCHO|LUCANAS|LIBERTAD POPULAR	136
AYACUCHO|LUCANAS|PARTIDO APRISTA PERUANO	140
AYACUCHO|LUCANAS|PARTIDO CÍVICO OBRAS	2243
AYACUCHO|LUCANAS|PARTIDO DE LOS TRABAJADORES Y EMPRENDEDORES PTE - PERÚ	12
AYACUCHO|LUCANAS|PARTIDO DEL BUEN GOBIERNO	736
AYACUCHO|LUCANAS|PARTIDO DEMOCRATICO FEDERAL	23
AYACUCHO|LUCANAS|PARTIDO DEMOCRÁTICO SOMOS PERÚ	58
AYACUCHO|LUCANAS|PARTIDO DEMÓCRATA UNIDO PERÚ	395
AYACUCHO|LUCANAS|PARTIDO DEMÓCRATA VERDE	111
AYACUCHO|LUCANAS|PARTIDO FRENTE DE LA ESPERANZA 2021	231
AYACUCHO|LUCANAS|PARTIDO MORADO	52
AYACUCHO|LUCANAS|PARTIDO PATRIÓTICO DEL PERÚ	164
AYACUCHO|LUCANAS|PARTIDO PAÍS PARA TODOS	361
AYACUCHO|LUCANAS|PARTIDO POLÍTICO COOPERACIÓN POPULAR	186
AYACUCHO|LUCANAS|PARTIDO POLÍTICO INTEGRIDAD DEMOCRÁTICA	20
AYACUCHO|LUCANAS|PARTIDO POLÍTICO NACIONAL PERÚ LIBRE	419
AYACUCHO|LUCANAS|PARTIDO POLÍTICO PERÚ ACCIÓN	31
AYACUCHO|LUCANAS|PARTIDO POLÍTICO PERÚ PRIMERO	92
AYACUCHO|LUCANAS|PARTIDO POLÍTICO PRIN	12
AYACUCHO|LUCANAS|PARTIDO SICREO	296
AYACUCHO|LUCANAS|PERÚ MODERNO	7
AYACUCHO|LUCANAS|PODEMOS PERÚ	580
AYACUCHO|LUCANAS|PRIMERO LA GENTE – COMUNIDAD, ECOLOGÍA, LIBERTAD Y PROGRESO	192
AYACUCHO|LUCANAS|PROGRESEMOS	88
AYACUCHO|LUCANAS|RENOVACIÓN POPULAR	381
AYACUCHO|LUCANAS|SALVEMOS AL PERÚ	59
AYACUCHO|LUCANAS|UN CAMINO DIFERENTE	41
AYACUCHO|LUCANAS|UNIDAD NACIONAL	21
AYACUCHO|LUCANAS|VOTOS EN BLANCO	4270
AYACUCHO|LUCANAS|VOTOS NULOS	1372
AYACUCHO|PARINACOCHAS|AHORA NACIÓN - AN	1024
AYACUCHO|PARINACOCHAS|ALIANZA ELECTORAL VENCEREMOS	92
AYACUCHO|PARINACOCHAS|ALIANZA PARA EL PROGRESO	59
AYACUCHO|PARINACOCHAS|AVANZA PAÍS - PARTIDO DE INTEGRACIÓN SOCIAL	7
AYACUCHO|PARINACOCHAS|FE EN EL PERÚ	16
AYACUCHO|PARINACOCHAS|FUERZA POPULAR	626
AYACUCHO|PARINACOCHAS|FUERZA Y LIBERTAD	25
AYACUCHO|PARINACOCHAS|JUNTOS POR EL PERÚ	3736
AYACUCHO|PARINACOCHAS|LIBERTAD POPULAR	21
AYACUCHO|PARINACOCHAS|PARTIDO APRISTA PERUANO	30
AYACUCHO|PARINACOCHAS|PARTIDO CÍVICO OBRAS	1063
AYACUCHO|PARINACOCHAS|PARTIDO DE LOS TRABAJADORES Y EMPRENDEDORES PTE - PERÚ	11
AYACUCHO|PARINACOCHAS|PARTIDO DEL BUEN GOBIERNO	406
AYACUCHO|PARINACOCHAS|PARTIDO DEMOCRATICO FEDERAL	13
AYACUCHO|PARINACOCHAS|PARTIDO DEMOCRÁTICO SOMOS PERÚ	31
AYACUCHO|PARINACOCHAS|PARTIDO DEMÓCRATA UNIDO PERÚ	134
AYACUCHO|PARINACOCHAS|PARTIDO DEMÓCRATA VERDE	72
AYACUCHO|PARINACOCHAS|PARTIDO FRENTE DE LA ESPERANZA 2021	121
AYACUCHO|PARINACOCHAS|PARTIDO MORADO	32
AYACUCHO|PARINACOCHAS|PARTIDO PATRIÓTICO DEL PERÚ	108
AYACUCHO|PARINACOCHAS|PARTIDO PAÍS PARA TODOS	144
AYACUCHO|PARINACOCHAS|PARTIDO POLÍTICO COOPERACIÓN POPULAR	109
AYACUCHO|PARINACOCHAS|PARTIDO POLÍTICO INTEGRIDAD DEMOCRÁTICA	10
AYACUCHO|PARINACOCHAS|PARTIDO POLÍTICO NACIONAL PERÚ LIBRE	147
AYACUCHO|PARINACOCHAS|PARTIDO POLÍTICO PERÚ ACCIÓN	30
AYACUCHO|PARINACOCHAS|PARTIDO POLÍTICO PERÚ PRIMERO	66
AYACUCHO|PARINACOCHAS|PARTIDO POLÍTICO PRIN	5
AYACUCHO|PARINACOCHAS|PARTIDO SICREO	158
AYACUCHO|PARINACOCHAS|PERÚ MODERNO	5
AYACUCHO|PARINACOCHAS|PODEMOS PERÚ	328
AYACUCHO|PARINACOCHAS|PRIMERO LA GENTE – COMUNIDAD, ECOLOGÍA, LIBERTAD Y PROGRESO	104
AYACUCHO|PARINACOCHAS|PROGRESEMOS	36
AYACUCHO|PARINACOCHAS|RENOVACIÓN POPULAR	183
AYACUCHO|PARINACOCHAS|SALVEMOS AL PERÚ	26
AYACUCHO|PARINACOCHAS|UN CAMINO DIFERENTE	15
AYACUCHO|PARINACOCHAS|UNIDAD NACIONAL	8
AYACUCHO|PARINACOCHAS|VOTOS EN BLANCO	2227
AYACUCHO|PARINACOCHAS|VOTOS NULOS	705
AYACUCHO|PÁUCAR DEL SARA SARA|AHORA NACIÓN - AN	513
AYACUCHO|PÁUCAR DEL SARA SARA|ALIANZA ELECTORAL VENCEREMOS	59
AYACUCHO|PÁUCAR DEL SARA SARA|ALIANZA PARA EL PROGRESO	18
AYACUCHO|PÁUCAR DEL SARA SARA|AVANZA PAÍS - PARTIDO DE INTEGRACIÓN SOCIAL	4
AYACUCHO|PÁUCAR DEL SARA SARA|FE EN EL PERÚ	10
AYACUCHO|PÁUCAR DEL SARA SARA|FUERZA POPULAR	453
AYACUCHO|PÁUCAR DEL SARA SARA|FUERZA Y LIBERTAD	8
AYACUCHO|PÁUCAR DEL SARA SARA|JUNTOS POR EL PERÚ	1332
AYACUCHO|PÁUCAR DEL SARA SARA|LIBERTAD POPULAR	19
AYACUCHO|PÁUCAR DEL SARA SARA|PARTIDO APRISTA PERUANO	21
AYACUCHO|PÁUCAR DEL SARA SARA|PARTIDO CÍVICO OBRAS	480
AYACUCHO|PÁUCAR DEL SARA SARA|PARTIDO DE LOS TRABAJADORES Y EMPRENDEDORES PTE - PERÚ	3
AYACUCHO|PÁUCAR DEL SARA SARA|PARTIDO DEL BUEN GOBIERNO	228
AYACUCHO|PÁUCAR DEL SARA SARA|PARTIDO DEMOCRATICO FEDERAL	6
AYACUCHO|PÁUCAR DEL SARA SARA|PARTIDO DEMOCRÁTICO SOMOS PERÚ	46
AYACUCHO|PÁUCAR DEL SARA SARA|PARTIDO DEMÓCRATA UNIDO PERÚ	63
AYACUCHO|PÁUCAR DEL SARA SARA|PARTIDO DEMÓCRATA VERDE	35
AYACUCHO|PÁUCAR DEL SARA SARA|PARTIDO FRENTE DE LA ESPERANZA 2021	51
AYACUCHO|PÁUCAR DEL SARA SARA|PARTIDO MORADO	11
AYACUCHO|PÁUCAR DEL SARA SARA|PARTIDO PATRIÓTICO DEL PERÚ	38
AYACUCHO|PÁUCAR DEL SARA SARA|PARTIDO PAÍS PARA TODOS	81
AYACUCHO|PÁUCAR DEL SARA SARA|PARTIDO POLÍTICO COOPERACIÓN POPULAR	34
AYACUCHO|PÁUCAR DEL SARA SARA|PARTIDO POLÍTICO INTEGRIDAD DEMOCRÁTICA	10
AYACUCHO|PÁUCAR DEL SARA SARA|PARTIDO POLÍTICO NACIONAL PERÚ LIBRE	42
AYACUCHO|PÁUCAR DEL SARA SARA|PARTIDO POLÍTICO PERÚ ACCIÓN	10
AYACUCHO|PÁUCAR DEL SARA SARA|PARTIDO POLÍTICO PERÚ PRIMERO	18
AYACUCHO|PÁUCAR DEL SARA SARA|PARTIDO POLÍTICO PRIN	5
AYACUCHO|PÁUCAR DEL SARA SARA|PARTIDO SICREO	38
AYACUCHO|PÁUCAR DEL SARA SARA|PERÚ MODERNO	1
AYACUCHO|PÁUCAR DEL SARA SARA|PODEMOS PERÚ	74
AYACUCHO|PÁUCAR DEL SARA SARA|PRIMERO LA GENTE – COMUNIDAD, ECOLOGÍA, LIBERTAD Y PROGRESO	31
AYACUCHO|PÁUCAR DEL SARA SARA|PROGRESEMOS	14
AYACUCHO|PÁUCAR DEL SARA SARA|RENOVACIÓN POPULAR	117
AYACUCHO|PÁUCAR DEL SARA SARA|SALVEMOS AL PERÚ	5
AYACUCHO|PÁUCAR DEL SARA SARA|UN CAMINO DIFERENTE	5
AYACUCHO|PÁUCAR DEL SARA SARA|UNIDAD NACIONAL	3
AYACUCHO|PÁUCAR DEL SARA SARA|VOTOS EN BLANCO	810
AYACUCHO|PÁUCAR DEL SARA SARA|VOTOS NULOS	237
AYACUCHO|SUCRE|AHORA NACIÓN - AN	365
AYACUCHO|SUCRE|ALIANZA ELECTORAL VENCEREMOS	39
AYACUCHO|SUCRE|ALIANZA PARA EL PROGRESO	35
AYACUCHO|SUCRE|AVANZA PAÍS - PARTIDO DE INTEGRACIÓN SOCIAL	2
AYACUCHO|SUCRE|FE EN EL PERÚ	11
AYACUCHO|SUCRE|FUERZA POPULAR	347
AYACUCHO|SUCRE|FUERZA Y LIBERTAD	5
AYACUCHO|SUCRE|JUNTOS POR EL PERÚ	1578
AYACUCHO|SUCRE|LIBERTAD POPULAR	5
AYACUCHO|SUCRE|PARTIDO APRISTA PERUANO	15
AYACUCHO|SUCRE|PARTIDO CÍVICO OBRAS	420
AYACUCHO|SUCRE|PARTIDO DE LOS TRABAJADORES Y EMPRENDEDORES PTE - PERÚ	3
AYACUCHO|SUCRE|PARTIDO DEL BUEN GOBIERNO	85
AYACUCHO|SUCRE|PARTIDO DEMOCRATICO FEDERAL	3
AYACUCHO|SUCRE|PARTIDO DEMOCRÁTICO SOMOS PERÚ	11
AYACUCHO|SUCRE|PARTIDO DEMÓCRATA UNIDO PERÚ	78
AYACUCHO|SUCRE|PARTIDO DEMÓCRATA VERDE	32
AYACUCHO|SUCRE|PARTIDO FRENTE DE LA ESPERANZA 2021	54
AYACUCHO|SUCRE|PARTIDO MORADO	4
AYACUCHO|SUCRE|PARTIDO PATRIÓTICO DEL PERÚ	28
AYACUCHO|SUCRE|PARTIDO PAÍS PARA TODOS	50
AYACUCHO|SUCRE|PARTIDO POLÍTICO COOPERACIÓN POPULAR	29
AYACUCHO|SUCRE|PARTIDO POLÍTICO INTEGRIDAD DEMOCRÁTICA	4
AYACUCHO|SUCRE|PARTIDO POLÍTICO NACIONAL PERÚ LIBRE	40
AYACUCHO|SUCRE|PARTIDO POLÍTICO PERÚ ACCIÓN	5
AYACUCHO|SUCRE|PARTIDO POLÍTICO PERÚ PRIMERO	22
AYACUCHO|SUCRE|PARTIDO POLÍTICO PRIN	1
AYACUCHO|SUCRE|PARTIDO SICREO	30
AYACUCHO|SUCRE|PERÚ MODERNO	4
AYACUCHO|SUCRE|PODEMOS PERÚ	221
AYACUCHO|SUCRE|PRIMERO LA GENTE – COMUNIDAD, ECOLOGÍA, LIBERTAD Y PROGRESO	134
AYACUCHO|SUCRE|PROGRESEMOS	16
AYACUCHO|SUCRE|RENOVACIÓN POPULAR	45
AYACUCHO|SUCRE|SALVEMOS AL PERÚ	5
AYACUCHO|SUCRE|UN CAMINO DIFERENTE	3
AYACUCHO|SUCRE|UNIDAD NACIONAL	2
AYACUCHO|SUCRE|VOTOS EN BLANCO	1101
AYACUCHO|SUCRE|VOTOS NULOS	272
AYACUCHO|VILCAS HUAMÁN|AHORA NACIÓN - AN	892
AYACUCHO|VILCAS HUAMÁN|ALIANZA ELECTORAL VENCEREMOS	66
AYACUCHO|VILCAS HUAMÁN|ALIANZA PARA EL PROGRESO	60
AYACUCHO|VILCAS HUAMÁN|AVANZA PAÍS - PARTIDO DE INTEGRACIÓN SOCIAL	7
AYACUCHO|VILCAS HUAMÁN|FE EN EL PERÚ	22
AYACUCHO|VILCAS HUAMÁN|FUERZA POPULAR	534
AYACUCHO|VILCAS HUAMÁN|FUERZA Y LIBERTAD	9
AYACUCHO|VILCAS HUAMÁN|JUNTOS POR EL PERÚ	3889
AYACUCHO|VILCAS HUAMÁN|LIBERTAD POPULAR	50
AYACUCHO|VILCAS HUAMÁN|PARTIDO APRISTA PERUANO	14
AYACUCHO|VILCAS HUAMÁN|PARTIDO CÍVICO OBRAS	976
AYACUCHO|VILCAS HUAMÁN|PARTIDO DE LOS TRABAJADORES Y EMPRENDEDORES PTE - PERÚ	6
AYACUCHO|VILCAS HUAMÁN|PARTIDO DEL BUEN GOBIERNO	169
AYACUCHO|VILCAS HUAMÁN|PARTIDO DEMOCRATICO FEDERAL	6
AYACUCHO|VILCAS HUAMÁN|PARTIDO DEMOCRÁTICO SOMOS PERÚ	68
AYACUCHO|VILCAS HUAMÁN|PARTIDO DEMÓCRATA UNIDO PERÚ	131
AYACUCHO|VILCAS HUAMÁN|PARTIDO DEMÓCRATA VERDE	45
AYACUCHO|VILCAS HUAMÁN|PARTIDO FRENTE DE LA ESPERANZA 2021	108
AYACUCHO|VILCAS HUAMÁN|PARTIDO MORADO	14
AYACUCHO|VILCAS HUAMÁN|PARTIDO PATRIÓTICO DEL PERÚ	64
AYACUCHO|VILCAS HUAMÁN|PARTIDO PAÍS PARA TODOS	83
AYACUCHO|VILCAS HUAMÁN|PARTIDO POLÍTICO COOPERACIÓN POPULAR	73
AYACUCHO|VILCAS HUAMÁN|PARTIDO POLÍTICO INTEGRIDAD DEMOCRÁTICA	13
AYACUCHO|VILCAS HUAMÁN|PARTIDO POLÍTICO NACIONAL PERÚ LIBRE	82
AYACUCHO|VILCAS HUAMÁN|PARTIDO POLÍTICO PERÚ ACCIÓN	21
AYACUCHO|VILCAS HUAMÁN|PARTIDO POLÍTICO PERÚ PRIMERO	63
AYACUCHO|VILCAS HUAMÁN|PARTIDO POLÍTICO PRIN	7
AYACUCHO|VILCAS HUAMÁN|PARTIDO SICREO	69
AYACUCHO|VILCAS HUAMÁN|PERÚ MODERNO	3
AYACUCHO|VILCAS HUAMÁN|PODEMOS PERÚ	276
AYACUCHO|VILCAS HUAMÁN|PRIMERO LA GENTE – COMUNIDAD, ECOLOGÍA, LIBERTAD Y PROGRESO	76
AYACUCHO|VILCAS HUAMÁN|PROGRESEMOS	33
AYACUCHO|VILCAS HUAMÁN|RENOVACIÓN POPULAR	108
AYACUCHO|VILCAS HUAMÁN|SALVEMOS AL PERÚ	20
AYACUCHO|VILCAS HUAMÁN|UN CAMINO DIFERENTE	20
AYACUCHO|VILCAS HUAMÁN|UNIDAD NACIONAL	7
AYACUCHO|VILCAS HUAMÁN|VOTOS EN BLANCO	2466
AYACUCHO|VILCAS HUAMÁN|VOTOS NULOS	680
AYACUCHO|VÍCTOR FAJARDO|AHORA NACIÓN - AN	846
AYACUCHO|VÍCTOR FAJARDO|ALIANZA ELECTORAL VENCEREMOS	243
AYACUCHO|VÍCTOR FAJARDO|ALIANZA PARA EL PROGRESO	40
AYACUCHO|VÍCTOR FAJARDO|AVANZA PAÍS - PARTIDO DE INTEGRACIÓN SOCIAL	9
AYACUCHO|VÍCTOR FAJARDO|FE EN EL PERÚ	22
AYACUCHO|VÍCTOR FAJARDO|FUERZA POPULAR	364
AYACUCHO|VÍCTOR FAJARDO|FUERZA Y LIBERTAD	12
AYACUCHO|VÍCTOR FAJARDO|JUNTOS POR EL PERÚ	3457
AYACUCHO|VÍCTOR FAJARDO|LIBERTAD POPULAR	61
AYACUCHO|VÍCTOR FAJARDO|PARTIDO APRISTA PERUANO	20
AYACUCHO|VÍCTOR FAJARDO|PARTIDO CÍVICO OBRAS	1320
AYACUCHO|VÍCTOR FAJARDO|PARTIDO DE LOS TRABAJADORES Y EMPRENDEDORES PTE - PERÚ	9
AYACUCHO|VÍCTOR FAJARDO|PARTIDO DEL BUEN GOBIERNO	203
AYACUCHO|VÍCTOR FAJARDO|PARTIDO DEMOCRATICO FEDERAL	21
AYACUCHO|VÍCTOR FAJARDO|PARTIDO DEMOCRÁTICO SOMOS PERÚ	20
AYACUCHO|VÍCTOR FAJARDO|PARTIDO DEMÓCRATA UNIDO PERÚ	180
AYACUCHO|VÍCTOR FAJARDO|PARTIDO DEMÓCRATA VERDE	61
AYACUCHO|VÍCTOR FAJARDO|PARTIDO FRENTE DE LA ESPERANZA 2021	144
AYACUCHO|VÍCTOR FAJARDO|PARTIDO MORADO	15
AYACUCHO|VÍCTOR FAJARDO|PARTIDO PATRIÓTICO DEL PERÚ	58
AYACUCHO|VÍCTOR FAJARDO|PARTIDO PAÍS PARA TODOS	103
AYACUCHO|VÍCTOR FAJARDO|PARTIDO POLÍTICO COOPERACIÓN POPULAR	85
AYACUCHO|VÍCTOR FAJARDO|PARTIDO POLÍTICO INTEGRIDAD DEMOCRÁTICA	6
AYACUCHO|VÍCTOR FAJARDO|PARTIDO POLÍTICO NACIONAL PERÚ LIBRE	175
AYACUCHO|VÍCTOR FAJARDO|PARTIDO POLÍTICO PERÚ ACCIÓN	12
AYACUCHO|VÍCTOR FAJARDO|PARTIDO POLÍTICO PERÚ PRIMERO	196
AYACUCHO|VÍCTOR FAJARDO|PARTIDO POLÍTICO PRIN	8
AYACUCHO|VÍCTOR FAJARDO|PARTIDO SICREO	87
AYACUCHO|VÍCTOR FAJARDO|PERÚ MODERNO	7
AYACUCHO|VÍCTOR FAJARDO|PODEMOS PERÚ	285
AYACUCHO|VÍCTOR FAJARDO|PRIMERO LA GENTE – COMUNIDAD, ECOLOGÍA, LIBERTAD Y PROGRESO	79
AYACUCHO|VÍCTOR FAJARDO|PROGRESEMOS	46
AYACUCHO|VÍCTOR FAJARDO|RENOVACIÓN POPULAR	105
AYACUCHO|VÍCTOR FAJARDO|SALVEMOS AL PERÚ	42
AYACUCHO|VÍCTOR FAJARDO|UN CAMINO DIFERENTE	27
AYACUCHO|VÍCTOR FAJARDO|UNIDAD NACIONAL	3
AYACUCHO|VÍCTOR FAJARDO|VOTOS EN BLANCO	2104
AYACUCHO|VÍCTOR FAJARDO|VOTOS NULOS	621
CAJAMARCA|CAJABAMBA|AHORA NACIÓN - AN	969
CAJAMARCA|CAJABAMBA|ALIANZA ELECTORAL VENCEREMOS	170
CAJAMARCA|CAJABAMBA|ALIANZA PARA EL PROGRESO	391
CAJAMARCA|CAJABAMBA|AVANZA PAÍS - PARTIDO DE INTEGRACIÓN SOCIAL	27
CAJAMARCA|CAJABAMBA|FE EN EL PERÚ	51
CAJAMARCA|CAJABAMBA|FUERZA POPULAR	6167
CAJAMARCA|CAJABAMBA|FUERZA Y LIBERTAD	41
CAJAMARCA|CAJABAMBA|JUNTOS POR EL PERÚ	9448
CAJAMARCA|CAJABAMBA|LIBERTAD POPULAR	78
CAJAMARCA|CAJABAMBA|PARTIDO APRISTA PERUANO	196
CAJAMARCA|CAJABAMBA|PARTIDO CÍVICO OBRAS	2643
CAJAMARCA|CAJABAMBA|PARTIDO DE LOS TRABAJADORES Y EMPRENDEDORES PTE - PERÚ	20
CAJAMARCA|CAJABAMBA|PARTIDO DEL BUEN GOBIERNO	1023
CAJAMARCA|CAJABAMBA|PARTIDO DEMOCRATICO FEDERAL	61
CAJAMARCA|CAJABAMBA|PARTIDO DEMOCRÁTICO SOMOS PERÚ	339
CAJAMARCA|CAJABAMBA|PARTIDO DEMÓCRATA UNIDO PERÚ	135
CAJAMARCA|CAJABAMBA|PARTIDO DEMÓCRATA VERDE	136
CAJAMARCA|CAJABAMBA|PARTIDO FRENTE DE LA ESPERANZA 2021	259
CAJAMARCA|CAJABAMBA|PARTIDO MORADO	159
CAJAMARCA|CAJABAMBA|PARTIDO PATRIÓTICO DEL PERÚ	263
CAJAMARCA|CAJABAMBA|PARTIDO PAÍS PARA TODOS	794
CAJAMARCA|CAJABAMBA|PARTIDO POLÍTICO COOPERACIÓN POPULAR	78
CAJAMARCA|CAJABAMBA|PARTIDO POLÍTICO INTEGRIDAD DEMOCRÁTICA	50
CAJAMARCA|CAJABAMBA|PARTIDO POLÍTICO NACIONAL PERÚ LIBRE	346
CAJAMARCA|CAJABAMBA|PARTIDO POLÍTICO PERÚ ACCIÓN	78
CAJAMARCA|CAJABAMBA|PARTIDO POLÍTICO PERÚ PRIMERO	200
CAJAMARCA|CAJABAMBA|PARTIDO POLÍTICO PRIN	23
CAJAMARCA|CAJABAMBA|PARTIDO SICREO	514
CAJAMARCA|CAJABAMBA|PERÚ MODERNO	30
CAJAMARCA|CAJABAMBA|PODEMOS PERÚ	823
CAJAMARCA|CAJABAMBA|PRIMERO LA GENTE – COMUNIDAD, ECOLOGÍA, LIBERTAD Y PROGRESO	426
CAJAMARCA|CAJABAMBA|PROGRESEMOS	81
CAJAMARCA|CAJABAMBA|RENOVACIÓN POPULAR	678
CAJAMARCA|CAJABAMBA|SALVEMOS AL PERÚ	85
CAJAMARCA|CAJABAMBA|UN CAMINO DIFERENTE	394
CAJAMARCA|CAJABAMBA|UNIDAD NACIONAL	26
CAJAMARCA|CAJABAMBA|VOTOS EN BLANCO	8696
CAJAMARCA|CAJABAMBA|VOTOS NULOS	3991
CAJAMARCA|CAJAMARCA|AHORA NACIÓN - AN	9631
CAJAMARCA|CAJAMARCA|ALIANZA ELECTORAL VENCEREMOS	998
CAJAMARCA|CAJAMARCA|ALIANZA PARA EL PROGRESO	2001
CAJAMARCA|CAJAMARCA|AVANZA PAÍS - PARTIDO DE INTEGRACIÓN SOCIAL	361
CAJAMARCA|CAJAMARCA|FE EN EL PERÚ	247
CAJAMARCA|CAJAMARCA|FUERZA POPULAR	32174
CAJAMARCA|CAJAMARCA|FUERZA Y LIBERTAD	242
CAJAMARCA|CAJAMARCA|JUNTOS POR EL PERÚ	47428
CAJAMARCA|CAJAMARCA|LIBERTAD POPULAR	1522
CAJAMARCA|CAJAMARCA|PARTIDO APRISTA PERUANO	1439
CAJAMARCA|CAJAMARCA|PARTIDO CÍVICO OBRAS	20734
CAJAMARCA|CAJAMARCA|PARTIDO DE LOS TRABAJADORES Y EMPRENDEDORES PTE - PERÚ	202
CAJAMARCA|CAJAMARCA|PARTIDO DEL BUEN GOBIERNO	16435
CAJAMARCA|CAJAMARCA|PARTIDO DEMOCRATICO FEDERAL	341
CAJAMARCA|CAJAMARCA|PARTIDO DEMOCRÁTICO SOMOS PERÚ	2519
CAJAMARCA|CAJAMARCA|PARTIDO DEMÓCRATA UNIDO PERÚ	720
CAJAMARCA|CAJAMARCA|PARTIDO DEMÓCRATA VERDE	798
CAJAMARCA|CAJAMARCA|PARTIDO FRENTE DE LA ESPERANZA 2021	2796
CAJAMARCA|CAJAMARCA|PARTIDO MORADO	1744
CAJAMARCA|CAJAMARCA|PARTIDO PATRIÓTICO DEL PERÚ	1705
CAJAMARCA|CAJAMARCA|PARTIDO PAÍS PARA TODOS	10741
CAJAMARCA|CAJAMARCA|PARTIDO POLÍTICO COOPERACIÓN POPULAR	869
CAJAMARCA|CAJAMARCA|PARTIDO POLÍTICO INTEGRIDAD DEMOCRÁTICA	656
CAJAMARCA|CAJAMARCA|PARTIDO POLÍTICO NACIONAL PERÚ LIBRE	1272
CAJAMARCA|CAJAMARCA|PARTIDO POLÍTICO PERÚ ACCIÓN	344
CAJAMARCA|CAJAMARCA|PARTIDO POLÍTICO PERÚ PRIMERO	1398
CAJAMARCA|CAJAMARCA|PARTIDO POLÍTICO PRIN	105
CAJAMARCA|CAJAMARCA|PARTIDO SICREO	6071
CAJAMARCA|CAJAMARCA|PERÚ MODERNO	153
CAJAMARCA|CAJAMARCA|PODEMOS PERÚ	2717
CAJAMARCA|CAJAMARCA|PRIMERO LA GENTE – COMUNIDAD, ECOLOGÍA, LIBERTAD Y PROGRESO	6126
CAJAMARCA|CAJAMARCA|PROGRESEMOS	458
CAJAMARCA|CAJAMARCA|RENOVACIÓN POPULAR	9577
CAJAMARCA|CAJAMARCA|SALVEMOS AL PERÚ	340
CAJAMARCA|CAJAMARCA|UN CAMINO DIFERENTE	913
CAJAMARCA|CAJAMARCA|UNIDAD NACIONAL	844
CAJAMARCA|CAJAMARCA|VOTOS EN BLANCO	29694
CAJAMARCA|CAJAMARCA|VOTOS NULOS	15146
CAJAMARCA|CELENDÍN|AHORA NACIÓN - AN	1468
CAJAMARCA|CELENDÍN|ALIANZA ELECTORAL VENCEREMOS	199
CAJAMARCA|CELENDÍN|ALIANZA PARA EL PROGRESO	324
CAJAMARCA|CELENDÍN|AVANZA PAÍS - PARTIDO DE INTEGRACIÓN SOCIAL	25
CAJAMARCA|CELENDÍN|FE EN EL PERÚ	52
CAJAMARCA|CELENDÍN|FUERZA POPULAR	2914
CAJAMARCA|CELENDÍN|FUERZA Y LIBERTAD	23
CAJAMARCA|CELENDÍN|JUNTOS POR EL PERÚ	17149
CAJAMARCA|CELENDÍN|LIBERTAD POPULAR	124
CAJAMARCA|CELENDÍN|PARTIDO APRISTA PERUANO	138
CAJAMARCA|CELENDÍN|PARTIDO CÍVICO OBRAS	3286
CAJAMARCA|CELENDÍN|PARTIDO DE LOS TRABAJADORES Y EMPRENDEDORES PTE - PERÚ	28
CAJAMARCA|CELENDÍN|PARTIDO DEL BUEN GOBIERNO	945
CAJAMARCA|CELENDÍN|PARTIDO DEMOCRATICO FEDERAL	36
CAJAMARCA|CELENDÍN|PARTIDO DEMOCRÁTICO SOMOS PERÚ	286
CAJAMARCA|CELENDÍN|PARTIDO DEMÓCRATA UNIDO PERÚ	62
CAJAMARCA|CELENDÍN|PARTIDO DEMÓCRATA VERDE	105
CAJAMARCA|CELENDÍN|PARTIDO FRENTE DE LA ESPERANZA 2021	227
CAJAMARCA|CELENDÍN|PARTIDO MORADO	127
CAJAMARCA|CELENDÍN|PARTIDO PATRIÓTICO DEL PERÚ	184
CAJAMARCA|CELENDÍN|PARTIDO PAÍS PARA TODOS	1037
CAJAMARCA|CELENDÍN|PARTIDO POLÍTICO COOPERACIÓN POPULAR	111
CAJAMARCA|CELENDÍN|PARTIDO POLÍTICO INTEGRIDAD DEMOCRÁTICA	26
CAJAMARCA|CELENDÍN|PARTIDO POLÍTICO NACIONAL PERÚ LIBRE	225
CAJAMARCA|CELENDÍN|PARTIDO POLÍTICO PERÚ ACCIÓN	37
CAJAMARCA|CELENDÍN|PARTIDO POLÍTICO PERÚ PRIMERO	446
CAJAMARCA|CELENDÍN|PARTIDO POLÍTICO PRIN	18
CAJAMARCA|CELENDÍN|PARTIDO SICREO	379
CAJAMARCA|CELENDÍN|PERÚ MODERNO	14
CAJAMARCA|CELENDÍN|PODEMOS PERÚ	893
CAJAMARCA|CELENDÍN|PRIMERO LA GENTE – COMUNIDAD, ECOLOGÍA, LIBERTAD Y PROGRESO	364
CAJAMARCA|CELENDÍN|PROGRESEMOS	56
CAJAMARCA|CELENDÍN|RENOVACIÓN POPULAR	648
CAJAMARCA|CELENDÍN|SALVEMOS AL PERÚ	78
CAJAMARCA|CELENDÍN|UN CAMINO DIFERENTE	65
CAJAMARCA|CELENDÍN|UNIDAD NACIONAL	58
CAJAMARCA|CELENDÍN|VOTOS EN BLANCO	7120
CAJAMARCA|CELENDÍN|VOTOS NULOS	2638
CAJAMARCA|CHOTA|AHORA NACIÓN - AN	2487
CAJAMARCA|CHOTA|ALIANZA ELECTORAL VENCEREMOS	444
CAJAMARCA|CHOTA|ALIANZA PARA EL PROGRESO	1857
CAJAMARCA|CHOTA|AVANZA PAÍS - PARTIDO DE INTEGRACIÓN SOCIAL	53
CAJAMARCA|CHOTA|FE EN EL PERÚ	86
CAJAMARCA|CHOTA|FUERZA POPULAR	5921
CAJAMARCA|CHOTA|FUERZA Y LIBERTAD	45
CAJAMARCA|CHOTA|JUNTOS POR EL PERÚ	38204
CAJAMARCA|CHOTA|LIBERTAD POPULAR	77
CAJAMARCA|CHOTA|PARTIDO APRISTA PERUANO	280
CAJAMARCA|CHOTA|PARTIDO CÍVICO OBRAS	8647
CAJAMARCA|CHOTA|PARTIDO DE LOS TRABAJADORES Y EMPRENDEDORES PTE - PERÚ	29
CAJAMARCA|CHOTA|PARTIDO DEL BUEN GOBIERNO	1469
CAJAMARCA|CHOTA|PARTIDO DEMOCRATICO FEDERAL	126
CAJAMARCA|CHOTA|PARTIDO DEMOCRÁTICO SOMOS PERÚ	643
CAJAMARCA|CHOTA|PARTIDO DEMÓCRATA UNIDO PERÚ	159
CAJAMARCA|CHOTA|PARTIDO DEMÓCRATA VERDE	197
CAJAMARCA|CHOTA|PARTIDO FRENTE DE LA ESPERANZA 2021	377
CAJAMARCA|CHOTA|PARTIDO MORADO	289
CAJAMARCA|CHOTA|PARTIDO PATRIÓTICO DEL PERÚ	413
CAJAMARCA|CHOTA|PARTIDO PAÍS PARA TODOS	656
CAJAMARCA|CHOTA|PARTIDO POLÍTICO COOPERACIÓN POPULAR	169
CAJAMARCA|CHOTA|PARTIDO POLÍTICO INTEGRIDAD DEMOCRÁTICA	111
CAJAMARCA|CHOTA|PARTIDO POLÍTICO NACIONAL PERÚ LIBRE	376
CAJAMARCA|CHOTA|PARTIDO POLÍTICO PERÚ ACCIÓN	91
CAJAMARCA|CHOTA|PARTIDO POLÍTICO PERÚ PRIMERO	200
CAJAMARCA|CHOTA|PARTIDO POLÍTICO PRIN	38
CAJAMARCA|CHOTA|PARTIDO SICREO	618
CAJAMARCA|CHOTA|PERÚ MODERNO	17
CAJAMARCA|CHOTA|PODEMOS PERÚ	1438
CAJAMARCA|CHOTA|PRIMERO LA GENTE – COMUNIDAD, ECOLOGÍA, LIBERTAD Y PROGRESO	503
CAJAMARCA|CHOTA|PROGRESEMOS	107
CAJAMARCA|CHOTA|RENOVACIÓN POPULAR	1243
CAJAMARCA|CHOTA|SALVEMOS AL PERÚ	108
CAJAMARCA|CHOTA|UN CAMINO DIFERENTE	101
CAJAMARCA|CHOTA|UNIDAD NACIONAL	66
CAJAMARCA|CHOTA|VOTOS EN BLANCO	12102
CAJAMARCA|CHOTA|VOTOS NULOS	4782
CAJAMARCA|CONTUMAZA|AHORA NACIÓN - AN	358
CAJAMARCA|CONTUMAZA|ALIANZA ELECTORAL VENCEREMOS	100
CAJAMARCA|CONTUMAZA|ALIANZA PARA EL PROGRESO	318
CAJAMARCA|CONTUMAZA|AVANZA PAÍS - PARTIDO DE INTEGRACIÓN SOCIAL	32
CAJAMARCA|CONTUMAZA|FE EN EL PERÚ	17
CAJAMARCA|CONTUMAZA|FUERZA POPULAR	2639
CAJAMARCA|CONTUMAZA|FUERZA Y LIBERTAD	14
CAJAMARCA|CONTUMAZA|JUNTOS POR EL PERÚ	4070
CAJAMARCA|CONTUMAZA|LIBERTAD POPULAR	36
CAJAMARCA|CONTUMAZA|PARTIDO APRISTA PERUANO	485
CAJAMARCA|CONTUMAZA|PARTIDO CÍVICO OBRAS	926
CAJAMARCA|CONTUMAZA|PARTIDO DE LOS TRABAJADORES Y EMPRENDEDORES PTE - PERÚ	8
CAJAMARCA|CONTUMAZA|PARTIDO DEL BUEN GOBIERNO	429
CAJAMARCA|CONTUMAZA|PARTIDO DEMOCRATICO FEDERAL	22
CAJAMARCA|CONTUMAZA|PARTIDO DEMOCRÁTICO SOMOS PERÚ	137
CAJAMARCA|CONTUMAZA|PARTIDO DEMÓCRATA UNIDO PERÚ	35
CAJAMARCA|CONTUMAZA|PARTIDO DEMÓCRATA VERDE	52
CAJAMARCA|CONTUMAZA|PARTIDO FRENTE DE LA ESPERANZA 2021	85
CAJAMARCA|CONTUMAZA|PARTIDO MORADO	59
CAJAMARCA|CONTUMAZA|PARTIDO PATRIÓTICO DEL PERÚ	90
CAJAMARCA|CONTUMAZA|PARTIDO PAÍS PARA TODOS	365
CAJAMARCA|CONTUMAZA|PARTIDO POLÍTICO COOPERACIÓN POPULAR	50
CAJAMARCA|CONTUMAZA|PARTIDO POLÍTICO INTEGRIDAD DEMOCRÁTICA	23
CAJAMARCA|CONTUMAZA|PARTIDO POLÍTICO NACIONAL PERÚ LIBRE	101
CAJAMARCA|CONTUMAZA|PARTIDO POLÍTICO PERÚ ACCIÓN	19
CAJAMARCA|CONTUMAZA|PARTIDO POLÍTICO PERÚ PRIMERO	69
CAJAMARCA|CONTUMAZA|PARTIDO POLÍTICO PRIN	7
CAJAMARCA|CONTUMAZA|PARTIDO SICREO	125
CAJAMARCA|CONTUMAZA|PERÚ MODERNO	2
CAJAMARCA|CONTUMAZA|PODEMOS PERÚ	292
CAJAMARCA|CONTUMAZA|PRIMERO LA GENTE – COMUNIDAD, ECOLOGÍA, LIBERTAD Y PROGRESO	118
CAJAMARCA|CONTUMAZA|PROGRESEMOS	21
CAJAMARCA|CONTUMAZA|RENOVACIÓN POPULAR	370
CAJAMARCA|CONTUMAZA|SALVEMOS AL PERÚ	17
CAJAMARCA|CONTUMAZA|UN CAMINO DIFERENTE	269
CAJAMARCA|CONTUMAZA|UNIDAD NACIONAL	25
CAJAMARCA|CONTUMAZA|VOTOS EN BLANCO	2521
CAJAMARCA|CONTUMAZA|VOTOS NULOS	989
CAJAMARCA|CUTERVO|AHORA NACIÓN - AN	2024
CAJAMARCA|CUTERVO|ALIANZA ELECTORAL VENCEREMOS	273
CAJAMARCA|CUTERVO|ALIANZA PARA EL PROGRESO	955
CAJAMARCA|CUTERVO|AVANZA PAÍS - PARTIDO DE INTEGRACIÓN SOCIAL	40
CAJAMARCA|CUTERVO|FE EN EL PERÚ	58
CAJAMARCA|CUTERVO|FUERZA POPULAR	6258
CAJAMARCA|CUTERVO|FUERZA Y LIBERTAD	38
CAJAMARCA|CUTERVO|JUNTOS POR EL PERÚ	24014
CAJAMARCA|CUTERVO|LIBERTAD POPULAR	52
CAJAMARCA|CUTERVO|PARTIDO APRISTA PERUANO	359
CAJAMARCA|CUTERVO|PARTIDO CÍVICO OBRAS	5454
CAJAMARCA|CUTERVO|PARTIDO DE LOS TRABAJADORES Y EMPRENDEDORES PTE - PERÚ	22
CAJAMARCA|CUTERVO|PARTIDO DEL BUEN GOBIERNO	1466
CAJAMARCA|CUTERVO|PARTIDO DEMOCRATICO FEDERAL	56
CAJAMARCA|CUTERVO|PARTIDO DEMOCRÁTICO SOMOS PERÚ	635
CAJAMARCA|CUTERVO|PARTIDO DEMÓCRATA UNIDO PERÚ	147
CAJAMARCA|CUTERVO|PARTIDO DEMÓCRATA VERDE	185
CAJAMARCA|CUTERVO|PARTIDO FRENTE DE LA ESPERANZA 2021	287
CAJAMARCA|CUTERVO|PARTIDO MORADO	159
CAJAMARCA|CUTERVO|PARTIDO PATRIÓTICO DEL PERÚ	316
CAJAMARCA|CUTERVO|PARTIDO PAÍS PARA TODOS	698
CAJAMARCA|CUTERVO|PARTIDO POLÍTICO COOPERACIÓN POPULAR	159
CAJAMARCA|CUTERVO|PARTIDO POLÍTICO INTEGRIDAD DEMOCRÁTICA	63
CAJAMARCA|CUTERVO|PARTIDO POLÍTICO NACIONAL PERÚ LIBRE	563
CAJAMARCA|CUTERVO|PARTIDO POLÍTICO PERÚ ACCIÓN	92
CAJAMARCA|CUTERVO|PARTIDO POLÍTICO PERÚ PRIMERO	470
CAJAMARCA|CUTERVO|PARTIDO POLÍTICO PRIN	37
CAJAMARCA|CUTERVO|PARTIDO SICREO	468
CAJAMARCA|CUTERVO|PERÚ MODERNO	12
CAJAMARCA|CUTERVO|PODEMOS PERÚ	1260
CAJAMARCA|CUTERVO|PRIMERO LA GENTE – COMUNIDAD, ECOLOGÍA, LIBERTAD Y PROGRESO	404
CAJAMARCA|CUTERVO|PROGRESEMOS	102
CAJAMARCA|CUTERVO|RENOVACIÓN POPULAR	1701
CAJAMARCA|CUTERVO|SALVEMOS AL PERÚ	129
CAJAMARCA|CUTERVO|UN CAMINO DIFERENTE	104
CAJAMARCA|CUTERVO|UNIDAD NACIONAL	61
CAJAMARCA|CUTERVO|VOTOS EN BLANCO	10756
CAJAMARCA|CUTERVO|VOTOS NULOS	4114
CAJAMARCA|HUALGAYOC|AHORA NACIÓN - AN	835
CAJAMARCA|HUALGAYOC|ALIANZA ELECTORAL VENCEREMOS	167
CAJAMARCA|HUALGAYOC|ALIANZA PARA EL PROGRESO	367
CAJAMARCA|HUALGAYOC|AVANZA PAÍS - PARTIDO DE INTEGRACIÓN SOCIAL	32
CAJAMARCA|HUALGAYOC|FE EN EL PERÚ	45
CAJAMARCA|HUALGAYOC|FUERZA POPULAR	2362
CAJAMARCA|HUALGAYOC|FUERZA Y LIBERTAD	16
CAJAMARCA|HUALGAYOC|JUNTOS POR EL PERÚ	25215
CAJAMARCA|HUALGAYOC|LIBERTAD POPULAR	73
CAJAMARCA|HUALGAYOC|PARTIDO APRISTA PERUANO	112
CAJAMARCA|HUALGAYOC|PARTIDO CÍVICO OBRAS	3694
CAJAMARCA|HUALGAYOC|PARTIDO DE LOS TRABAJADORES Y EMPRENDEDORES PTE - PERÚ	26
CAJAMARCA|HUALGAYOC|PARTIDO DEL BUEN GOBIERNO	651
CAJAMARCA|HUALGAYOC|PARTIDO DEMOCRATICO FEDERAL	66
CAJAMARCA|HUALGAYOC|PARTIDO DEMOCRÁTICO SOMOS PERÚ	142
CAJAMARCA|HUALGAYOC|PARTIDO DEMÓCRATA UNIDO PERÚ	86
CAJAMARCA|HUALGAYOC|PARTIDO DEMÓCRATA VERDE	106
CAJAMARCA|HUALGAYOC|PARTIDO FRENTE DE LA ESPERANZA 2021	356
CAJAMARCA|HUALGAYOC|PARTIDO MORADO	100
CAJAMARCA|HUALGAYOC|PARTIDO PATRIÓTICO DEL PERÚ	265
CAJAMARCA|HUALGAYOC|PARTIDO PAÍS PARA TODOS	379
CAJAMARCA|HUALGAYOC|PARTIDO POLÍTICO COOPERACIÓN POPULAR	258
CAJAMARCA|HUALGAYOC|PARTIDO POLÍTICO INTEGRIDAD DEMOCRÁTICA	66
CAJAMARCA|HUALGAYOC|PARTIDO POLÍTICO NACIONAL PERÚ LIBRE	274
CAJAMARCA|HUALGAYOC|PARTIDO POLÍTICO PERÚ ACCIÓN	47
CAJAMARCA|HUALGAYOC|PARTIDO POLÍTICO PERÚ PRIMERO	110
CAJAMARCA|HUALGAYOC|PARTIDO POLÍTICO PRIN	23
CAJAMARCA|HUALGAYOC|PARTIDO SICREO	386
CAJAMARCA|HUALGAYOC|PERÚ MODERNO	24
CAJAMARCA|HUALGAYOC|PODEMOS PERÚ	1176
CAJAMARCA|HUALGAYOC|PRIMERO LA GENTE – COMUNIDAD, ECOLOGÍA, LIBERTAD Y PROGRESO	599
CAJAMARCA|HUALGAYOC|PROGRESEMOS	41
CAJAMARCA|HUALGAYOC|RENOVACIÓN POPULAR	413
CAJAMARCA|HUALGAYOC|SALVEMOS AL PERÚ	82
CAJAMARCA|HUALGAYOC|UN CAMINO DIFERENTE	55
CAJAMARCA|HUALGAYOC|UNIDAD NACIONAL	72
CAJAMARCA|HUALGAYOC|VOTOS EN BLANCO	8253
CAJAMARCA|HUALGAYOC|VOTOS NULOS	3891
CAJAMARCA|JAÉN|AHORA NACIÓN - AN	6374
CAJAMARCA|JAÉN|ALIANZA ELECTORAL VENCEREMOS	829
CAJAMARCA|JAÉN|ALIANZA PARA EL PROGRESO	2198
CAJAMARCA|JAÉN|AVANZA PAÍS - PARTIDO DE INTEGRACIÓN SOCIAL	247
CAJAMARCA|JAÉN|FE EN EL PERÚ	130
CAJAMARCA|JAÉN|FUERZA POPULAR	13640
CAJAMARCA|JAÉN|FUERZA Y LIBERTAD	73
CAJAMARCA|JAÉN|JUNTOS POR EL PERÚ	34406
CAJAMARCA|JAÉN|LIBERTAD POPULAR	187
CAJAMARCA|JAÉN|PARTIDO APRISTA PERUANO	588
CAJAMARCA|JAÉN|PARTIDO CÍVICO OBRAS	12224
CAJAMARCA|JAÉN|PARTIDO DE LOS TRABAJADORES Y EMPRENDEDORES PTE - PERÚ	83
CAJAMARCA|JAÉN|PARTIDO DEL BUEN GOBIERNO	3740
CAJAMARCA|JAÉN|PARTIDO DEMOCRATICO FEDERAL	144
CAJAMARCA|JAÉN|PARTIDO DEMOCRÁTICO SOMOS PERÚ	967
CAJAMARCA|JAÉN|PARTIDO DEMÓCRATA UNIDO PERÚ	588
CAJAMARCA|JAÉN|PARTIDO DEMÓCRATA VERDE	409
CAJAMARCA|JAÉN|PARTIDO FRENTE DE LA ESPERANZA 2021	1149
CAJAMARCA|JAÉN|PARTIDO MORADO	1268
CAJAMARCA|JAÉN|PARTIDO PATRIÓTICO DEL PERÚ	965
CAJAMARCA|JAÉN|PARTIDO PAÍS PARA TODOS	3122
CAJAMARCA|JAÉN|PARTIDO POLÍTICO COOPERACIÓN POPULAR	778
CAJAMARCA|JAÉN|PARTIDO POLÍTICO INTEGRIDAD DEMOCRÁTICA	233
CAJAMARCA|JAÉN|PARTIDO POLÍTICO NACIONAL PERÚ LIBRE	982
CAJAMARCA|JAÉN|PARTIDO POLÍTICO PERÚ ACCIÓN	193
CAJAMARCA|JAÉN|PARTIDO POLÍTICO PERÚ PRIMERO	2091
CAJAMARCA|JAÉN|PARTIDO POLÍTICO PRIN	56
CAJAMARCA|JAÉN|PARTIDO SICREO	1493
CAJAMARCA|JAÉN|PERÚ MODERNO	50
CAJAMARCA|JAÉN|PODEMOS PERÚ	1760
CAJAMARCA|JAÉN|PRIMERO LA GENTE – COMUNIDAD, ECOLOGÍA, LIBERTAD Y PROGRESO	1625
CAJAMARCA|JAÉN|PROGRESEMOS	183
CAJAMARCA|JAÉN|RENOVACIÓN POPULAR	3448
CAJAMARCA|JAÉN|SALVEMOS AL PERÚ	163
CAJAMARCA|JAÉN|UN CAMINO DIFERENTE	611
CAJAMARCA|JAÉN|UNIDAD NACIONAL	264
CAJAMARCA|JAÉN|VOTOS EN BLANCO	16999
CAJAMARCA|JAÉN|VOTOS NULOS	7083
CAJAMARCA|SAN IGNACIO|AHORA NACIÓN - AN	2656
CAJAMARCA|SAN IGNACIO|ALIANZA ELECTORAL VENCEREMOS	415
CAJAMARCA|SAN IGNACIO|ALIANZA PARA EL PROGRESO	680
CAJAMARCA|SAN IGNACIO|AVANZA PAÍS - PARTIDO DE INTEGRACIÓN SOCIAL	87
CAJAMARCA|SAN IGNACIO|FE EN EL PERÚ	119
CAJAMARCA|SAN IGNACIO|FUERZA POPULAR	5640
CAJAMARCA|SAN IGNACIO|FUERZA Y LIBERTAD	45
CAJAMARCA|SAN IGNACIO|JUNTOS POR EL PERÚ	31187
CAJAMARCA|SAN IGNACIO|LIBERTAD POPULAR	66
CAJAMARCA|SAN IGNACIO|PARTIDO APRISTA PERUANO	167
CAJAMARCA|SAN IGNACIO|PARTIDO CÍVICO OBRAS	7028
CAJAMARCA|SAN IGNACIO|PARTIDO DE LOS TRABAJADORES Y EMPRENDEDORES PTE - PERÚ	41
CAJAMARCA|SAN IGNACIO|PARTIDO DEL BUEN GOBIERNO	1557
CAJAMARCA|SAN IGNACIO|PARTIDO DEMOCRATICO FEDERAL	87
CAJAMARCA|SAN IGNACIO|PARTIDO DEMOCRÁTICO SOMOS PERÚ	509
CAJAMARCA|SAN IGNACIO|PARTIDO DEMÓCRATA UNIDO PERÚ	356
CAJAMARCA|SAN IGNACIO|PARTIDO DEMÓCRATA VERDE	224
CAJAMARCA|SAN IGNACIO|PARTIDO FRENTE DE LA ESPERANZA 2021	445
CAJAMARCA|SAN IGNACIO|PARTIDO MORADO	391
CAJAMARCA|SAN IGNACIO|PARTIDO PATRIÓTICO DEL PERÚ	539
CAJAMARCA|SAN IGNACIO|PARTIDO PAÍS PARA TODOS	990
CAJAMARCA|SAN IGNACIO|PARTIDO POLÍTICO COOPERACIÓN POPULAR	512
CAJAMARCA|SAN IGNACIO|PARTIDO POLÍTICO INTEGRIDAD DEMOCRÁTICA	101
CAJAMARCA|SAN IGNACIO|PARTIDO POLÍTICO NACIONAL PERÚ LIBRE	557
CAJAMARCA|SAN IGNACIO|PARTIDO POLÍTICO PERÚ ACCIÓN	106
CAJAMARCA|SAN IGNACIO|PARTIDO POLÍTICO PERÚ PRIMERO	575
CAJAMARCA|SAN IGNACIO|PARTIDO POLÍTICO PRIN	35
CAJAMARCA|SAN IGNACIO|PARTIDO SICREO	637
CAJAMARCA|SAN IGNACIO|PERÚ MODERNO	25
CAJAMARCA|SAN IGNACIO|PODEMOS PERÚ	1855
CAJAMARCA|SAN IGNACIO|PRIMERO LA GENTE – COMUNIDAD, ECOLOGÍA, LIBERTAD Y PROGRESO	476
CAJAMARCA|SAN IGNACIO|PROGRESEMOS	120
CAJAMARCA|SAN IGNACIO|RENOVACIÓN POPULAR	1321
CAJAMARCA|SAN IGNACIO|SALVEMOS AL PERÚ	103
CAJAMARCA|SAN IGNACIO|UN CAMINO DIFERENTE	330
CAJAMARCA|SAN IGNACIO|UNIDAD NACIONAL	88
CAJAMARCA|SAN IGNACIO|VOTOS EN BLANCO	12577
CAJAMARCA|SAN IGNACIO|VOTOS NULOS	4429
CAJAMARCA|SAN MARCOS|AHORA NACIÓN - AN	613
CAJAMARCA|SAN MARCOS|ALIANZA ELECTORAL VENCEREMOS	200
CAJAMARCA|SAN MARCOS|ALIANZA PARA EL PROGRESO	429
CAJAMARCA|SAN MARCOS|AVANZA PAÍS - PARTIDO DE INTEGRACIÓN SOCIAL	18
CAJAMARCA|SAN MARCOS|FE EN EL PERÚ	43
CAJAMARCA|SAN MARCOS|FUERZA POPULAR	3394
CAJAMARCA|SAN MARCOS|FUERZA Y LIBERTAD	14
CAJAMARCA|SAN MARCOS|JUNTOS POR EL PERÚ	9527
CAJAMARCA|SAN MARCOS|LIBERTAD POPULAR	108
CAJAMARCA|SAN MARCOS|PARTIDO APRISTA PERUANO	61
CAJAMARCA|SAN MARCOS|PARTIDO CÍVICO OBRAS	1790
CAJAMARCA|SAN MARCOS|PARTIDO DE LOS TRABAJADORES Y EMPRENDEDORES PTE - PERÚ	8
CAJAMARCA|SAN MARCOS|PARTIDO DEL BUEN GOBIERNO	692
CAJAMARCA|SAN MARCOS|PARTIDO DEMOCRATICO FEDERAL	49
CAJAMARCA|SAN MARCOS|PARTIDO DEMOCRÁTICO SOMOS PERÚ	398
CAJAMARCA|SAN MARCOS|PARTIDO DEMÓCRATA UNIDO PERÚ	70
CAJAMARCA|SAN MARCOS|PARTIDO DEMÓCRATA VERDE	235
CAJAMARCA|SAN MARCOS|PARTIDO FRENTE DE LA ESPERANZA 2021	154
CAJAMARCA|SAN MARCOS|PARTIDO MORADO	67
CAJAMARCA|SAN MARCOS|PARTIDO PATRIÓTICO DEL PERÚ	172
CAJAMARCA|SAN MARCOS|PARTIDO PAÍS PARA TODOS	626
CAJAMARCA|SAN MARCOS|PARTIDO POLÍTICO COOPERACIÓN POPULAR	109
CAJAMARCA|SAN MARCOS|PARTIDO POLÍTICO INTEGRIDAD DEMOCRÁTICA	30
CAJAMARCA|SAN MARCOS|PARTIDO POLÍTICO NACIONAL PERÚ LIBRE	195
CAJAMARCA|SAN MARCOS|PARTIDO POLÍTICO PERÚ ACCIÓN	38
CAJAMARCA|SAN MARCOS|PARTIDO POLÍTICO PERÚ PRIMERO	269
CAJAMARCA|SAN MARCOS|PARTIDO POLÍTICO PRIN	14
CAJAMARCA|SAN MARCOS|PARTIDO SICREO	314
CAJAMARCA|SAN MARCOS|PERÚ MODERNO	9
CAJAMARCA|SAN MARCOS|PODEMOS PERÚ	538
CAJAMARCA|SAN MARCOS|PRIMERO LA GENTE – COMUNIDAD, ECOLOGÍA, LIBERTAD Y PROGRESO	215
CAJAMARCA|SAN MARCOS|PROGRESEMOS	61
CAJAMARCA|SAN MARCOS|RENOVACIÓN POPULAR	496
CAJAMARCA|SAN MARCOS|SALVEMOS AL PERÚ	41
CAJAMARCA|SAN MARCOS|UN CAMINO DIFERENTE	111
CAJAMARCA|SAN MARCOS|UNIDAD NACIONAL	47
CAJAMARCA|SAN MARCOS|VOTOS EN BLANCO	5019
CAJAMARCA|SAN MARCOS|VOTOS NULOS	2391
CAJAMARCA|SAN MIGUEL|AHORA NACIÓN - AN	590
CAJAMARCA|SAN MIGUEL|ALIANZA ELECTORAL VENCEREMOS	126
CAJAMARCA|SAN MIGUEL|ALIANZA PARA EL PROGRESO	235
CAJAMARCA|SAN MIGUEL|AVANZA PAÍS - PARTIDO DE INTEGRACIÓN SOCIAL	32
CAJAMARCA|SAN MIGUEL|FE EN EL PERÚ	34
CAJAMARCA|SAN MIGUEL|FUERZA POPULAR	3872
CAJAMARCA|SAN MIGUEL|FUERZA Y LIBERTAD	11
CAJAMARCA|SAN MIGUEL|JUNTOS POR EL PERÚ	11032
CAJAMARCA|SAN MIGUEL|LIBERTAD POPULAR	76
CAJAMARCA|SAN MIGUEL|PARTIDO APRISTA PERUANO	109
CAJAMARCA|SAN MIGUEL|PARTIDO CÍVICO OBRAS	1731
CAJAMARCA|SAN MIGUEL|PARTIDO DE LOS TRABAJADORES Y EMPRENDEDORES PTE - PERÚ	12
CAJAMARCA|SAN MIGUEL|PARTIDO DEL BUEN GOBIERNO	451
CAJAMARCA|SAN MIGUEL|PARTIDO DEMOCRATICO FEDERAL	37
CAJAMARCA|SAN MIGUEL|PARTIDO DEMOCRÁTICO SOMOS PERÚ	258
CAJAMARCA|SAN MIGUEL|PARTIDO DEMÓCRATA UNIDO PERÚ	108
CAJAMARCA|SAN MIGUEL|PARTIDO DEMÓCRATA VERDE	76
CAJAMARCA|SAN MIGUEL|PARTIDO FRENTE DE LA ESPERANZA 2021	146
CAJAMARCA|SAN MIGUEL|PARTIDO MORADO	92
CAJAMARCA|SAN MIGUEL|PARTIDO PATRIÓTICO DEL PERÚ	212
CAJAMARCA|SAN MIGUEL|PARTIDO PAÍS PARA TODOS	342
CAJAMARCA|SAN MIGUEL|PARTIDO POLÍTICO COOPERACIÓN POPULAR	43
CAJAMARCA|SAN MIGUEL|PARTIDO POLÍTICO INTEGRIDAD DEMOCRÁTICA	56
CAJAMARCA|SAN MIGUEL|PARTIDO POLÍTICO NACIONAL PERÚ LIBRE	277
CAJAMARCA|SAN MIGUEL|PARTIDO POLÍTICO PERÚ ACCIÓN	41
CAJAMARCA|SAN MIGUEL|PARTIDO POLÍTICO PERÚ PRIMERO	167
CAJAMARCA|SAN MIGUEL|PARTIDO POLÍTICO PRIN	48
CAJAMARCA|SAN MIGUEL|PARTIDO SICREO	184
CAJAMARCA|SAN MIGUEL|PERÚ MODERNO	7
CAJAMARCA|SAN MIGUEL|PODEMOS PERÚ	609
CAJAMARCA|SAN MIGUEL|PRIMERO LA GENTE – COMUNIDAD, ECOLOGÍA, LIBERTAD Y PROGRESO	132
CAJAMARCA|SAN MIGUEL|PROGRESEMOS	51
CAJAMARCA|SAN MIGUEL|RENOVACIÓN POPULAR	343
CAJAMARCA|SAN MIGUEL|SALVEMOS AL PERÚ	57
CAJAMARCA|SAN MIGUEL|UN CAMINO DIFERENTE	109
CAJAMARCA|SAN MIGUEL|UNIDAD NACIONAL	24
CAJAMARCA|SAN MIGUEL|VOTOS EN BLANCO	4766
CAJAMARCA|SAN MIGUEL|VOTOS NULOS	1829
CAJAMARCA|SAN PABLO|AHORA NACIÓN - AN	215
CAJAMARCA|SAN PABLO|ALIANZA ELECTORAL VENCEREMOS	79
CAJAMARCA|SAN PABLO|ALIANZA PARA EL PROGRESO	174
CAJAMARCA|SAN PABLO|AVANZA PAÍS - PARTIDO DE INTEGRACIÓN SOCIAL	16
CAJAMARCA|SAN PABLO|FE EN EL PERÚ	13
CAJAMARCA|SAN PABLO|FUERZA POPULAR	1394
CAJAMARCA|SAN PABLO|FUERZA Y LIBERTAD	7
CAJAMARCA|SAN PABLO|JUNTOS POR EL PERÚ	6386
CAJAMARCA|SAN PABLO|LIBERTAD POPULAR	29
CAJAMARCA|SAN PABLO|PARTIDO APRISTA PERUANO	15
CAJAMARCA|SAN PABLO|PARTIDO CÍVICO OBRAS	1087
CAJAMARCA|SAN PABLO|PARTIDO DE LOS TRABAJADORES Y EMPRENDEDORES PTE - PERÚ	3
CAJAMARCA|SAN PABLO|PARTIDO DEL BUEN GOBIERNO	288
CAJAMARCA|SAN PABLO|PARTIDO DEMOCRATICO FEDERAL	15
CAJAMARCA|SAN PABLO|PARTIDO DEMOCRÁTICO SOMOS PERÚ	66
CAJAMARCA|SAN PABLO|PARTIDO DEMÓCRATA UNIDO PERÚ	31
CAJAMARCA|SAN PABLO|PARTIDO DEMÓCRATA VERDE	32
CAJAMARCA|SAN PABLO|PARTIDO FRENTE DE LA ESPERANZA 2021	55
CAJAMARCA|SAN PABLO|PARTIDO MORADO	31
CAJAMARCA|SAN PABLO|PARTIDO PATRIÓTICO DEL PERÚ	82
CAJAMARCA|SAN PABLO|PARTIDO PAÍS PARA TODOS	199
CAJAMARCA|SAN PABLO|PARTIDO POLÍTICO COOPERACIÓN POPULAR	26
CAJAMARCA|SAN PABLO|PARTIDO POLÍTICO INTEGRIDAD DEMOCRÁTICA	16
CAJAMARCA|SAN PABLO|PARTIDO POLÍTICO NACIONAL PERÚ LIBRE	84
CAJAMARCA|SAN PABLO|PARTIDO POLÍTICO PERÚ ACCIÓN	14
CAJAMARCA|SAN PABLO|PARTIDO POLÍTICO PERÚ PRIMERO	65
CAJAMARCA|SAN PABLO|PARTIDO POLÍTICO PRIN	7
CAJAMARCA|SAN PABLO|PARTIDO SICREO	100
CAJAMARCA|SAN PABLO|PERÚ MODERNO	11
CAJAMARCA|SAN PABLO|PODEMOS PERÚ	278
CAJAMARCA|SAN PABLO|PRIMERO LA GENTE – COMUNIDAD, ECOLOGÍA, LIBERTAD Y PROGRESO	75
CAJAMARCA|SAN PABLO|PROGRESEMOS	17
CAJAMARCA|SAN PABLO|RENOVACIÓN POPULAR	169
CAJAMARCA|SAN PABLO|SALVEMOS AL PERÚ	23
CAJAMARCA|SAN PABLO|UN CAMINO DIFERENTE	48
CAJAMARCA|SAN PABLO|UNIDAD NACIONAL	4
CAJAMARCA|SAN PABLO|VOTOS EN BLANCO	2007
CAJAMARCA|SAN PABLO|VOTOS NULOS	777
CAJAMARCA|SANTA CRUZ|AHORA NACIÓN - AN	641
CAJAMARCA|SANTA CRUZ|ALIANZA ELECTORAL VENCEREMOS	72
CAJAMARCA|SANTA CRUZ|ALIANZA PARA EL PROGRESO	355
CAJAMARCA|SANTA CRUZ|AVANZA PAÍS - PARTIDO DE INTEGRACIÓN SOCIAL	5
CAJAMARCA|SANTA CRUZ|FE EN EL PERÚ	16
CAJAMARCA|SANTA CRUZ|FUERZA POPULAR	2339
CAJAMARCA|SANTA CRUZ|FUERZA Y LIBERTAD	6
CAJAMARCA|SANTA CRUZ|JUNTOS POR EL PERÚ	8393
CAJAMARCA|SANTA CRUZ|LIBERTAD POPULAR	23
CAJAMARCA|SANTA CRUZ|PARTIDO APRISTA PERUANO	56
CAJAMARCA|SANTA CRUZ|PARTIDO CÍVICO OBRAS	1067
CAJAMARCA|SANTA CRUZ|PARTIDO DE LOS TRABAJADORES Y EMPRENDEDORES PTE - PERÚ	16
CAJAMARCA|SANTA CRUZ|PARTIDO DEL BUEN GOBIERNO	323
CAJAMARCA|SANTA CRUZ|PARTIDO DEMOCRATICO FEDERAL	30
CAJAMARCA|SANTA CRUZ|PARTIDO DEMOCRÁTICO SOMOS PERÚ	162
CAJAMARCA|SANTA CRUZ|PARTIDO DEMÓCRATA UNIDO PERÚ	44
CAJAMARCA|SANTA CRUZ|PARTIDO DEMÓCRATA VERDE	98
CAJAMARCA|SANTA CRUZ|PARTIDO FRENTE DE LA ESPERANZA 2021	62
CAJAMARCA|SANTA CRUZ|PARTIDO MORADO	24
CAJAMARCA|SANTA CRUZ|PARTIDO PATRIÓTICO DEL PERÚ	80
CAJAMARCA|SANTA CRUZ|PARTIDO PAÍS PARA TODOS	200
CAJAMARCA|SANTA CRUZ|PARTIDO POLÍTICO COOPERACIÓN POPULAR	35
CAJAMARCA|SANTA CRUZ|PARTIDO POLÍTICO INTEGRIDAD DEMOCRÁTICA	17
CAJAMARCA|SANTA CRUZ|PARTIDO POLÍTICO NACIONAL PERÚ LIBRE	222
CAJAMARCA|SANTA CRUZ|PARTIDO POLÍTICO PERÚ ACCIÓN	20
CAJAMARCA|SANTA CRUZ|PARTIDO POLÍTICO PERÚ PRIMERO	53
CAJAMARCA|SANTA CRUZ|PARTIDO POLÍTICO PRIN	39
CAJAMARCA|SANTA CRUZ|PARTIDO SICREO	108
CAJAMARCA|SANTA CRUZ|PERÚ MODERNO	45
CAJAMARCA|SANTA CRUZ|PODEMOS PERÚ	319
CAJAMARCA|SANTA CRUZ|PRIMERO LA GENTE – COMUNIDAD, ECOLOGÍA, LIBERTAD Y PROGRESO	104
CAJAMARCA|SANTA CRUZ|PROGRESEMOS	28
CAJAMARCA|SANTA CRUZ|RENOVACIÓN POPULAR	375
CAJAMARCA|SANTA CRUZ|SALVEMOS AL PERÚ	38
CAJAMARCA|SANTA CRUZ|UN CAMINO DIFERENTE	33
CAJAMARCA|SANTA CRUZ|UNIDAD NACIONAL	24
CAJAMARCA|SANTA CRUZ|VOTOS EN BLANCO	3008
CAJAMARCA|SANTA CRUZ|VOTOS NULOS	1175
CALLAO|CALLAO|AHORA NACIÓN - AN	34305
CALLAO|CALLAO|ALIANZA ELECTORAL VENCEREMOS	2021
CALLAO|CALLAO|ALIANZA PARA EL PROGRESO	3483
CALLAO|CALLAO|AVANZA PAÍS - PARTIDO DE INTEGRACIÓN SOCIAL	1755
CALLAO|CALLAO|FE EN EL PERÚ	528
CALLAO|CALLAO|FUERZA POPULAR	119395
CALLAO|CALLAO|FUERZA Y LIBERTAD	783
CALLAO|CALLAO|JUNTOS POR EL PERÚ	17356
CALLAO|CALLAO|LIBERTAD POPULAR	1565
CALLAO|CALLAO|PARTIDO APRISTA PERUANO	5970
CALLAO|CALLAO|PARTIDO CÍVICO OBRAS	47051
CALLAO|CALLAO|PARTIDO DE LOS TRABAJADORES Y EMPRENDEDORES PTE - PERÚ	479
CALLAO|CALLAO|PARTIDO DEL BUEN GOBIERNO	86568
CALLAO|CALLAO|PARTIDO DEMOCRATICO FEDERAL	411
CALLAO|CALLAO|PARTIDO DEMOCRÁTICO SOMOS PERÚ	4298
CALLAO|CALLAO|PARTIDO DEMÓCRATA UNIDO PERÚ	2453
CALLAO|CALLAO|PARTIDO DEMÓCRATA VERDE	1729
CALLAO|CALLAO|PARTIDO FRENTE DE LA ESPERANZA 2021	7670
CALLAO|CALLAO|PARTIDO MORADO	3248
CALLAO|CALLAO|PARTIDO PATRIÓTICO DEL PERÚ	4476
CALLAO|CALLAO|PARTIDO PAÍS PARA TODOS	69934
CALLAO|CALLAO|PARTIDO POLÍTICO COOPERACIÓN POPULAR	3139
CALLAO|CALLAO|PARTIDO POLÍTICO INTEGRIDAD DEMOCRÁTICA	3072
CALLAO|CALLAO|PARTIDO POLÍTICO NACIONAL PERÚ LIBRE	1452
CALLAO|CALLAO|PARTIDO POLÍTICO PERÚ ACCIÓN	1025
CALLAO|CALLAO|PARTIDO POLÍTICO PERÚ PRIMERO	2865
CALLAO|CALLAO|PARTIDO POLÍTICO PRIN	424
CALLAO|CALLAO|PARTIDO SICREO	23320
CALLAO|CALLAO|PERÚ MODERNO	279
CALLAO|CALLAO|PODEMOS PERÚ	4998
CALLAO|CALLAO|PRIMERO LA GENTE – COMUNIDAD, ECOLOGÍA, LIBERTAD Y PROGRESO	26599
CALLAO|CALLAO|PROGRESEMOS	2024
CALLAO|CALLAO|RENOVACIÓN POPULAR	86742
CALLAO|CALLAO|SALVEMOS AL PERÚ	356
CALLAO|CALLAO|UN CAMINO DIFERENTE	1241
CALLAO|CALLAO|UNIDAD NACIONAL	4399
CALLAO|CALLAO|VOTOS EN BLANCO	62437
CALLAO|CALLAO|VOTOS NULOS	30943
CUSCO|ACOMAYO|AHORA NACIÓN - AN	1909
CUSCO|ACOMAYO|ALIANZA ELECTORAL VENCEREMOS	346
CUSCO|ACOMAYO|ALIANZA PARA EL PROGRESO	50
CUSCO|ACOMAYO|AVANZA PAÍS - PARTIDO DE INTEGRACIÓN SOCIAL	11
CUSCO|ACOMAYO|FE EN EL PERÚ	40
CUSCO|ACOMAYO|FUERZA POPULAR	428
CUSCO|ACOMAYO|FUERZA Y LIBERTAD	8
CUSCO|ACOMAYO|JUNTOS POR EL PERÚ	3739
CUSCO|ACOMAYO|LIBERTAD POPULAR	18
CUSCO|ACOMAYO|PARTIDO APRISTA PERUANO	49
CUSCO|ACOMAYO|PARTIDO CÍVICO OBRAS	2841
CUSCO|ACOMAYO|PARTIDO DE LOS TRABAJADORES Y EMPRENDEDORES PTE - PERÚ	10
CUSCO|ACOMAYO|PARTIDO DEL BUEN GOBIERNO	457
CUSCO|ACOMAYO|PARTIDO DEMOCRATICO FEDERAL	17
CUSCO|ACOMAYO|PARTIDO DEMOCRÁTICO SOMOS PERÚ	55
CUSCO|ACOMAYO|PARTIDO DEMÓCRATA UNIDO PERÚ	98
CUSCO|ACOMAYO|PARTIDO DEMÓCRATA VERDE	76
CUSCO|ACOMAYO|PARTIDO FRENTE DE LA ESPERANZA 2021	318
CUSCO|ACOMAYO|PARTIDO MORADO	37
CUSCO|ACOMAYO|PARTIDO PATRIÓTICO DEL PERÚ	204
CUSCO|ACOMAYO|PARTIDO PAÍS PARA TODOS	176
CUSCO|ACOMAYO|PARTIDO POLÍTICO COOPERACIÓN POPULAR	238
CUSCO|ACOMAYO|PARTIDO POLÍTICO INTEGRIDAD DEMOCRÁTICA	17
CUSCO|ACOMAYO|PARTIDO POLÍTICO NACIONAL PERÚ LIBRE	117
CUSCO|ACOMAYO|PARTIDO POLÍTICO PERÚ ACCIÓN	33
CUSCO|ACOMAYO|PARTIDO POLÍTICO PERÚ PRIMERO	130
CUSCO|ACOMAYO|PARTIDO POLÍTICO PRIN	18
CUSCO|ACOMAYO|PARTIDO SICREO	241
CUSCO|ACOMAYO|PERÚ MODERNO	7
CUSCO|ACOMAYO|PODEMOS PERÚ	158
CUSCO|ACOMAYO|PRIMERO LA GENTE – COMUNIDAD, ECOLOGÍA, LIBERTAD Y PROGRESO	151
CUSCO|ACOMAYO|PROGRESEMOS	46
CUSCO|ACOMAYO|RENOVACIÓN POPULAR	187
CUSCO|ACOMAYO|SALVEMOS AL PERÚ	33
CUSCO|ACOMAYO|UN CAMINO DIFERENTE	17
CUSCO|ACOMAYO|UNIDAD NACIONAL	7
CUSCO|ACOMAYO|VOTOS EN BLANCO	2131
CUSCO|ACOMAYO|VOTOS NULOS	997
CUSCO|ANTA|AHORA NACIÓN - AN	6319
CUSCO|ANTA|ALIANZA ELECTORAL VENCEREMOS	572
CUSCO|ANTA|ALIANZA PARA EL PROGRESO	222
CUSCO|ANTA|AVANZA PAÍS - PARTIDO DE INTEGRACIÓN SOCIAL	25
CUSCO|ANTA|FE EN EL PERÚ	86
CUSCO|ANTA|FUERZA POPULAR	2055
CUSCO|ANTA|FUERZA Y LIBERTAD	48
CUSCO|ANTA|JUNTOS POR EL PERÚ	7710
CUSCO|ANTA|LIBERTAD POPULAR	140
CUSCO|ANTA|PARTIDO APRISTA PERUANO	152
CUSCO|ANTA|PARTIDO CÍVICO OBRAS	5094
CUSCO|ANTA|PARTIDO DE LOS TRABAJADORES Y EMPRENDEDORES PTE - PERÚ	26
CUSCO|ANTA|PARTIDO DEL BUEN GOBIERNO	1913
CUSCO|ANTA|PARTIDO DEMOCRATICO FEDERAL	74
CUSCO|ANTA|PARTIDO DEMOCRÁTICO SOMOS PERÚ	151
CUSCO|ANTA|PARTIDO DEMÓCRATA UNIDO PERÚ	256
CUSCO|ANTA|PARTIDO DEMÓCRATA VERDE	188
CUSCO|ANTA|PARTIDO FRENTE DE LA ESPERANZA 2021	838
CUSCO|ANTA|PARTIDO MORADO	97
CUSCO|ANTA|PARTIDO PATRIÓTICO DEL PERÚ	443
CUSCO|ANTA|PARTIDO PAÍS PARA TODOS	773
CUSCO|ANTA|PARTIDO POLÍTICO COOPERACIÓN POPULAR	588
CUSCO|ANTA|PARTIDO POLÍTICO INTEGRIDAD DEMOCRÁTICA	71
CUSCO|ANTA|PARTIDO POLÍTICO NACIONAL PERÚ LIBRE	361
CUSCO|ANTA|PARTIDO POLÍTICO PERÚ ACCIÓN	80
CUSCO|ANTA|PARTIDO POLÍTICO PERÚ PRIMERO	749
CUSCO|ANTA|PARTIDO POLÍTICO PRIN	80
CUSCO|ANTA|PARTIDO SICREO	656
CUSCO|ANTA|PERÚ MODERNO	20
CUSCO|ANTA|PODEMOS PERÚ	627
CUSCO|ANTA|PRIMERO LA GENTE – COMUNIDAD, ECOLOGÍA, LIBERTAD Y PROGRESO	608
CUSCO|ANTA|PROGRESEMOS	398
CUSCO|ANTA|RENOVACIÓN POPULAR	911
CUSCO|ANTA|SALVEMOS AL PERÚ	100
CUSCO|ANTA|UN CAMINO DIFERENTE	66
CUSCO|ANTA|UNIDAD NACIONAL	45
CUSCO|ANTA|VOTOS EN BLANCO	6899
CUSCO|ANTA|VOTOS NULOS	3272
CUSCO|CALCA|AHORA NACIÓN - AN	5285
CUSCO|CALCA|ALIANZA ELECTORAL VENCEREMOS	538
CUSCO|CALCA|ALIANZA PARA EL PROGRESO	222
CUSCO|CALCA|AVANZA PAÍS - PARTIDO DE INTEGRACIÓN SOCIAL	31
CUSCO|CALCA|FE EN EL PERÚ	91
CUSCO|CALCA|FUERZA POPULAR	1844
CUSCO|CALCA|FUERZA Y LIBERTAD	47
CUSCO|CALCA|JUNTOS POR EL PERÚ	10389
CUSCO|CALCA|LIBERTAD POPULAR	134
CUSCO|CALCA|PARTIDO APRISTA PERUANO	154
CUSCO|CALCA|PARTIDO CÍVICO OBRAS	5922
CUSCO|CALCA|PARTIDO DE LOS TRABAJADORES Y EMPRENDEDORES PTE - PERÚ	37
CUSCO|CALCA|PARTIDO DEL BUEN GOBIERNO	1968
CUSCO|CALCA|PARTIDO DEMOCRATICO FEDERAL	43
CUSCO|CALCA|PARTIDO DEMOCRÁTICO SOMOS PERÚ	241
CUSCO|CALCA|PARTIDO DEMÓCRATA UNIDO PERÚ	288
CUSCO|CALCA|PARTIDO DEMÓCRATA VERDE	219
CUSCO|CALCA|PARTIDO FRENTE DE LA ESPERANZA 2021	912
CUSCO|CALCA|PARTIDO MORADO	94
CUSCO|CALCA|PARTIDO PATRIÓTICO DEL PERÚ	467
CUSCO|CALCA|PARTIDO PAÍS PARA TODOS	674
CUSCO|CALCA|PARTIDO POLÍTICO COOPERACIÓN POPULAR	747
CUSCO|CALCA|PARTIDO POLÍTICO INTEGRIDAD DEMOCRÁTICA	58
CUSCO|CALCA|PARTIDO POLÍTICO NACIONAL PERÚ LIBRE	331
CUSCO|CALCA|PARTIDO POLÍTICO PERÚ ACCIÓN	75
CUSCO|CALCA|PARTIDO POLÍTICO PERÚ PRIMERO	188
CUSCO|CALCA|PARTIDO POLÍTICO PRIN	163
CUSCO|CALCA|PARTIDO SICREO	742
CUSCO|CALCA|PERÚ MODERNO	19
CUSCO|CALCA|PODEMOS PERÚ	400
CUSCO|CALCA|PRIMERO LA GENTE – COMUNIDAD, ECOLOGÍA, LIBERTAD Y PROGRESO	619
CUSCO|CALCA|PROGRESEMOS	151
CUSCO|CALCA|RENOVACIÓN POPULAR	1028
CUSCO|CALCA|SALVEMOS AL PERÚ	100
CUSCO|CALCA|UN CAMINO DIFERENTE	36
CUSCO|CALCA|UNIDAD NACIONAL	47
CUSCO|CALCA|VOTOS EN BLANCO	6378
CUSCO|CALCA|VOTOS NULOS	3419
CUSCO|CANAS|AHORA NACIÓN - AN	2032
CUSCO|CANAS|ALIANZA ELECTORAL VENCEREMOS	437
CUSCO|CANAS|ALIANZA PARA EL PROGRESO	53
CUSCO|CANAS|AVANZA PAÍS - PARTIDO DE INTEGRACIÓN SOCIAL	11
CUSCO|CANAS|FE EN EL PERÚ	37
CUSCO|CANAS|FUERZA POPULAR	335
CUSCO|CANAS|FUERZA Y LIBERTAD	15
CUSCO|CANAS|JUNTOS POR EL PERÚ	7162
CUSCO|CANAS|LIBERTAD POPULAR	53
CUSCO|CANAS|PARTIDO APRISTA PERUANO	46
CUSCO|CANAS|PARTIDO CÍVICO OBRAS	3778
CUSCO|CANAS|PARTIDO DE LOS TRABAJADORES Y EMPRENDEDORES PTE - PERÚ	10
CUSCO|CANAS|PARTIDO DEL BUEN GOBIERNO	495
CUSCO|CANAS|PARTIDO DEMOCRATICO FEDERAL	21
CUSCO|CANAS|PARTIDO DEMOCRÁTICO SOMOS PERÚ	54
CUSCO|CANAS|PARTIDO DEMÓCRATA UNIDO PERÚ	197
CUSCO|CANAS|PARTIDO DEMÓCRATA VERDE	95
CUSCO|CANAS|PARTIDO FRENTE DE LA ESPERANZA 2021	444
CUSCO|CANAS|PARTIDO MORADO	52
CUSCO|CANAS|PARTIDO PATRIÓTICO DEL PERÚ	280
CUSCO|CANAS|PARTIDO PAÍS PARA TODOS	127
CUSCO|CANAS|PARTIDO POLÍTICO COOPERACIÓN POPULAR	930
CUSCO|CANAS|PARTIDO POLÍTICO INTEGRIDAD DEMOCRÁTICA	14
CUSCO|CANAS|PARTIDO POLÍTICO NACIONAL PERÚ LIBRE	174
CUSCO|CANAS|PARTIDO POLÍTICO PERÚ ACCIÓN	27
CUSCO|CANAS|PARTIDO POLÍTICO PERÚ PRIMERO	103
CUSCO|CANAS|PARTIDO POLÍTICO PRIN	37
CUSCO|CANAS|PARTIDO SICREO	282
CUSCO|CANAS|PERÚ MODERNO	9
CUSCO|CANAS|PODEMOS PERÚ	310
CUSCO|CANAS|PRIMERO LA GENTE – COMUNIDAD, ECOLOGÍA, LIBERTAD Y PROGRESO	149
CUSCO|CANAS|PROGRESEMOS	47
CUSCO|CANAS|RENOVACIÓN POPULAR	178
CUSCO|CANAS|SALVEMOS AL PERÚ	56
CUSCO|CANAS|UN CAMINO DIFERENTE	14
CUSCO|CANAS|UNIDAD NACIONAL	8
CUSCO|CANAS|VOTOS EN BLANCO	2475
CUSCO|CANAS|VOTOS NULOS	1482
CUSCO|CANCHIS|AHORA NACIÓN - AN	7864
CUSCO|CANCHIS|ALIANZA ELECTORAL VENCEREMOS	1050
CUSCO|CANCHIS|ALIANZA PARA EL PROGRESO	163
CUSCO|CANCHIS|AVANZA PAÍS - PARTIDO DE INTEGRACIÓN SOCIAL	51
CUSCO|CANCHIS|FE EN EL PERÚ	101
CUSCO|CANCHIS|FUERZA POPULAR	1539
CUSCO|CANCHIS|FUERZA Y LIBERTAD	81
CUSCO|CANCHIS|JUNTOS POR EL PERÚ	14345
CUSCO|CANCHIS|LIBERTAD POPULAR	134
CUSCO|CANCHIS|PARTIDO APRISTA PERUANO	189
CUSCO|CANCHIS|PARTIDO CÍVICO OBRAS	11151
CUSCO|CANCHIS|PARTIDO DE LOS TRABAJADORES Y EMPRENDEDORES PTE - PERÚ	42
CUSCO|CANCHIS|PARTIDO DEL BUEN GOBIERNO	4262
CUSCO|CANCHIS|PARTIDO DEMOCRATICO FEDERAL	122
CUSCO|CANCHIS|PARTIDO DEMOCRÁTICO SOMOS PERÚ	178
CUSCO|CANCHIS|PARTIDO DEMÓCRATA UNIDO PERÚ	542
CUSCO|CANCHIS|PARTIDO DEMÓCRATA VERDE	312
CUSCO|CANCHIS|PARTIDO FRENTE DE LA ESPERANZA 2021	2078
CUSCO|CANCHIS|PARTIDO MORADO	245
CUSCO|CANCHIS|PARTIDO PATRIÓTICO DEL PERÚ	782
CUSCO|CANCHIS|PARTIDO PAÍS PARA TODOS	837
CUSCO|CANCHIS|PARTIDO POLÍTICO COOPERACIÓN POPULAR	1570
CUSCO|CANCHIS|PARTIDO POLÍTICO INTEGRIDAD DEMOCRÁTICA	65
CUSCO|CANCHIS|PARTIDO POLÍTICO NACIONAL PERÚ LIBRE	662
CUSCO|CANCHIS|PARTIDO POLÍTICO PERÚ ACCIÓN	136
CUSCO|CANCHIS|PARTIDO POLÍTICO PERÚ PRIMERO	348
CUSCO|CANCHIS|PARTIDO POLÍTICO PRIN	82
CUSCO|CANCHIS|PARTIDO SICREO	1631
CUSCO|CANCHIS|PERÚ MODERNO	38
CUSCO|CANCHIS|PODEMOS PERÚ	797
CUSCO|CANCHIS|PRIMERO LA GENTE – COMUNIDAD, ECOLOGÍA, LIBERTAD Y PROGRESO	1141
CUSCO|CANCHIS|PROGRESEMOS	215
CUSCO|CANCHIS|RENOVACIÓN POPULAR	1068
CUSCO|CANCHIS|SALVEMOS AL PERÚ	98
CUSCO|CANCHIS|UN CAMINO DIFERENTE	74
CUSCO|CANCHIS|UNIDAD NACIONAL	57
CUSCO|CANCHIS|VOTOS EN BLANCO	6511
CUSCO|CANCHIS|VOTOS NULOS	3110
CUSCO|CHUMBIVILCAS|AHORA NACIÓN - AN	2377
CUSCO|CHUMBIVILCAS|ALIANZA ELECTORAL VENCEREMOS	2957
CUSCO|CHUMBIVILCAS|ALIANZA PARA EL PROGRESO	51
CUSCO|CHUMBIVILCAS|AVANZA PAÍS - PARTIDO DE INTEGRACIÓN SOCIAL	15
CUSCO|CHUMBIVILCAS|FE EN EL PERÚ	71
CUSCO|CHUMBIVILCAS|FUERZA POPULAR	527
CUSCO|CHUMBIVILCAS|FUERZA Y LIBERTAD	24
CUSCO|CHUMBIVILCAS|JUNTOS POR EL PERÚ	15317
CUSCO|CHUMBIVILCAS|LIBERTAD POPULAR	147
CUSCO|CHUMBIVILCAS|PARTIDO APRISTA PERUANO	80
CUSCO|CHUMBIVILCAS|PARTIDO CÍVICO OBRAS	5826
CUSCO|CHUMBIVILCAS|PARTIDO DE LOS TRABAJADORES Y EMPRENDEDORES PTE - PERÚ	18
CUSCO|CHUMBIVILCAS|PARTIDO DEL BUEN GOBIERNO	925
CUSCO|CHUMBIVILCAS|PARTIDO DEMOCRATICO FEDERAL	50
CUSCO|CHUMBIVILCAS|PARTIDO DEMOCRÁTICO SOMOS PERÚ	75
CUSCO|CHUMBIVILCAS|PARTIDO DEMÓCRATA UNIDO PERÚ	283
CUSCO|CHUMBIVILCAS|PARTIDO DEMÓCRATA VERDE	126
CUSCO|CHUMBIVILCAS|PARTIDO FRENTE DE LA ESPERANZA 2021	780
CUSCO|CHUMBIVILCAS|PARTIDO MORADO	36
CUSCO|CHUMBIVILCAS|PARTIDO PATRIÓTICO DEL PERÚ	346
CUSCO|CHUMBIVILCAS|PARTIDO PAÍS PARA TODOS	184
CUSCO|CHUMBIVILCAS|PARTIDO POLÍTICO COOPERACIÓN POPULAR	368
CUSCO|CHUMBIVILCAS|PARTIDO POLÍTICO INTEGRIDAD DEMOCRÁTICA	20
CUSCO|CHUMBIVILCAS|PARTIDO POLÍTICO NACIONAL PERÚ LIBRE	637
CUSCO|CHUMBIVILCAS|PARTIDO POLÍTICO PERÚ ACCIÓN	49
CUSCO|CHUMBIVILCAS|PARTIDO POLÍTICO PERÚ PRIMERO	325
CUSCO|CHUMBIVILCAS|PARTIDO POLÍTICO PRIN	50
CUSCO|CHUMBIVILCAS|PARTIDO SICREO	351
CUSCO|CHUMBIVILCAS|PERÚ MODERNO	9
CUSCO|CHUMBIVILCAS|PODEMOS PERÚ	655
CUSCO|CHUMBIVILCAS|PRIMERO LA GENTE – COMUNIDAD, ECOLOGÍA, LIBERTAD Y PROGRESO	202
CUSCO|CHUMBIVILCAS|PROGRESEMOS	121
CUSCO|CHUMBIVILCAS|RENOVACIÓN POPULAR	277
CUSCO|CHUMBIVILCAS|SALVEMOS AL PERÚ	168
CUSCO|CHUMBIVILCAS|UN CAMINO DIFERENTE	24
CUSCO|CHUMBIVILCAS|UNIDAD NACIONAL	23
CUSCO|CHUMBIVILCAS|VOTOS EN BLANCO	6937
CUSCO|CHUMBIVILCAS|VOTOS NULOS	3178
CUSCO|CUSCO|AHORA NACIÓN - AN	42838
CUSCO|CUSCO|ALIANZA ELECTORAL VENCEREMOS	2854
CUSCO|CUSCO|ALIANZA PARA EL PROGRESO	1587
CUSCO|CUSCO|AVANZA PAÍS - PARTIDO DE INTEGRACIÓN SOCIAL	369
CUSCO|CUSCO|FE EN EL PERÚ	233
CUSCO|CUSCO|FUERZA POPULAR	21916
CUSCO|CUSCO|FUERZA Y LIBERTAD	543
CUSCO|CUSCO|JUNTOS POR EL PERÚ	18492
CUSCO|CUSCO|LIBERTAD POPULAR	820
CUSCO|CUSCO|PARTIDO APRISTA PERUANO	3365
CUSCO|CUSCO|PARTIDO CÍVICO OBRAS	29264
CUSCO|CUSCO|PARTIDO DE LOS TRABAJADORES Y EMPRENDEDORES PTE - PERÚ	184
CUSCO|CUSCO|PARTIDO DEL BUEN GOBIERNO	40020
CUSCO|CUSCO|PARTIDO DEMOCRATICO FEDERAL	401
CUSCO|CUSCO|PARTIDO DEMOCRÁTICO SOMOS PERÚ	1860
CUSCO|CUSCO|PARTIDO DEMÓCRATA UNIDO PERÚ	1275
CUSCO|CUSCO|PARTIDO DEMÓCRATA VERDE	926
CUSCO|CUSCO|PARTIDO FRENTE DE LA ESPERANZA 2021	9126
CUSCO|CUSCO|PARTIDO MORADO	1922
CUSCO|CUSCO|PARTIDO PATRIÓTICO DEL PERÚ	3383
CUSCO|CUSCO|PARTIDO PAÍS PARA TODOS	12426
CUSCO|CUSCO|PARTIDO POLÍTICO COOPERACIÓN POPULAR	7261
CUSCO|CUSCO|PARTIDO POLÍTICO INTEGRIDAD DEMOCRÁTICA	868
CUSCO|CUSCO|PARTIDO POLÍTICO NACIONAL PERÚ LIBRE	1507
CUSCO|CUSCO|PARTIDO POLÍTICO PERÚ ACCIÓN	628
CUSCO|CUSCO|PARTIDO POLÍTICO PERÚ PRIMERO	1760
CUSCO|CUSCO|PARTIDO POLÍTICO PRIN	562
CUSCO|CUSCO|PARTIDO SICREO	10882
CUSCO|CUSCO|PERÚ MODERNO	153
CUSCO|CUSCO|PODEMOS PERÚ	2044
CUSCO|CUSCO|PRIMERO LA GENTE – COMUNIDAD, ECOLOGÍA, LIBERTAD Y PROGRESO	13861
CUSCO|CUSCO|PROGRESEMOS	1636
CUSCO|CUSCO|RENOVACIÓN POPULAR	22942
CUSCO|CUSCO|SALVEMOS AL PERÚ	251
CUSCO|CUSCO|UN CAMINO DIFERENTE	458
CUSCO|CUSCO|UNIDAD NACIONAL	773
CUSCO|CUSCO|VOTOS EN BLANCO	23475
CUSCO|CUSCO|VOTOS NULOS	14095
CUSCO|ESPINAR|AHORA NACIÓN - AN	3269
CUSCO|ESPINAR|ALIANZA ELECTORAL VENCEREMOS	881
CUSCO|ESPINAR|ALIANZA PARA EL PROGRESO	137
CUSCO|ESPINAR|AVANZA PAÍS - PARTIDO DE INTEGRACIÓN SOCIAL	34
CUSCO|ESPINAR|FE EN EL PERÚ	105
CUSCO|ESPINAR|FUERZA POPULAR	1105
CUSCO|ESPINAR|FUERZA Y LIBERTAD	43
CUSCO|ESPINAR|JUNTOS POR EL PERÚ	11818
CUSCO|ESPINAR|LIBERTAD POPULAR	105
CUSCO|ESPINAR|PARTIDO APRISTA PERUANO	137
CUSCO|ESPINAR|PARTIDO CÍVICO OBRAS	9768
CUSCO|ESPINAR|PARTIDO DE LOS TRABAJADORES Y EMPRENDEDORES PTE - PERÚ	35
CUSCO|ESPINAR|PARTIDO DEL BUEN GOBIERNO	2442
CUSCO|ESPINAR|PARTIDO DEMOCRATICO FEDERAL	39
CUSCO|ESPINAR|PARTIDO DEMOCRÁTICO SOMOS PERÚ	109
CUSCO|ESPINAR|PARTIDO DEMÓCRATA UNIDO PERÚ	452
CUSCO|ESPINAR|PARTIDO DEMÓCRATA VERDE	159
CUSCO|ESPINAR|PARTIDO FRENTE DE LA ESPERANZA 2021	1655
CUSCO|ESPINAR|PARTIDO MORADO	175
CUSCO|ESPINAR|PARTIDO PATRIÓTICO DEL PERÚ	591
CUSCO|ESPINAR|PARTIDO PAÍS PARA TODOS	509
CUSCO|ESPINAR|PARTIDO POLÍTICO COOPERACIÓN POPULAR	728
CUSCO|ESPINAR|PARTIDO POLÍTICO INTEGRIDAD DEMOCRÁTICA	47
CUSCO|ESPINAR|PARTIDO POLÍTICO NACIONAL PERÚ LIBRE	396
CUSCO|ESPINAR|PARTIDO POLÍTICO PERÚ ACCIÓN	68
CUSCO|ESPINAR|PARTIDO POLÍTICO PERÚ PRIMERO	209
CUSCO|ESPINAR|PARTIDO POLÍTICO PRIN	27
CUSCO|ESPINAR|PARTIDO SICREO	1300
CUSCO|ESPINAR|PERÚ MODERNO	11
CUSCO|ESPINAR|PODEMOS PERÚ	481
CUSCO|ESPINAR|PRIMERO LA GENTE – COMUNIDAD, ECOLOGÍA, LIBERTAD Y PROGRESO	643
CUSCO|ESPINAR|PROGRESEMOS	176
CUSCO|ESPINAR|RENOVACIÓN POPULAR	701
CUSCO|ESPINAR|SALVEMOS AL PERÚ	71
CUSCO|ESPINAR|UN CAMINO DIFERENTE	49
CUSCO|ESPINAR|UNIDAD NACIONAL	26
CUSCO|ESPINAR|VOTOS EN BLANCO	5398
CUSCO|ESPINAR|VOTOS NULOS	2488
CUSCO|LA CONVENCIÓN|AHORA NACIÓN - AN	12637
CUSCO|LA CONVENCIÓN|ALIANZA ELECTORAL VENCEREMOS	1333
CUSCO|LA CONVENCIÓN|ALIANZA PARA EL PROGRESO	600
CUSCO|LA CONVENCIÓN|AVANZA PAÍS - PARTIDO DE INTEGRACIÓN SOCIAL	64
CUSCO|LA CONVENCIÓN|FE EN EL PERÚ	186
CUSCO|LA CONVENCIÓN|FUERZA POPULAR	6798
CUSCO|LA CONVENCIÓN|FUERZA Y LIBERTAD	84
CUSCO|LA CONVENCIÓN|JUNTOS POR EL PERÚ	28541
CUSCO|LA CONVENCIÓN|LIBERTAD POPULAR	119
CUSCO|LA CONVENCIÓN|PARTIDO APRISTA PERUANO	356
CUSCO|LA CONVENCIÓN|PARTIDO CÍVICO OBRAS	15080
CUSCO|LA CONVENCIÓN|PARTIDO DE LOS TRABAJADORES Y EMPRENDEDORES PTE - PERÚ	48
CUSCO|LA CONVENCIÓN|PARTIDO DEL BUEN GOBIERNO	2810
CUSCO|LA CONVENCIÓN|PARTIDO DEMOCRATICO FEDERAL	165
CUSCO|LA CONVENCIÓN|PARTIDO DEMOCRÁTICO SOMOS PERÚ	628
CUSCO|LA CONVENCIÓN|PARTIDO DEMÓCRATA UNIDO PERÚ	1215
CUSCO|LA CONVENCIÓN|PARTIDO DEMÓCRATA VERDE	495
CUSCO|LA CONVENCIÓN|PARTIDO FRENTE DE LA ESPERANZA 2021	1467
CUSCO|LA CONVENCIÓN|PARTIDO MORADO	232
CUSCO|LA CONVENCIÓN|PARTIDO PATRIÓTICO DEL PERÚ	1036
CUSCO|LA CONVENCIÓN|PARTIDO PAÍS PARA TODOS	1722
CUSCO|LA CONVENCIÓN|PARTIDO POLÍTICO COOPERACIÓN POPULAR	2093
CUSCO|LA CONVENCIÓN|PARTIDO POLÍTICO INTEGRIDAD DEMOCRÁTICA	149
CUSCO|LA CONVENCIÓN|PARTIDO POLÍTICO NACIONAL PERÚ LIBRE	928
CUSCO|LA CONVENCIÓN|PARTIDO POLÍTICO PERÚ ACCIÓN	201
CUSCO|LA CONVENCIÓN|PARTIDO POLÍTICO PERÚ PRIMERO	557
CUSCO|LA CONVENCIÓN|PARTIDO POLÍTICO PRIN	301
CUSCO|LA CONVENCIÓN|PARTIDO SICREO	1470
CUSCO|LA CONVENCIÓN|PERÚ MODERNO	35
CUSCO|LA CONVENCIÓN|PODEMOS PERÚ	1100
CUSCO|LA CONVENCIÓN|PRIMERO LA GENTE – COMUNIDAD, ECOLOGÍA, LIBERTAD Y PROGRESO	1162
CUSCO|LA CONVENCIÓN|PROGRESEMOS	717
CUSCO|LA CONVENCIÓN|RENOVACIÓN POPULAR	2382
CUSCO|LA CONVENCIÓN|SALVEMOS AL PERÚ	147
CUSCO|LA CONVENCIÓN|UN CAMINO DIFERENTE	142
CUSCO|LA CONVENCIÓN|UNIDAD NACIONAL	84
CUSCO|LA CONVENCIÓN|VOTOS EN BLANCO	16561
CUSCO|LA CONVENCIÓN|VOTOS NULOS	6079
CUSCO|PARURO|AHORA NACIÓN - AN	2689
CUSCO|PARURO|ALIANZA ELECTORAL VENCEREMOS	504
CUSCO|PARURO|ALIANZA PARA EL PROGRESO	64
CUSCO|PARURO|AVANZA PAÍS - PARTIDO DE INTEGRACIÓN SOCIAL	17
CUSCO|PARURO|FE EN EL PERÚ	45
CUSCO|PARURO|FUERZA POPULAR	650
CUSCO|PARURO|FUERZA Y LIBERTAD	17
CUSCO|PARURO|JUNTOS POR EL PERÚ	4353
CUSCO|PARURO|LIBERTAD POPULAR	29
CUSCO|PARURO|PARTIDO APRISTA PERUANO	59
CUSCO|PARURO|PARTIDO CÍVICO OBRAS	2193
CUSCO|PARURO|PARTIDO DE LOS TRABAJADORES Y EMPRENDEDORES PTE - PERÚ	15
CUSCO|PARURO|PARTIDO DEL BUEN GOBIERNO	419
CUSCO|PARURO|PARTIDO DEMOCRATICO FEDERAL	27
CUSCO|PARURO|PARTIDO DEMOCRÁTICO SOMOS PERÚ	171
CUSCO|PARURO|PARTIDO DEMÓCRATA UNIDO PERÚ	101
CUSCO|PARURO|PARTIDO DEMÓCRATA VERDE	96
CUSCO|PARURO|PARTIDO FRENTE DE LA ESPERANZA 2021	313
CUSCO|PARURO|PARTIDO MORADO	34
CUSCO|PARURO|PARTIDO PATRIÓTICO DEL PERÚ	194
CUSCO|PARURO|PARTIDO PAÍS PARA TODOS	199
CUSCO|PARURO|PARTIDO POLÍTICO COOPERACIÓN POPULAR	235
CUSCO|PARURO|PARTIDO POLÍTICO INTEGRIDAD DEMOCRÁTICA	16
CUSCO|PARURO|PARTIDO POLÍTICO NACIONAL PERÚ LIBRE	159
CUSCO|PARURO|PARTIDO POLÍTICO PERÚ ACCIÓN	32
CUSCO|PARURO|PARTIDO POLÍTICO PERÚ PRIMERO	66
CUSCO|PARURO|PARTIDO POLÍTICO PRIN	35
CUSCO|PARURO|PARTIDO SICREO	138
CUSCO|PARURO|PERÚ MODERNO	4
CUSCO|PARURO|PODEMOS PERÚ	213
CUSCO|PARURO|PRIMERO LA GENTE – COMUNIDAD, ECOLOGÍA, LIBERTAD Y PROGRESO	140
CUSCO|PARURO|PROGRESEMOS	124
CUSCO|PARURO|RENOVACIÓN POPULAR	266
CUSCO|PARURO|SALVEMOS AL PERÚ	58
CUSCO|PARURO|UN CAMINO DIFERENTE	24
CUSCO|PARURO|UNIDAD NACIONAL	13
CUSCO|PARURO|VOTOS EN BLANCO	3604
CUSCO|PARURO|VOTOS NULOS	1481
CUSCO|PAUCARTAMBO|AHORA NACIÓN - AN	1573
CUSCO|PAUCARTAMBO|ALIANZA ELECTORAL VENCEREMOS	550
CUSCO|PAUCARTAMBO|ALIANZA PARA EL PROGRESO	114
CUSCO|PAUCARTAMBO|AVANZA PAÍS - PARTIDO DE INTEGRACIÓN SOCIAL	18
CUSCO|PAUCARTAMBO|FE EN EL PERÚ	77
CUSCO|PAUCARTAMBO|FUERZA POPULAR	797
CUSCO|PAUCARTAMBO|FUERZA Y LIBERTAD	29
CUSCO|PAUCARTAMBO|JUNTOS POR EL PERÚ	10565
CUSCO|PAUCARTAMBO|LIBERTAD POPULAR	148
CUSCO|PAUCARTAMBO|PARTIDO APRISTA PERUANO	61
CUSCO|PAUCARTAMBO|PARTIDO CÍVICO OBRAS	4104
CUSCO|PAUCARTAMBO|PARTIDO DE LOS TRABAJADORES Y EMPRENDEDORES PTE - PERÚ	20
CUSCO|PAUCARTAMBO|PARTIDO DEL BUEN GOBIERNO	505
CUSCO|PAUCARTAMBO|PARTIDO DEMOCRATICO FEDERAL	45
CUSCO|PAUCARTAMBO|PARTIDO DEMOCRÁTICO SOMOS PERÚ	173
CUSCO|PAUCARTAMBO|PARTIDO DEMÓCRATA UNIDO PERÚ	215
CUSCO|PAUCARTAMBO|PARTIDO DEMÓCRATA VERDE	150
CUSCO|PAUCARTAMBO|PARTIDO FRENTE DE LA ESPERANZA 2021	502
CUSCO|PAUCARTAMBO|PARTIDO MORADO	58
CUSCO|PAUCARTAMBO|PARTIDO PATRIÓTICO DEL PERÚ	320
CUSCO|PAUCARTAMBO|PARTIDO PAÍS PARA TODOS	271
CUSCO|PAUCARTAMBO|PARTIDO POLÍTICO COOPERACIÓN POPULAR	350
CUSCO|PAUCARTAMBO|PARTIDO POLÍTICO INTEGRIDAD DEMOCRÁTICA	30
CUSCO|PAUCARTAMBO|PARTIDO POLÍTICO NACIONAL PERÚ LIBRE	255
CUSCO|PAUCARTAMBO|PARTIDO POLÍTICO PERÚ ACCIÓN	50
CUSCO|PAUCARTAMBO|PARTIDO POLÍTICO PERÚ PRIMERO	127
CUSCO|PAUCARTAMBO|PARTIDO POLÍTICO PRIN	63
CUSCO|PAUCARTAMBO|PARTIDO SICREO	373
CUSCO|PAUCARTAMBO|PERÚ MODERNO	6
CUSCO|PAUCARTAMBO|PODEMOS PERÚ	374
CUSCO|PAUCARTAMBO|PRIMERO LA GENTE – COMUNIDAD, ECOLOGÍA, LIBERTAD Y PROGRESO	224
CUSCO|PAUCARTAMBO|PROGRESEMOS	122
CUSCO|PAUCARTAMBO|RENOVACIÓN POPULAR	242
CUSCO|PAUCARTAMBO|SALVEMOS AL PERÚ	56
CUSCO|PAUCARTAMBO|UN CAMINO DIFERENTE	17
CUSCO|PAUCARTAMBO|UNIDAD NACIONAL	20
CUSCO|PAUCARTAMBO|VOTOS EN BLANCO	4617
CUSCO|PAUCARTAMBO|VOTOS NULOS	2246
CUSCO|QUISPICANCHI|AHORA NACIÓN - AN	5660
CUSCO|QUISPICANCHI|ALIANZA ELECTORAL VENCEREMOS	718
CUSCO|QUISPICANCHI|ALIANZA PARA EL PROGRESO	333
CUSCO|QUISPICANCHI|AVANZA PAÍS - PARTIDO DE INTEGRACIÓN SOCIAL	45
CUSCO|QUISPICANCHI|FE EN EL PERÚ	108
CUSCO|QUISPICANCHI|FUERZA POPULAR	2250
CUSCO|QUISPICANCHI|FUERZA Y LIBERTAD	54
CUSCO|QUISPICANCHI|JUNTOS POR EL PERÚ	18648
CUSCO|QUISPICANCHI|LIBERTAD POPULAR	67
CUSCO|QUISPICANCHI|PARTIDO APRISTA PERUANO	179
CUSCO|QUISPICANCHI|PARTIDO CÍVICO OBRAS	7872
CUSCO|QUISPICANCHI|PARTIDO DE LOS TRABAJADORES Y EMPRENDEDORES PTE - PERÚ	34
CUSCO|QUISPICANCHI|PARTIDO DEL BUEN GOBIERNO	1950
CUSCO|QUISPICANCHI|PARTIDO DEMOCRATICO FEDERAL	104
CUSCO|QUISPICANCHI|PARTIDO DEMOCRÁTICO SOMOS PERÚ	195
CUSCO|QUISPICANCHI|PARTIDO DEMÓCRATA UNIDO PERÚ	368
CUSCO|QUISPICANCHI|PARTIDO DEMÓCRATA VERDE	268
CUSCO|QUISPICANCHI|PARTIDO FRENTE DE LA ESPERANZA 2021	1330
CUSCO|QUISPICANCHI|PARTIDO MORADO	351
CUSCO|QUISPICANCHI|PARTIDO PATRIÓTICO DEL PERÚ	739
CUSCO|QUISPICANCHI|PARTIDO PAÍS PARA TODOS	777
CUSCO|QUISPICANCHI|PARTIDO POLÍTICO COOPERACIÓN POPULAR	864
CUSCO|QUISPICANCHI|PARTIDO POLÍTICO INTEGRIDAD DEMOCRÁTICA	60
CUSCO|QUISPICANCHI|PARTIDO POLÍTICO NACIONAL PERÚ LIBRE	387
CUSCO|QUISPICANCHI|PARTIDO POLÍTICO PERÚ ACCIÓN	96
CUSCO|QUISPICANCHI|PARTIDO POLÍTICO PERÚ PRIMERO	267
CUSCO|QUISPICANCHI|PARTIDO POLÍTICO PRIN	62
CUSCO|QUISPICANCHI|PARTIDO SICREO	1044
CUSCO|QUISPICANCHI|PERÚ MODERNO	20
CUSCO|QUISPICANCHI|PODEMOS PERÚ	735
CUSCO|QUISPICANCHI|PRIMERO LA GENTE – COMUNIDAD, ECOLOGÍA, LIBERTAD Y PROGRESO	697
CUSCO|QUISPICANCHI|PROGRESEMOS	143
CUSCO|QUISPICANCHI|RENOVACIÓN POPULAR	992
CUSCO|QUISPICANCHI|SALVEMOS AL PERÚ	97
CUSCO|QUISPICANCHI|UN CAMINO DIFERENTE	51
CUSCO|QUISPICANCHI|UNIDAD NACIONAL	85
CUSCO|QUISPICANCHI|VOTOS EN BLANCO	7636
CUSCO|QUISPICANCHI|VOTOS NULOS	3687
CUSCO|URUBAMBA|AHORA NACIÓN - AN	7720
CUSCO|URUBAMBA|ALIANZA ELECTORAL VENCEREMOS	569
CUSCO|URUBAMBA|ALIANZA PARA EL PROGRESO	206
CUSCO|URUBAMBA|AVANZA PAÍS - PARTIDO DE INTEGRACIÓN SOCIAL	40
CUSCO|URUBAMBA|FE EN EL PERÚ	65
CUSCO|URUBAMBA|FUERZA POPULAR	2274
CUSCO|URUBAMBA|FUERZA Y LIBERTAD	59
CUSCO|URUBAMBA|JUNTOS POR EL PERÚ	6903
CUSCO|URUBAMBA|LIBERTAD POPULAR	73
CUSCO|URUBAMBA|PARTIDO APRISTA PERUANO	201
CUSCO|URUBAMBA|PARTIDO CÍVICO OBRAS	6301
CUSCO|URUBAMBA|PARTIDO DE LOS TRABAJADORES Y EMPRENDEDORES PTE - PERÚ	31
CUSCO|URUBAMBA|PARTIDO DEL BUEN GOBIERNO	3434
CUSCO|URUBAMBA|PARTIDO DEMOCRATICO FEDERAL	36
CUSCO|URUBAMBA|PARTIDO DEMOCRÁTICO SOMOS PERÚ	337
CUSCO|URUBAMBA|PARTIDO DEMÓCRATA UNIDO PERÚ	251
CUSCO|URUBAMBA|PARTIDO DEMÓCRATA VERDE	190
CUSCO|URUBAMBA|PARTIDO FRENTE DE LA ESPERANZA 2021	1352
CUSCO|URUBAMBA|PARTIDO MORADO	238
CUSCO|URUBAMBA|PARTIDO PATRIÓTICO DEL PERÚ	583
CUSCO|URUBAMBA|PARTIDO PAÍS PARA TODOS	1358
CUSCO|URUBAMBA|PARTIDO POLÍTICO COOPERACIÓN POPULAR	1087
CUSCO|URUBAMBA|PARTIDO POLÍTICO INTEGRIDAD DEMOCRÁTICA	65
CUSCO|URUBAMBA|PARTIDO POLÍTICO NACIONAL PERÚ LIBRE	431
CUSCO|URUBAMBA|PARTIDO POLÍTICO PERÚ ACCIÓN	126
CUSCO|URUBAMBA|PARTIDO POLÍTICO PERÚ PRIMERO	296
CUSCO|URUBAMBA|PARTIDO POLÍTICO PRIN	125
CUSCO|URUBAMBA|PARTIDO SICREO	1053
CUSCO|URUBAMBA|PERÚ MODERNO	36
CUSCO|URUBAMBA|PODEMOS PERÚ	655
CUSCO|URUBAMBA|PRIMERO LA GENTE – COMUNIDAD, ECOLOGÍA, LIBERTAD Y PROGRESO	1153
CUSCO|URUBAMBA|PROGRESEMOS	268
CUSCO|URUBAMBA|RENOVACIÓN POPULAR	1592
CUSCO|URUBAMBA|SALVEMOS AL PERÚ	68
CUSCO|URUBAMBA|UN CAMINO DIFERENTE	58
CUSCO|URUBAMBA|UNIDAD NACIONAL	66
CUSCO|URUBAMBA|VOTOS EN BLANCO	6271
CUSCO|URUBAMBA|VOTOS NULOS	3266
EUROPA|ALEMANIA|AHORA NACIÓN - AN	514
EUROPA|ALEMANIA|ALIANZA ELECTORAL VENCEREMOS	38
EUROPA|ALEMANIA|ALIANZA PARA EL PROGRESO	5
EUROPA|ALEMANIA|AVANZA PAÍS - PARTIDO DE INTEGRACIÓN SOCIAL	4
EUROPA|ALEMANIA|FE EN EL PERÚ	3
EUROPA|ALEMANIA|FUERZA POPULAR	197
EUROPA|ALEMANIA|FUERZA Y LIBERTAD	5
EUROPA|ALEMANIA|JUNTOS POR EL PERÚ	56
EUROPA|ALEMANIA|LIBERTAD POPULAR	8
EUROPA|ALEMANIA|PARTIDO APRISTA PERUANO	23
EUROPA|ALEMANIA|PARTIDO CÍVICO OBRAS	207
EUROPA|ALEMANIA|PARTIDO DE LOS TRABAJADORES Y EMPRENDEDORES PTE - PERÚ	4
EUROPA|ALEMANIA|PARTIDO DEL BUEN GOBIERNO	957
EUROPA|ALEMANIA|PARTIDO DEMOCRATICO FEDERAL	1
EUROPA|ALEMANIA|PARTIDO DEMOCRÁTICO SOMOS PERÚ	18
EUROPA|ALEMANIA|PARTIDO DEMÓCRATA UNIDO PERÚ	8
EUROPA|ALEMANIA|PARTIDO DEMÓCRATA VERDE	3
EUROPA|ALEMANIA|PARTIDO FRENTE DE LA ESPERANZA 2021	33
EUROPA|ALEMANIA|PARTIDO MORADO	28
EUROPA|ALEMANIA|PARTIDO PATRIÓTICO DEL PERÚ	10
EUROPA|ALEMANIA|PARTIDO PAÍS PARA TODOS	221
EUROPA|ALEMANIA|PARTIDO POLÍTICO COOPERACIÓN POPULAR	13
EUROPA|ALEMANIA|PARTIDO POLÍTICO INTEGRIDAD DEMOCRÁTICA	4
EUROPA|ALEMANIA|PARTIDO POLÍTICO NACIONAL PERÚ LIBRE	12
EUROPA|ALEMANIA|PARTIDO POLÍTICO PERÚ ACCIÓN	3
EUROPA|ALEMANIA|PARTIDO POLÍTICO PERÚ PRIMERO	2
EUROPA|ALEMANIA|PARTIDO POLÍTICO PRIN	1
EUROPA|ALEMANIA|PARTIDO SICREO	54
EUROPA|ALEMANIA|PERÚ MODERNO	1
EUROPA|ALEMANIA|PODEMOS PERÚ	2
EUROPA|ALEMANIA|PRIMERO LA GENTE – COMUNIDAD, ECOLOGÍA, LIBERTAD Y PROGRESO	289
EUROPA|ALEMANIA|PROGRESEMOS	4
EUROPA|ALEMANIA|RENOVACIÓN POPULAR	1150
EUROPA|ALEMANIA|SALVEMOS AL PERÚ	3
EUROPA|ALEMANIA|UN CAMINO DIFERENTE	6
EUROPA|ALEMANIA|UNIDAD NACIONAL	22
EUROPA|ALEMANIA|VOTOS EN BLANCO	388
EUROPA|ALEMANIA|VOTOS NULOS	82
EUROPA|AUSTRIA|AHORA NACIÓN - AN	39
EUROPA|AUSTRIA|ALIANZA ELECTORAL VENCEREMOS	1
EUROPA|AUSTRIA|ALIANZA PARA EL PROGRESO	1
EUROPA|AUSTRIA|AVANZA PAÍS - PARTIDO DE INTEGRACIÓN SOCIAL	6
EUROPA|AUSTRIA|FE EN EL PERÚ	0
EUROPA|AUSTRIA|FUERZA POPULAR	16
EUROPA|AUSTRIA|FUERZA Y LIBERTAD	1
EUROPA|AUSTRIA|JUNTOS POR EL PERÚ	2
EUROPA|AUSTRIA|LIBERTAD POPULAR	3
EUROPA|AUSTRIA|PARTIDO APRISTA PERUANO	1
EUROPA|AUSTRIA|PARTIDO CÍVICO OBRAS	22
EUROPA|AUSTRIA|PARTIDO DE LOS TRABAJADORES Y EMPRENDEDORES PTE - PERÚ	0
EUROPA|AUSTRIA|PARTIDO DEL BUEN GOBIERNO	73
EUROPA|AUSTRIA|PARTIDO DEMOCRATICO FEDERAL	0
EUROPA|AUSTRIA|PARTIDO DEMOCRÁTICO SOMOS PERÚ	0
EUROPA|AUSTRIA|PARTIDO DEMÓCRATA UNIDO PERÚ	0
EUROPA|AUSTRIA|PARTIDO DEMÓCRATA VERDE	0
EUROPA|AUSTRIA|PARTIDO FRENTE DE LA ESPERANZA 2021	3
EUROPA|AUSTRIA|PARTIDO MORADO	1
EUROPA|AUSTRIA|PARTIDO PATRIÓTICO DEL PERÚ	0
EUROPA|AUSTRIA|PARTIDO PAÍS PARA TODOS	34
EUROPA|AUSTRIA|PARTIDO POLÍTICO COOPERACIÓN POPULAR	1
EUROPA|AUSTRIA|PARTIDO POLÍTICO INTEGRIDAD DEMOCRÁTICA	2
EUROPA|AUSTRIA|PARTIDO POLÍTICO NACIONAL PERÚ LIBRE	0
EUROPA|AUSTRIA|PARTIDO POLÍTICO PERÚ ACCIÓN	0
EUROPA|AUSTRIA|PARTIDO POLÍTICO PERÚ PRIMERO	0
EUROPA|AUSTRIA|PARTIDO POLÍTICO PRIN	0
EUROPA|AUSTRIA|PARTIDO SICREO	4
EUROPA|AUSTRIA|PERÚ MODERNO	0
EUROPA|AUSTRIA|PODEMOS PERÚ	0
EUROPA|AUSTRIA|PRIMERO LA GENTE – COMUNIDAD, ECOLOGÍA, LIBERTAD Y PROGRESO	30
EUROPA|AUSTRIA|PROGRESEMOS	1
EUROPA|AUSTRIA|RENOVACIÓN POPULAR	96
EUROPA|AUSTRIA|SALVEMOS AL PERÚ	0
EUROPA|AUSTRIA|UN CAMINO DIFERENTE	0
EUROPA|AUSTRIA|UNIDAD NACIONAL	4
EUROPA|AUSTRIA|VOTOS EN BLANCO	42
EUROPA|AUSTRIA|VOTOS NULOS	5
EUROPA|BIELORRUSIA|AHORA NACIÓN - AN	4
EUROPA|BIELORRUSIA|ALIANZA ELECTORAL VENCEREMOS	0
EUROPA|BIELORRUSIA|ALIANZA PARA EL PROGRESO	0
EUROPA|BIELORRUSIA|AVANZA PAÍS - PARTIDO DE INTEGRACIÓN SOCIAL	0
EUROPA|BIELORRUSIA|FE EN EL PERÚ	0
EUROPA|BIELORRUSIA|FUERZA POPULAR	0
EUROPA|BIELORRUSIA|FUERZA Y LIBERTAD	0
EUROPA|BIELORRUSIA|JUNTOS POR EL PERÚ	0
EUROPA|BIELORRUSIA|LIBERTAD POPULAR	0
EUROPA|BIELORRUSIA|PARTIDO APRISTA PERUANO	2
EUROPA|BIELORRUSIA|PARTIDO CÍVICO OBRAS	0
EUROPA|BIELORRUSIA|PARTIDO DE LOS TRABAJADORES Y EMPRENDEDORES PTE - PERÚ	0
EUROPA|BIELORRUSIA|PARTIDO DEL BUEN GOBIERNO	1
EUROPA|BIELORRUSIA|PARTIDO DEMOCRATICO FEDERAL	0
EUROPA|BIELORRUSIA|PARTIDO DEMOCRÁTICO SOMOS PERÚ	1
EUROPA|BIELORRUSIA|PARTIDO DEMÓCRATA UNIDO PERÚ	0
EUROPA|BIELORRUSIA|PARTIDO DEMÓCRATA VERDE	0
EUROPA|BIELORRUSIA|PARTIDO FRENTE DE LA ESPERANZA 2021	0
EUROPA|BIELORRUSIA|PARTIDO MORADO	0
EUROPA|BIELORRUSIA|PARTIDO PATRIÓTICO DEL PERÚ	0
EUROPA|BIELORRUSIA|PARTIDO PAÍS PARA TODOS	0
EUROPA|BIELORRUSIA|PARTIDO POLÍTICO COOPERACIÓN POPULAR	0
EUROPA|BIELORRUSIA|PARTIDO POLÍTICO INTEGRIDAD DEMOCRÁTICA	0
EUROPA|BIELORRUSIA|PARTIDO POLÍTICO NACIONAL PERÚ LIBRE	2
EUROPA|BIELORRUSIA|PARTIDO POLÍTICO PERÚ ACCIÓN	0
EUROPA|BIELORRUSIA|PARTIDO POLÍTICO PERÚ PRIMERO	1
EUROPA|BIELORRUSIA|PARTIDO POLÍTICO PRIN	0
EUROPA|BIELORRUSIA|PARTIDO SICREO	0
EUROPA|BIELORRUSIA|PERÚ MODERNO	0
EUROPA|BIELORRUSIA|PODEMOS PERÚ	0
EUROPA|BIELORRUSIA|PRIMERO LA GENTE – COMUNIDAD, ECOLOGÍA, LIBERTAD Y PROGRESO	0
EUROPA|BIELORRUSIA|PROGRESEMOS	0
EUROPA|BIELORRUSIA|RENOVACIÓN POPULAR	6
EUROPA|BIELORRUSIA|SALVEMOS AL PERÚ	0
EUROPA|BIELORRUSIA|UN CAMINO DIFERENTE	0
EUROPA|BIELORRUSIA|UNIDAD NACIONAL	0
EUROPA|BIELORRUSIA|VOTOS EN BLANCO	0
EUROPA|BIELORRUSIA|VOTOS NULOS	0
EUROPA|BÉLGICA|AHORA NACIÓN - AN	202
EUROPA|BÉLGICA|ALIANZA ELECTORAL VENCEREMOS	20
EUROPA|BÉLGICA|ALIANZA PARA EL PROGRESO	5
EUROPA|BÉLGICA|AVANZA PAÍS - PARTIDO DE INTEGRACIÓN SOCIAL	1
EUROPA|BÉLGICA|FE EN EL PERÚ	3
EUROPA|BÉLGICA|FUERZA POPULAR	150
EUROPA|BÉLGICA|FUERZA Y LIBERTAD	0
EUROPA|BÉLGICA|JUNTOS POR EL PERÚ	25
EUROPA|BÉLGICA|LIBERTAD POPULAR	7
EUROPA|BÉLGICA|PARTIDO APRISTA PERUANO	10
EUROPA|BÉLGICA|PARTIDO CÍVICO OBRAS	124
EUROPA|BÉLGICA|PARTIDO DE LOS TRABAJADORES Y EMPRENDEDORES PTE - PERÚ	0
EUROPA|BÉLGICA|PARTIDO DEL BUEN GOBIERNO	265
EUROPA|BÉLGICA|PARTIDO DEMOCRATICO FEDERAL	1
EUROPA|BÉLGICA|PARTIDO DEMOCRÁTICO SOMOS PERÚ	6
EUROPA|BÉLGICA|PARTIDO DEMÓCRATA UNIDO PERÚ	2
EUROPA|BÉLGICA|PARTIDO DEMÓCRATA VERDE	6
EUROPA|BÉLGICA|PARTIDO FRENTE DE LA ESPERANZA 2021	24
EUROPA|BÉLGICA|PARTIDO MORADO	11
EUROPA|BÉLGICA|PARTIDO PATRIÓTICO DEL PERÚ	5
EUROPA|BÉLGICA|PARTIDO PAÍS PARA TODOS	129
EUROPA|BÉLGICA|PARTIDO POLÍTICO COOPERACIÓN POPULAR	6
EUROPA|BÉLGICA|PARTIDO POLÍTICO INTEGRIDAD DEMOCRÁTICA	4
EUROPA|BÉLGICA|PARTIDO POLÍTICO NACIONAL PERÚ LIBRE	6
EUROPA|BÉLGICA|PARTIDO POLÍTICO PERÚ ACCIÓN	3
EUROPA|BÉLGICA|PARTIDO POLÍTICO PERÚ PRIMERO	9
EUROPA|BÉLGICA|PARTIDO POLÍTICO PRIN	0
EUROPA|BÉLGICA|PARTIDO SICREO	22
EUROPA|BÉLGICA|PERÚ MODERNO	2
EUROPA|BÉLGICA|PODEMOS PERÚ	5
EUROPA|BÉLGICA|PRIMERO LA GENTE – COMUNIDAD, ECOLOGÍA, LIBERTAD Y PROGRESO	103
EUROPA|BÉLGICA|PROGRESEMOS	2
EUROPA|BÉLGICA|RENOVACIÓN POPULAR	350
EUROPA|BÉLGICA|SALVEMOS AL PERÚ	1
EUROPA|BÉLGICA|UN CAMINO DIFERENTE	4
EUROPA|BÉLGICA|UNIDAD NACIONAL	10
EUROPA|BÉLGICA|VOTOS EN BLANCO	281
EUROPA|BÉLGICA|VOTOS NULOS	69
EUROPA|DINAMARCA|AHORA NACIÓN - AN	21
EUROPA|DINAMARCA|ALIANZA ELECTORAL VENCEREMOS	4
EUROPA|DINAMARCA|ALIANZA PARA EL PROGRESO	0
EUROPA|DINAMARCA|AVANZA PAÍS - PARTIDO DE INTEGRACIÓN SOCIAL	0
EUROPA|DINAMARCA|FE EN EL PERÚ	0
EUROPA|DINAMARCA|FUERZA POPULAR	17
EUROPA|DINAMARCA|FUERZA Y LIBERTAD	1
EUROPA|DINAMARCA|JUNTOS POR EL PERÚ	3
EUROPA|DINAMARCA|LIBERTAD POPULAR	0
EUROPA|DINAMARCA|PARTIDO APRISTA PERUANO	3
EUROPA|DINAMARCA|PARTIDO CÍVICO OBRAS	16
EUROPA|DINAMARCA|PARTIDO DE LOS TRABAJADORES Y EMPRENDEDORES PTE - PERÚ	0
EUROPA|DINAMARCA|PARTIDO DEL BUEN GOBIERNO	17
EUROPA|DINAMARCA|PARTIDO DEMOCRATICO FEDERAL	0
EUROPA|DINAMARCA|PARTIDO DEMOCRÁTICO SOMOS PERÚ	5
EUROPA|DINAMARCA|PARTIDO DEMÓCRATA UNIDO PERÚ	0
EUROPA|DINAMARCA|PARTIDO DEMÓCRATA VERDE	0
EUROPA|DINAMARCA|PARTIDO FRENTE DE LA ESPERANZA 2021	1
EUROPA|DINAMARCA|PARTIDO MORADO	2
EUROPA|DINAMARCA|PARTIDO PATRIÓTICO DEL PERÚ	0
EUROPA|DINAMARCA|PARTIDO PAÍS PARA TODOS	13
EUROPA|DINAMARCA|PARTIDO POLÍTICO COOPERACIÓN POPULAR	2
EUROPA|DINAMARCA|PARTIDO POLÍTICO INTEGRIDAD DEMOCRÁTICA	0
EUROPA|DINAMARCA|PARTIDO POLÍTICO NACIONAL PERÚ LIBRE	0
EUROPA|DINAMARCA|PARTIDO POLÍTICO PERÚ ACCIÓN	0
EUROPA|DINAMARCA|PARTIDO POLÍTICO PERÚ PRIMERO	0
EUROPA|DINAMARCA|PARTIDO POLÍTICO PRIN	0
EUROPA|DINAMARCA|PARTIDO SICREO	4
EUROPA|DINAMARCA|PERÚ MODERNO	1
EUROPA|DINAMARCA|PODEMOS PERÚ	0
EUROPA|DINAMARCA|PRIMERO LA GENTE – COMUNIDAD, ECOLOGÍA, LIBERTAD Y PROGRESO	12
EUROPA|DINAMARCA|PROGRESEMOS	0
EUROPA|DINAMARCA|RENOVACIÓN POPULAR	52
EUROPA|DINAMARCA|SALVEMOS AL PERÚ	0
EUROPA|DINAMARCA|UN CAMINO DIFERENTE	0
EUROPA|DINAMARCA|UNIDAD NACIONAL	3
EUROPA|DINAMARCA|VOTOS EN BLANCO	14
EUROPA|DINAMARCA|VOTOS NULOS	4
EUROPA|ESPAÑA|AHORA NACIÓN - AN	5257
EUROPA|ESPAÑA|ALIANZA ELECTORAL VENCEREMOS	352
EUROPA|ESPAÑA|ALIANZA PARA EL PROGRESO	274
EUROPA|ESPAÑA|AVANZA PAÍS - PARTIDO DE INTEGRACIÓN SOCIAL	107
EUROPA|ESPAÑA|FE EN EL PERÚ	58
EUROPA|ESPAÑA|FUERZA POPULAR	10719
EUROPA|ESPAÑA|FUERZA Y LIBERTAD	114
EUROPA|ESPAÑA|JUNTOS POR EL PERÚ	1420
EUROPA|ESPAÑA|LIBERTAD POPULAR	174
EUROPA|ESPAÑA|PARTIDO APRISTA PERUANO	825
EUROPA|ESPAÑA|PARTIDO CÍVICO OBRAS	6943
EUROPA|ESPAÑA|PARTIDO DE LOS TRABAJADORES Y EMPRENDEDORES PTE - PERÚ	55
EUROPA|ESPAÑA|PARTIDO DEL BUEN GOBIERNO	8728
EUROPA|ESPAÑA|PARTIDO DEMOCRATICO FEDERAL	42
EUROPA|ESPAÑA|PARTIDO DEMOCRÁTICO SOMOS PERÚ	435
EUROPA|ESPAÑA|PARTIDO DEMÓCRATA UNIDO PERÚ	292
EUROPA|ESPAÑA|PARTIDO DEMÓCRATA VERDE	217
EUROPA|ESPAÑA|PARTIDO FRENTE DE LA ESPERANZA 2021	888
EUROPA|ESPAÑA|PARTIDO MORADO	405
EUROPA|ESPAÑA|PARTIDO PATRIÓTICO DEL PERÚ	323
EUROPA|ESPAÑA|PARTIDO PAÍS PARA TODOS	10729
EUROPA|ESPAÑA|PARTIDO POLÍTICO COOPERACIÓN POPULAR	316
EUROPA|ESPAÑA|PARTIDO POLÍTICO INTEGRIDAD DEMOCRÁTICA	247
EUROPA|ESPAÑA|PARTIDO POLÍTICO NACIONAL PERÚ LIBRE	252
EUROPA|ESPAÑA|PARTIDO POLÍTICO PERÚ ACCIÓN	170
EUROPA|ESPAÑA|PARTIDO POLÍTICO PERÚ PRIMERO	167
EUROPA|ESPAÑA|PARTIDO POLÍTICO PRIN	67
EUROPA|ESPAÑA|PARTIDO SICREO	1075
EUROPA|ESPAÑA|PERÚ MODERNO	41
EUROPA|ESPAÑA|PODEMOS PERÚ	223
EUROPA|ESPAÑA|PRIMERO LA GENTE – COMUNIDAD, ECOLOGÍA, LIBERTAD Y PROGRESO	3042
EUROPA|ESPAÑA|PROGRESEMOS	143
EUROPA|ESPAÑA|RENOVACIÓN POPULAR	14262
EUROPA|ESPAÑA|SALVEMOS AL PERÚ	41
EUROPA|ESPAÑA|UN CAMINO DIFERENTE	847
EUROPA|ESPAÑA|UNIDAD NACIONAL	404
EUROPA|ESPAÑA|VOTOS EN BLANCO	12835
EUROPA|ESPAÑA|VOTOS NULOS	4583
EUROPA|FINLANDIA|AHORA NACIÓN - AN	16
EUROPA|FINLANDIA|ALIANZA ELECTORAL VENCEREMOS	0
EUROPA|FINLANDIA|ALIANZA PARA EL PROGRESO	0
EUROPA|FINLANDIA|AVANZA PAÍS - PARTIDO DE INTEGRACIÓN SOCIAL	0
EUROPA|FINLANDIA|FE EN EL PERÚ	0
EUROPA|FINLANDIA|FUERZA POPULAR	6
EUROPA|FINLANDIA|FUERZA Y LIBERTAD	0
EUROPA|FINLANDIA|JUNTOS POR EL PERÚ	0
EUROPA|FINLANDIA|LIBERTAD POPULAR	0
EUROPA|FINLANDIA|PARTIDO APRISTA PERUANO	2
EUROPA|FINLANDIA|PARTIDO CÍVICO OBRAS	10
EUROPA|FINLANDIA|PARTIDO DE LOS TRABAJADORES Y EMPRENDEDORES PTE - PERÚ	0
EUROPA|FINLANDIA|PARTIDO DEL BUEN GOBIERNO	32
EUROPA|FINLANDIA|PARTIDO DEMOCRATICO FEDERAL	0
EUROPA|FINLANDIA|PARTIDO DEMOCRÁTICO SOMOS PERÚ	0
EUROPA|FINLANDIA|PARTIDO DEMÓCRATA UNIDO PERÚ	0
EUROPA|FINLANDIA|PARTIDO DEMÓCRATA VERDE	0
EUROPA|FINLANDIA|PARTIDO FRENTE DE LA ESPERANZA 2021	0
EUROPA|FINLANDIA|PARTIDO MORADO	3
EUROPA|FINLANDIA|PARTIDO PATRIÓTICO DEL PERÚ	0
EUROPA|FINLANDIA|PARTIDO PAÍS PARA TODOS	5
EUROPA|FINLANDIA|PARTIDO POLÍTICO COOPERACIÓN POPULAR	0
EUROPA|FINLANDIA|PARTIDO POLÍTICO INTEGRIDAD DEMOCRÁTICA	0
EUROPA|FINLANDIA|PARTIDO POLÍTICO NACIONAL PERÚ LIBRE	0
EUROPA|FINLANDIA|PARTIDO POLÍTICO PERÚ ACCIÓN	0
EUROPA|FINLANDIA|PARTIDO POLÍTICO PERÚ PRIMERO	0
EUROPA|FINLANDIA|PARTIDO POLÍTICO PRIN	0
EUROPA|FINLANDIA|PARTIDO SICREO	0
EUROPA|FINLANDIA|PERÚ MODERNO	0
EUROPA|FINLANDIA|PODEMOS PERÚ	0
EUROPA|FINLANDIA|PRIMERO LA GENTE – COMUNIDAD, ECOLOGÍA, LIBERTAD Y PROGRESO	4
EUROPA|FINLANDIA|PROGRESEMOS	0
EUROPA|FINLANDIA|RENOVACIÓN POPULAR	25
EUROPA|FINLANDIA|SALVEMOS AL PERÚ	0
EUROPA|FINLANDIA|UN CAMINO DIFERENTE	0
EUROPA|FINLANDIA|UNIDAD NACIONAL	1
EUROPA|FINLANDIA|VOTOS EN BLANCO	11
EUROPA|FINLANDIA|VOTOS NULOS	1
EUROPA|FRANCIA|AHORA NACIÓN - AN	557
EUROPA|FRANCIA|ALIANZA ELECTORAL VENCEREMOS	46
EUROPA|FRANCIA|ALIANZA PARA EL PROGRESO	5
EUROPA|FRANCIA|AVANZA PAÍS - PARTIDO DE INTEGRACIÓN SOCIAL	7
EUROPA|FRANCIA|FE EN EL PERÚ	3
EUROPA|FRANCIA|FUERZA POPULAR	422
EUROPA|FRANCIA|FUERZA Y LIBERTAD	3
EUROPA|FRANCIA|JUNTOS POR EL PERÚ	73
EUROPA|FRANCIA|LIBERTAD POPULAR	17
EUROPA|FRANCIA|PARTIDO APRISTA PERUANO	28
EUROPA|FRANCIA|PARTIDO CÍVICO OBRAS	393
EUROPA|FRANCIA|PARTIDO DE LOS TRABAJADORES Y EMPRENDEDORES PTE - PERÚ	2
EUROPA|FRANCIA|PARTIDO DEL BUEN GOBIERNO	878
EUROPA|FRANCIA|PARTIDO DEMOCRATICO FEDERAL	2
EUROPA|FRANCIA|PARTIDO DEMOCRÁTICO SOMOS PERÚ	16
EUROPA|FRANCIA|PARTIDO DEMÓCRATA UNIDO PERÚ	25
EUROPA|FRANCIA|PARTIDO DEMÓCRATA VERDE	9
EUROPA|FRANCIA|PARTIDO FRENTE DE LA ESPERANZA 2021	39
EUROPA|FRANCIA|PARTIDO MORADO	34
EUROPA|FRANCIA|PARTIDO PATRIÓTICO DEL PERÚ	15
EUROPA|FRANCIA|PARTIDO PAÍS PARA TODOS	376
EUROPA|FRANCIA|PARTIDO POLÍTICO COOPERACIÓN POPULAR	19
EUROPA|FRANCIA|PARTIDO POLÍTICO INTEGRIDAD DEMOCRÁTICA	15
EUROPA|FRANCIA|PARTIDO POLÍTICO NACIONAL PERÚ LIBRE	18
EUROPA|FRANCIA|PARTIDO POLÍTICO PERÚ ACCIÓN	6
EUROPA|FRANCIA|PARTIDO POLÍTICO PERÚ PRIMERO	5
EUROPA|FRANCIA|PARTIDO POLÍTICO PRIN	3
EUROPA|FRANCIA|PARTIDO SICREO	59
EUROPA|FRANCIA|PERÚ MODERNO	2
EUROPA|FRANCIA|PODEMOS PERÚ	9
EUROPA|FRANCIA|PRIMERO LA GENTE – COMUNIDAD, ECOLOGÍA, LIBERTAD Y PROGRESO	291
EUROPA|FRANCIA|PROGRESEMOS	6
EUROPA|FRANCIA|RENOVACIÓN POPULAR	1010
EUROPA|FRANCIA|SALVEMOS AL PERÚ	6
EUROPA|FRANCIA|UN CAMINO DIFERENTE	29
EUROPA|FRANCIA|UNIDAD NACIONAL	33
EUROPA|FRANCIA|VOTOS EN BLANCO	765
EUROPA|FRANCIA|VOTOS NULOS	142
EUROPA|GRAN BRETAÑA|AHORA NACIÓN - AN	140
EUROPA|GRAN BRETAÑA|ALIANZA ELECTORAL VENCEREMOS	8
EUROPA|GRAN BRETAÑA|ALIANZA PARA EL PROGRESO	5
EUROPA|GRAN BRETAÑA|AVANZA PAÍS - PARTIDO DE INTEGRACIÓN SOCIAL	1
EUROPA|GRAN BRETAÑA|FE EN EL PERÚ	1
EUROPA|GRAN BRETAÑA|FUERZA POPULAR	118
EUROPA|GRAN BRETAÑA|FUERZA Y LIBERTAD	0
EUROPA|GRAN BRETAÑA|JUNTOS POR EL PERÚ	19
EUROPA|GRAN BRETAÑA|LIBERTAD POPULAR	6
EUROPA|GRAN BRETAÑA|PARTIDO APRISTA PERUANO	6
EUROPA|GRAN BRETAÑA|PARTIDO CÍVICO OBRAS	91
EUROPA|GRAN BRETAÑA|PARTIDO DE LOS TRABAJADORES Y EMPRENDEDORES PTE - PERÚ	0
EUROPA|GRAN BRETAÑA|PARTIDO DEL BUEN GOBIERNO	334
EUROPA|GRAN BRETAÑA|PARTIDO DEMOCRATICO FEDERAL	0
EUROPA|GRAN BRETAÑA|PARTIDO DEMOCRÁTICO SOMOS PERÚ	4
EUROPA|GRAN BRETAÑA|PARTIDO DEMÓCRATA UNIDO PERÚ	6
EUROPA|GRAN BRETAÑA|PARTIDO DEMÓCRATA VERDE	3
EUROPA|GRAN BRETAÑA|PARTIDO FRENTE DE LA ESPERANZA 2021	14
EUROPA|GRAN BRETAÑA|PARTIDO MORADO	4
EUROPA|GRAN BRETAÑA|PARTIDO PATRIÓTICO DEL PERÚ	3
EUROPA|GRAN BRETAÑA|PARTIDO PAÍS PARA TODOS	106
EUROPA|GRAN BRETAÑA|PARTIDO POLÍTICO COOPERACIÓN POPULAR	6
EUROPA|GRAN BRETAÑA|PARTIDO POLÍTICO INTEGRIDAD DEMOCRÁTICA	1
EUROPA|GRAN BRETAÑA|PARTIDO POLÍTICO NACIONAL PERÚ LIBRE	5
EUROPA|GRAN BRETAÑA|PARTIDO POLÍTICO PERÚ ACCIÓN	0
EUROPA|GRAN BRETAÑA|PARTIDO POLÍTICO PERÚ PRIMERO	1
EUROPA|GRAN BRETAÑA|PARTIDO POLÍTICO PRIN	1
EUROPA|GRAN BRETAÑA|PARTIDO SICREO	15
EUROPA|GRAN BRETAÑA|PERÚ MODERNO	1
EUROPA|GRAN BRETAÑA|PODEMOS PERÚ	0
EUROPA|GRAN BRETAÑA|PRIMERO LA GENTE – COMUNIDAD, ECOLOGÍA, LIBERTAD Y PROGRESO	90
EUROPA|GRAN BRETAÑA|PROGRESEMOS	1
EUROPA|GRAN BRETAÑA|RENOVACIÓN POPULAR	502
EUROPA|GRAN BRETAÑA|SALVEMOS AL PERÚ	3
EUROPA|GRAN BRETAÑA|UN CAMINO DIFERENTE	2
EUROPA|GRAN BRETAÑA|UNIDAD NACIONAL	4
EUROPA|GRAN BRETAÑA|VOTOS EN BLANCO	155
EUROPA|GRAN BRETAÑA|VOTOS NULOS	46
EUROPA|GRAN DUCADO DE LUXEMBURGO|AHORA NACIÓN - AN	11
EUROPA|GRAN DUCADO DE LUXEMBURGO|ALIANZA ELECTORAL VENCEREMOS	0
EUROPA|GRAN DUCADO DE LUXEMBURGO|ALIANZA PARA EL PROGRESO	0
EUROPA|GRAN DUCADO DE LUXEMBURGO|AVANZA PAÍS - PARTIDO DE INTEGRACIÓN SOCIAL	0
EUROPA|GRAN DUCADO DE LUXEMBURGO|FE EN EL PERÚ	1
EUROPA|GRAN DUCADO DE LUXEMBURGO|FUERZA POPULAR	5
EUROPA|GRAN DUCADO DE LUXEMBURGO|FUERZA Y LIBERTAD	1
EUROPA|GRAN DUCADO DE LUXEMBURGO|JUNTOS POR EL PERÚ	1
EUROPA|GRAN DUCADO DE LUXEMBURGO|LIBERTAD POPULAR	1
EUROPA|GRAN DUCADO DE LUXEMBURGO|PARTIDO APRISTA PERUANO	1
EUROPA|GRAN DUCADO DE LUXEMBURGO|PARTIDO CÍVICO OBRAS	16
EUROPA|GRAN DUCADO DE LUXEMBURGO|PARTIDO DE LOS TRABAJADORES Y EMPRENDEDORES PTE - PERÚ	0
EUROPA|GRAN DUCADO DE LUXEMBURGO|PARTIDO DEL BUEN GOBIERNO	28
EUROPA|GRAN DUCADO DE LUXEMBURGO|PARTIDO DEMOCRATICO FEDERAL	0
EUROPA|GRAN DUCADO DE LUXEMBURGO|PARTIDO DEMOCRÁTICO SOMOS PERÚ	0
EUROPA|GRAN DUCADO DE LUXEMBURGO|PARTIDO DEMÓCRATA UNIDO PERÚ	1
EUROPA|GRAN DUCADO DE LUXEMBURGO|PARTIDO DEMÓCRATA VERDE	0
EUROPA|GRAN DUCADO DE LUXEMBURGO|PARTIDO FRENTE DE LA ESPERANZA 2021	0
EUROPA|GRAN DUCADO DE LUXEMBURGO|PARTIDO MORADO	0
EUROPA|GRAN DUCADO DE LUXEMBURGO|PARTIDO PATRIÓTICO DEL PERÚ	0
EUROPA|GRAN DUCADO DE LUXEMBURGO|PARTIDO PAÍS PARA TODOS	13
EUROPA|GRAN DUCADO DE LUXEMBURGO|PARTIDO POLÍTICO COOPERACIÓN POPULAR	1
EUROPA|GRAN DUCADO DE LUXEMBURGO|PARTIDO POLÍTICO INTEGRIDAD DEMOCRÁTICA	0
EUROPA|GRAN DUCADO DE LUXEMBURGO|PARTIDO POLÍTICO NACIONAL PERÚ LIBRE	0
EUROPA|GRAN DUCADO DE LUXEMBURGO|PARTIDO POLÍTICO PERÚ ACCIÓN	0
EUROPA|GRAN DUCADO DE LUXEMBURGO|PARTIDO POLÍTICO PERÚ PRIMERO	0
EUROPA|GRAN DUCADO DE LUXEMBURGO|PARTIDO POLÍTICO PRIN	0
EUROPA|GRAN DUCADO DE LUXEMBURGO|PARTIDO SICREO	3
EUROPA|GRAN DUCADO DE LUXEMBURGO|PERÚ MODERNO	0
EUROPA|GRAN DUCADO DE LUXEMBURGO|PODEMOS PERÚ	0
EUROPA|GRAN DUCADO DE LUXEMBURGO|PRIMERO LA GENTE – COMUNIDAD, ECOLOGÍA, LIBERTAD Y PROGRESO	7
EUROPA|GRAN DUCADO DE LUXEMBURGO|PROGRESEMOS	0
EUROPA|GRAN DUCADO DE LUXEMBURGO|RENOVACIÓN POPULAR	55
EUROPA|GRAN DUCADO DE LUXEMBURGO|SALVEMOS AL PERÚ	0
EUROPA|GRAN DUCADO DE LUXEMBURGO|UN CAMINO DIFERENTE	0
EUROPA|GRAN DUCADO DE LUXEMBURGO|UNIDAD NACIONAL	0
EUROPA|GRAN DUCADO DE LUXEMBURGO|VOTOS EN BLANCO	33
EUROPA|GRAN DUCADO DE LUXEMBURGO|VOTOS NULOS	4
EUROPA|GRECIA|AHORA NACIÓN - AN	2
EUROPA|GRECIA|ALIANZA ELECTORAL VENCEREMOS	0
EUROPA|GRECIA|ALIANZA PARA EL PROGRESO	0
EUROPA|GRECIA|AVANZA PAÍS - PARTIDO DE INTEGRACIÓN SOCIAL	0
EUROPA|GRECIA|FE EN EL PERÚ	0
EUROPA|GRECIA|FUERZA POPULAR	6
EUROPA|GRECIA|FUERZA Y LIBERTAD	0
EUROPA|GRECIA|JUNTOS POR EL PERÚ	3
EUROPA|GRECIA|LIBERTAD POPULAR	0
EUROPA|GRECIA|PARTIDO APRISTA PERUANO	3
EUROPA|GRECIA|PARTIDO CÍVICO OBRAS	6
EUROPA|GRECIA|PARTIDO DE LOS TRABAJADORES Y EMPRENDEDORES PTE - PERÚ	0
EUROPA|GRECIA|PARTIDO DEL BUEN GOBIERNO	3
EUROPA|GRECIA|PARTIDO DEMOCRATICO FEDERAL	0
EUROPA|GRECIA|PARTIDO DEMOCRÁTICO SOMOS PERÚ	0
EUROPA|GRECIA|PARTIDO DEMÓCRATA UNIDO PERÚ	0
EUROPA|GRECIA|PARTIDO DEMÓCRATA VERDE	0
EUROPA|GRECIA|PARTIDO FRENTE DE LA ESPERANZA 2021	1
EUROPA|GRECIA|PARTIDO MORADO	0
EUROPA|GRECIA|PARTIDO PATRIÓTICO DEL PERÚ	0
EUROPA|GRECIA|PARTIDO PAÍS PARA TODOS	3
EUROPA|GRECIA|PARTIDO POLÍTICO COOPERACIÓN POPULAR	1
EUROPA|GRECIA|PARTIDO POLÍTICO INTEGRIDAD DEMOCRÁTICA	0
EUROPA|GRECIA|PARTIDO POLÍTICO NACIONAL PERÚ LIBRE	0
EUROPA|GRECIA|PARTIDO POLÍTICO PERÚ ACCIÓN	0
EUROPA|GRECIA|PARTIDO POLÍTICO PERÚ PRIMERO	0
EUROPA|GRECIA|PARTIDO POLÍTICO PRIN	0
EUROPA|GRECIA|PARTIDO SICREO	1
EUROPA|GRECIA|PERÚ MODERNO	0
EUROPA|GRECIA|PODEMOS PERÚ	1
EUROPA|GRECIA|PRIMERO LA GENTE – COMUNIDAD, ECOLOGÍA, LIBERTAD Y PROGRESO	2
EUROPA|GRECIA|PROGRESEMOS	0
EUROPA|GRECIA|RENOVACIÓN POPULAR	4
EUROPA|GRECIA|SALVEMOS AL PERÚ	0
EUROPA|GRECIA|UN CAMINO DIFERENTE	0
EUROPA|GRECIA|UNIDAD NACIONAL	0
EUROPA|GRECIA|VOTOS EN BLANCO	8
EUROPA|GRECIA|VOTOS NULOS	3
EUROPA|HOLANDA|AHORA NACIÓN - AN	88
EUROPA|HOLANDA|ALIANZA ELECTORAL VENCEREMOS	8
EUROPA|HOLANDA|ALIANZA PARA EL PROGRESO	0
EUROPA|HOLANDA|AVANZA PAÍS - PARTIDO DE INTEGRACIÓN SOCIAL	4
EUROPA|HOLANDA|FE EN EL PERÚ	1
EUROPA|HOLANDA|FUERZA POPULAR	66
EUROPA|HOLANDA|FUERZA Y LIBERTAD	1
EUROPA|HOLANDA|JUNTOS POR EL PERÚ	13
EUROPA|HOLANDA|LIBERTAD POPULAR	2
EUROPA|HOLANDA|PARTIDO APRISTA PERUANO	4
EUROPA|HOLANDA|PARTIDO CÍVICO OBRAS	30
EUROPA|HOLANDA|PARTIDO DE LOS TRABAJADORES Y EMPRENDEDORES PTE - PERÚ	2
EUROPA|HOLANDA|PARTIDO DEL BUEN GOBIERNO	230
EUROPA|HOLANDA|PARTIDO DEMOCRATICO FEDERAL	0
EUROPA|HOLANDA|PARTIDO DEMOCRÁTICO SOMOS PERÚ	3
EUROPA|HOLANDA|PARTIDO DEMÓCRATA UNIDO PERÚ	1
EUROPA|HOLANDA|PARTIDO DEMÓCRATA VERDE	2
EUROPA|HOLANDA|PARTIDO FRENTE DE LA ESPERANZA 2021	8
EUROPA|HOLANDA|PARTIDO MORADO	5
EUROPA|HOLANDA|PARTIDO PATRIÓTICO DEL PERÚ	2
EUROPA|HOLANDA|PARTIDO PAÍS PARA TODOS	42
EUROPA|HOLANDA|PARTIDO POLÍTICO COOPERACIÓN POPULAR	5
EUROPA|HOLANDA|PARTIDO POLÍTICO INTEGRIDAD DEMOCRÁTICA	0
EUROPA|HOLANDA|PARTIDO POLÍTICO NACIONAL PERÚ LIBRE	0
EUROPA|HOLANDA|PARTIDO POLÍTICO PERÚ ACCIÓN	0
EUROPA|HOLANDA|PARTIDO POLÍTICO PERÚ PRIMERO	1
EUROPA|HOLANDA|PARTIDO POLÍTICO PRIN	0
EUROPA|HOLANDA|PARTIDO SICREO	8
EUROPA|HOLANDA|PERÚ MODERNO	0
EUROPA|HOLANDA|PODEMOS PERÚ	0
EUROPA|HOLANDA|PRIMERO LA GENTE – COMUNIDAD, ECOLOGÍA, LIBERTAD Y PROGRESO	82
EUROPA|HOLANDA|PROGRESEMOS	2
EUROPA|HOLANDA|RENOVACIÓN POPULAR	275
EUROPA|HOLANDA|SALVEMOS AL PERÚ	1
EUROPA|HOLANDA|UN CAMINO DIFERENTE	1
EUROPA|HOLANDA|UNIDAD NACIONAL	5
EUROPA|HOLANDA|VOTOS EN BLANCO	50
EUROPA|HOLANDA|VOTOS NULOS	17
EUROPA|HUNGRÍA|AHORA NACIÓN - AN	1
EUROPA|HUNGRÍA|ALIANZA ELECTORAL VENCEREMOS	0
EUROPA|HUNGRÍA|ALIANZA PARA EL PROGRESO	0
EUROPA|HUNGRÍA|AVANZA PAÍS - PARTIDO DE INTEGRACIÓN SOCIAL	0
EUROPA|HUNGRÍA|FE EN EL PERÚ	0
EUROPA|HUNGRÍA|FUERZA POPULAR	16
EUROPA|HUNGRÍA|FUERZA Y LIBERTAD	0
EUROPA|HUNGRÍA|JUNTOS POR EL PERÚ	1
EUROPA|HUNGRÍA|LIBERTAD POPULAR	1
EUROPA|HUNGRÍA|PARTIDO APRISTA PERUANO	0
EUROPA|HUNGRÍA|PARTIDO CÍVICO OBRAS	10
EUROPA|HUNGRÍA|PARTIDO DE LOS TRABAJADORES Y EMPRENDEDORES PTE - PERÚ	0
EUROPA|HUNGRÍA|PARTIDO DEL BUEN GOBIERNO	20
EUROPA|HUNGRÍA|PARTIDO DEMOCRATICO FEDERAL	0
EUROPA|HUNGRÍA|PARTIDO DEMOCRÁTICO SOMOS PERÚ	0
EUROPA|HUNGRÍA|PARTIDO DEMÓCRATA UNIDO PERÚ	1
EUROPA|HUNGRÍA|PARTIDO DEMÓCRATA VERDE	1
EUROPA|HUNGRÍA|PARTIDO FRENTE DE LA ESPERANZA 2021	1
EUROPA|HUNGRÍA|PARTIDO MORADO	1
EUROPA|HUNGRÍA|PARTIDO PATRIÓTICO DEL PERÚ	0
EUROPA|HUNGRÍA|PARTIDO PAÍS PARA TODOS	0
EUROPA|HUNGRÍA|PARTIDO POLÍTICO COOPERACIÓN POPULAR	0
EUROPA|HUNGRÍA|PARTIDO POLÍTICO INTEGRIDAD DEMOCRÁTICA	0
EUROPA|HUNGRÍA|PARTIDO POLÍTICO NACIONAL PERÚ LIBRE	1
EUROPA|HUNGRÍA|PARTIDO POLÍTICO PERÚ ACCIÓN	0
EUROPA|HUNGRÍA|PARTIDO POLÍTICO PERÚ PRIMERO	0
EUROPA|HUNGRÍA|PARTIDO POLÍTICO PRIN	0
EUROPA|HUNGRÍA|PARTIDO SICREO	2
EUROPA|HUNGRÍA|PERÚ MODERNO	0
EUROPA|HUNGRÍA|PODEMOS PERÚ	0
EUROPA|HUNGRÍA|PRIMERO LA GENTE – COMUNIDAD, ECOLOGÍA, LIBERTAD Y PROGRESO	10
EUROPA|HUNGRÍA|PROGRESEMOS	0
EUROPA|HUNGRÍA|RENOVACIÓN POPULAR	35
EUROPA|HUNGRÍA|SALVEMOS AL PERÚ	0
EUROPA|HUNGRÍA|UN CAMINO DIFERENTE	0
EUROPA|HUNGRÍA|UNIDAD NACIONAL	0
EUROPA|HUNGRÍA|VOTOS EN BLANCO	6
EUROPA|HUNGRÍA|VOTOS NULOS	2
EUROPA|IRLANDA|AHORA NACIÓN - AN	13
EUROPA|IRLANDA|ALIANZA ELECTORAL VENCEREMOS	0
EUROPA|IRLANDA|ALIANZA PARA EL PROGRESO	0
EUROPA|IRLANDA|AVANZA PAÍS - PARTIDO DE INTEGRACIÓN SOCIAL	0
EUROPA|IRLANDA|FE EN EL PERÚ	0
EUROPA|IRLANDA|FUERZA POPULAR	2
EUROPA|IRLANDA|FUERZA Y LIBERTAD	0
EUROPA|IRLANDA|JUNTOS POR EL PERÚ	1
EUROPA|IRLANDA|LIBERTAD POPULAR	0
EUROPA|IRLANDA|PARTIDO APRISTA PERUANO	0
EUROPA|IRLANDA|PARTIDO CÍVICO OBRAS	4
EUROPA|IRLANDA|PARTIDO DE LOS TRABAJADORES Y EMPRENDEDORES PTE - PERÚ	0
EUROPA|IRLANDA|PARTIDO DEL BUEN GOBIERNO	24
EUROPA|IRLANDA|PARTIDO DEMOCRATICO FEDERAL	0
EUROPA|IRLANDA|PARTIDO DEMOCRÁTICO SOMOS PERÚ	0
EUROPA|IRLANDA|PARTIDO DEMÓCRATA UNIDO PERÚ	0
EUROPA|IRLANDA|PARTIDO DEMÓCRATA VERDE	0
EUROPA|IRLANDA|PARTIDO FRENTE DE LA ESPERANZA 2021	0
EUROPA|IRLANDA|PARTIDO MORADO	2
EUROPA|IRLANDA|PARTIDO PATRIÓTICO DEL PERÚ	0
EUROPA|IRLANDA|PARTIDO PAÍS PARA TODOS	4
EUROPA|IRLANDA|PARTIDO POLÍTICO COOPERACIÓN POPULAR	1
EUROPA|IRLANDA|PARTIDO POLÍTICO INTEGRIDAD DEMOCRÁTICA	0
EUROPA|IRLANDA|PARTIDO POLÍTICO NACIONAL PERÚ LIBRE	0
EUROPA|IRLANDA|PARTIDO POLÍTICO PERÚ ACCIÓN	0
EUROPA|IRLANDA|PARTIDO POLÍTICO PERÚ PRIMERO	0
EUROPA|IRLANDA|PARTIDO POLÍTICO PRIN	0
EUROPA|IRLANDA|PARTIDO SICREO	2
EUROPA|IRLANDA|PERÚ MODERNO	0
EUROPA|IRLANDA|PODEMOS PERÚ	0
EUROPA|IRLANDA|PRIMERO LA GENTE – COMUNIDAD, ECOLOGÍA, LIBERTAD Y PROGRESO	8
EUROPA|IRLANDA|PROGRESEMOS	0
EUROPA|IRLANDA|RENOVACIÓN POPULAR	21
EUROPA|IRLANDA|SALVEMOS AL PERÚ	0
EUROPA|IRLANDA|UN CAMINO DIFERENTE	0
EUROPA|IRLANDA|UNIDAD NACIONAL	3
EUROPA|IRLANDA|VOTOS EN BLANCO	6
EUROPA|IRLANDA|VOTOS NULOS	2
EUROPA|ITALIA|AHORA NACIÓN - AN	4188
EUROPA|ITALIA|ALIANZA ELECTORAL VENCEREMOS	319
EUROPA|ITALIA|ALIANZA PARA EL PROGRESO	126
EUROPA|ITALIA|AVANZA PAÍS - PARTIDO DE INTEGRACIÓN SOCIAL	75
EUROPA|ITALIA|FE EN EL PERÚ	63
EUROPA|ITALIA|FUERZA POPULAR	6720
EUROPA|ITALIA|FUERZA Y LIBERTAD	91
EUROPA|ITALIA|JUNTOS POR EL PERÚ	1394
EUROPA|ITALIA|LIBERTAD POPULAR	141
EUROPA|ITALIA|PARTIDO APRISTA PERUANO	392
EUROPA|ITALIA|PARTIDO CÍVICO OBRAS	8347
EUROPA|ITALIA|PARTIDO DE LOS TRABAJADORES Y EMPRENDEDORES PTE - PERÚ	44
EUROPA|ITALIA|PARTIDO DEL BUEN GOBIERNO	4487
EUROPA|ITALIA|PARTIDO DEMOCRATICO FEDERAL	34
EUROPA|ITALIA|PARTIDO DEMOCRÁTICO SOMOS PERÚ	317
EUROPA|ITALIA|PARTIDO DEMÓCRATA UNIDO PERÚ	415
EUROPA|ITALIA|PARTIDO DEMÓCRATA VERDE	185
EUROPA|ITALIA|PARTIDO FRENTE DE LA ESPERANZA 2021	831
EUROPA|ITALIA|PARTIDO MORADO	258
EUROPA|ITALIA|PARTIDO PATRIÓTICO DEL PERÚ	315
EUROPA|ITALIA|PARTIDO PAÍS PARA TODOS	6456
EUROPA|ITALIA|PARTIDO POLÍTICO COOPERACIÓN POPULAR	270
EUROPA|ITALIA|PARTIDO POLÍTICO INTEGRIDAD DEMOCRÁTICA	179
EUROPA|ITALIA|PARTIDO POLÍTICO NACIONAL PERÚ LIBRE	262
EUROPA|ITALIA|PARTIDO POLÍTICO PERÚ ACCIÓN	149
EUROPA|ITALIA|PARTIDO POLÍTICO PERÚ PRIMERO	101
EUROPA|ITALIA|PARTIDO POLÍTICO PRIN	51
EUROPA|ITALIA|PARTIDO SICREO	753
EUROPA|ITALIA|PERÚ MODERNO	89
EUROPA|ITALIA|PODEMOS PERÚ	172
EUROPA|ITALIA|PRIMERO LA GENTE – COMUNIDAD, ECOLOGÍA, LIBERTAD Y PROGRESO	1973
EUROPA|ITALIA|PROGRESEMOS	105
EUROPA|ITALIA|RENOVACIÓN POPULAR	7880
EUROPA|ITALIA|SALVEMOS AL PERÚ	47
EUROPA|ITALIA|UN CAMINO DIFERENTE	473
EUROPA|ITALIA|UNIDAD NACIONAL	312
EUROPA|ITALIA|VOTOS EN BLANCO	9683
EUROPA|ITALIA|VOTOS NULOS	3340
EUROPA|MACEDONIA|AHORA NACIÓN - AN	0
EUROPA|MACEDONIA|ALIANZA ELECTORAL VENCEREMOS	0
EUROPA|MACEDONIA|ALIANZA PARA EL PROGRESO	0
EUROPA|MACEDONIA|AVANZA PAÍS - PARTIDO DE INTEGRACIÓN SOCIAL	0
EUROPA|MACEDONIA|FE EN EL PERÚ	0
EUROPA|MACEDONIA|FUERZA POPULAR	0
EUROPA|MACEDONIA|FUERZA Y LIBERTAD	0
EUROPA|MACEDONIA|JUNTOS POR EL PERÚ	0
EUROPA|MACEDONIA|LIBERTAD POPULAR	0
EUROPA|MACEDONIA|PARTIDO APRISTA PERUANO	0
EUROPA|MACEDONIA|PARTIDO CÍVICO OBRAS	0
EUROPA|MACEDONIA|PARTIDO DE LOS TRABAJADORES Y EMPRENDEDORES PTE - PERÚ	0
EUROPA|MACEDONIA|PARTIDO DEL BUEN GOBIERNO	0
EUROPA|MACEDONIA|PARTIDO DEMOCRATICO FEDERAL	0
EUROPA|MACEDONIA|PARTIDO DEMOCRÁTICO SOMOS PERÚ	0
EUROPA|MACEDONIA|PARTIDO DEMÓCRATA UNIDO PERÚ	0
EUROPA|MACEDONIA|PARTIDO DEMÓCRATA VERDE	0
EUROPA|MACEDONIA|PARTIDO FRENTE DE LA ESPERANZA 2021	0
EUROPA|MACEDONIA|PARTIDO MORADO	0
EUROPA|MACEDONIA|PARTIDO PATRIÓTICO DEL PERÚ	0
EUROPA|MACEDONIA|PARTIDO PAÍS PARA TODOS	0
EUROPA|MACEDONIA|PARTIDO POLÍTICO COOPERACIÓN POPULAR	0
EUROPA|MACEDONIA|PARTIDO POLÍTICO INTEGRIDAD DEMOCRÁTICA	0
EUROPA|MACEDONIA|PARTIDO POLÍTICO NACIONAL PERÚ LIBRE	0
EUROPA|MACEDONIA|PARTIDO POLÍTICO PERÚ ACCIÓN	0
EUROPA|MACEDONIA|PARTIDO POLÍTICO PERÚ PRIMERO	0
EUROPA|MACEDONIA|PARTIDO POLÍTICO PRIN	0
EUROPA|MACEDONIA|PARTIDO SICREO	0
EUROPA|MACEDONIA|PERÚ MODERNO	0
EUROPA|MACEDONIA|PODEMOS PERÚ	0
EUROPA|MACEDONIA|PRIMERO LA GENTE – COMUNIDAD, ECOLOGÍA, LIBERTAD Y PROGRESO	0
EUROPA|MACEDONIA|PROGRESEMOS	0
EUROPA|MACEDONIA|RENOVACIÓN POPULAR	0
EUROPA|MACEDONIA|SALVEMOS AL PERÚ	0
EUROPA|MACEDONIA|UN CAMINO DIFERENTE	0
EUROPA|MACEDONIA|UNIDAD NACIONAL	0
EUROPA|MACEDONIA|VOTOS EN BLANCO	0
EUROPA|MALTA|AHORA NACIÓN - AN	1
EUROPA|MALTA|ALIANZA ELECTORAL VENCEREMOS	0
EUROPA|MALTA|ALIANZA PARA EL PROGRESO	0
EUROPA|MALTA|AVANZA PAÍS - PARTIDO DE INTEGRACIÓN SOCIAL	0
EUROPA|MALTA|FE EN EL PERÚ	0
EUROPA|MALTA|FUERZA POPULAR	1
EUROPA|MALTA|FUERZA Y LIBERTAD	0
EUROPA|MALTA|JUNTOS POR EL PERÚ	0
EUROPA|MALTA|LIBERTAD POPULAR	0
EUROPA|MALTA|PARTIDO APRISTA PERUANO	0
EUROPA|MALTA|PARTIDO CÍVICO OBRAS	2
EUROPA|MALTA|PARTIDO DE LOS TRABAJADORES Y EMPRENDEDORES PTE - PERÚ	0
EUROPA|MALTA|PARTIDO DEL BUEN GOBIERNO	6
EUROPA|MALTA|PARTIDO DEMOCRATICO FEDERAL	0
EUROPA|MALTA|PARTIDO DEMOCRÁTICO SOMOS PERÚ	0
EUROPA|MALTA|PARTIDO DEMÓCRATA UNIDO PERÚ	1
EUROPA|MALTA|PARTIDO DEMÓCRATA VERDE	0
EUROPA|MALTA|PARTIDO FRENTE DE LA ESPERANZA 2021	0
EUROPA|MALTA|PARTIDO MORADO	0
EUROPA|MALTA|PARTIDO PATRIÓTICO DEL PERÚ	0
EUROPA|MALTA|PARTIDO PAÍS PARA TODOS	3
EUROPA|MALTA|PARTIDO POLÍTICO COOPERACIÓN POPULAR	0
EUROPA|MALTA|PARTIDO POLÍTICO INTEGRIDAD DEMOCRÁTICA	0
EUROPA|MALTA|PARTIDO POLÍTICO NACIONAL PERÚ LIBRE	0
EUROPA|MALTA|PARTIDO POLÍTICO PERÚ ACCIÓN	0
EUROPA|MALTA|PARTIDO POLÍTICO PERÚ PRIMERO	0
EUROPA|MALTA|PARTIDO POLÍTICO PRIN	0
EUROPA|MALTA|PARTIDO SICREO	0
EUROPA|MALTA|PERÚ MODERNO	0
EUROPA|MALTA|PODEMOS PERÚ	0
EUROPA|MALTA|PRIMERO LA GENTE – COMUNIDAD, ECOLOGÍA, LIBERTAD Y PROGRESO	1
EUROPA|MALTA|PROGRESEMOS	0
EUROPA|MALTA|RENOVACIÓN POPULAR	2
EUROPA|MALTA|SALVEMOS AL PERÚ	0
EUROPA|MALTA|UN CAMINO DIFERENTE	0
EUROPA|MALTA|UNIDAD NACIONAL	0
EUROPA|MALTA|VOTOS EN BLANCO	0
EUROPA|MALTA|VOTOS NULOS	0
EUROPA|NORUEGA|AHORA NACIÓN - AN	31
EUROPA|NORUEGA|ALIANZA ELECTORAL VENCEREMOS	2
EUROPA|NORUEGA|ALIANZA PARA EL PROGRESO	0
EUROPA|NORUEGA|AVANZA PAÍS - PARTIDO DE INTEGRACIÓN SOCIAL	1
EUROPA|NORUEGA|FE EN EL PERÚ	0
EUROPA|NORUEGA|FUERZA POPULAR	9
EUROPA|NORUEGA|FUERZA Y LIBERTAD	0
EUROPA|NORUEGA|JUNTOS POR EL PERÚ	2
EUROPA|NORUEGA|LIBERTAD POPULAR	0
EUROPA|NORUEGA|PARTIDO APRISTA PERUANO	1
EUROPA|NORUEGA|PARTIDO CÍVICO OBRAS	10
EUROPA|NORUEGA|PARTIDO DE LOS TRABAJADORES Y EMPRENDEDORES PTE - PERÚ	0
EUROPA|NORUEGA|PARTIDO DEL BUEN GOBIERNO	35
EUROPA|NORUEGA|PARTIDO DEMOCRATICO FEDERAL	0
EUROPA|NORUEGA|PARTIDO DEMOCRÁTICO SOMOS PERÚ	0
EUROPA|NORUEGA|PARTIDO DEMÓCRATA UNIDO PERÚ	1
EUROPA|NORUEGA|PARTIDO DEMÓCRATA VERDE	1
EUROPA|NORUEGA|PARTIDO FRENTE DE LA ESPERANZA 2021	2
EUROPA|NORUEGA|PARTIDO MORADO	2
EUROPA|NORUEGA|PARTIDO PATRIÓTICO DEL PERÚ	0
EUROPA|NORUEGA|PARTIDO PAÍS PARA TODOS	7
EUROPA|NORUEGA|PARTIDO POLÍTICO COOPERACIÓN POPULAR	0
EUROPA|NORUEGA|PARTIDO POLÍTICO INTEGRIDAD DEMOCRÁTICA	0
EUROPA|NORUEGA|PARTIDO POLÍTICO NACIONAL PERÚ LIBRE	0
EUROPA|NORUEGA|PARTIDO POLÍTICO PERÚ ACCIÓN	0
EUROPA|NORUEGA|PARTIDO POLÍTICO PERÚ PRIMERO	0
EUROPA|NORUEGA|PARTIDO POLÍTICO PRIN	0
EUROPA|NORUEGA|PARTIDO SICREO	1
EUROPA|NORUEGA|PERÚ MODERNO	0
EUROPA|NORUEGA|PODEMOS PERÚ	0
EUROPA|NORUEGA|PRIMERO LA GENTE – COMUNIDAD, ECOLOGÍA, LIBERTAD Y PROGRESO	9
EUROPA|NORUEGA|PROGRESEMOS	0
EUROPA|NORUEGA|RENOVACIÓN POPULAR	28
EUROPA|NORUEGA|SALVEMOS AL PERÚ	0
EUROPA|NORUEGA|UN CAMINO DIFERENTE	0
EUROPA|NORUEGA|UNIDAD NACIONAL	1
EUROPA|NORUEGA|VOTOS EN BLANCO	10
EUROPA|NORUEGA|VOTOS NULOS	2
EUROPA|POLONIA|AHORA NACIÓN - AN	12
EUROPA|POLONIA|ALIANZA ELECTORAL VENCEREMOS	0
EUROPA|POLONIA|ALIANZA PARA EL PROGRESO	0
EUROPA|POLONIA|AVANZA PAÍS - PARTIDO DE INTEGRACIÓN SOCIAL	0
EUROPA|POLONIA|FE EN EL PERÚ	0
EUROPA|POLONIA|FUERZA POPULAR	7
EUROPA|POLONIA|FUERZA Y LIBERTAD	0
EUROPA|POLONIA|JUNTOS POR EL PERÚ	0
EUROPA|POLONIA|LIBERTAD POPULAR	0
EUROPA|POLONIA|PARTIDO APRISTA PERUANO	0
EUROPA|POLONIA|PARTIDO CÍVICO OBRAS	9
EUROPA|POLONIA|PARTIDO DE LOS TRABAJADORES Y EMPRENDEDORES PTE - PERÚ	0
EUROPA|POLONIA|PARTIDO DEL BUEN GOBIERNO	18
EUROPA|POLONIA|PARTIDO DEMOCRATICO FEDERAL	0
EUROPA|POLONIA|PARTIDO DEMOCRÁTICO SOMOS PERÚ	1
EUROPA|POLONIA|PARTIDO DEMÓCRATA UNIDO PERÚ	0
EUROPA|POLONIA|PARTIDO DEMÓCRATA VERDE	1
EUROPA|POLONIA|PARTIDO FRENTE DE LA ESPERANZA 2021	1
EUROPA|POLONIA|PARTIDO MORADO	1
EUROPA|POLONIA|PARTIDO PATRIÓTICO DEL PERÚ	0
EUROPA|POLONIA|PARTIDO PAÍS PARA TODOS	6
EUROPA|POLONIA|PARTIDO POLÍTICO COOPERACIÓN POPULAR	0
EUROPA|POLONIA|PARTIDO POLÍTICO INTEGRIDAD DEMOCRÁTICA	0
EUROPA|POLONIA|PARTIDO POLÍTICO NACIONAL PERÚ LIBRE	0
EUROPA|POLONIA|PARTIDO POLÍTICO PERÚ ACCIÓN	0
EUROPA|POLONIA|PARTIDO POLÍTICO PERÚ PRIMERO	0
EUROPA|POLONIA|PARTIDO POLÍTICO PRIN	0
EUROPA|POLONIA|PARTIDO SICREO	0
EUROPA|POLONIA|PERÚ MODERNO	0
EUROPA|POLONIA|PODEMOS PERÚ	0
EUROPA|POLONIA|PRIMERO LA GENTE – COMUNIDAD, ECOLOGÍA, LIBERTAD Y PROGRESO	7
EUROPA|POLONIA|PROGRESEMOS	0
EUROPA|POLONIA|RENOVACIÓN POPULAR	33
EUROPA|POLONIA|SALVEMOS AL PERÚ	0
EUROPA|POLONIA|UN CAMINO DIFERENTE	1
EUROPA|POLONIA|UNIDAD NACIONAL	0
EUROPA|POLONIA|VOTOS EN BLANCO	8
EUROPA|POLONIA|VOTOS NULOS	1
EUROPA|PORTUGAL|AHORA NACIÓN - AN	21
EUROPA|PORTUGAL|ALIANZA ELECTORAL VENCEREMOS	0
EUROPA|PORTUGAL|ALIANZA PARA EL PROGRESO	1
EUROPA|PORTUGAL|AVANZA PAÍS - PARTIDO DE INTEGRACIÓN SOCIAL	0
EUROPA|PORTUGAL|FE EN EL PERÚ	0
EUROPA|PORTUGAL|FUERZA POPULAR	18
EUROPA|PORTUGAL|FUERZA Y LIBERTAD	1
EUROPA|PORTUGAL|JUNTOS POR EL PERÚ	1
EUROPA|PORTUGAL|LIBERTAD POPULAR	1
EUROPA|PORTUGAL|PARTIDO APRISTA PERUANO	3
EUROPA|PORTUGAL|PARTIDO CÍVICO OBRAS	9
EUROPA|PORTUGAL|PARTIDO DE LOS TRABAJADORES Y EMPRENDEDORES PTE - PERÚ	0
EUROPA|PORTUGAL|PARTIDO DEL BUEN GOBIERNO	71
EUROPA|PORTUGAL|PARTIDO DEMOCRATICO FEDERAL	0
EUROPA|PORTUGAL|PARTIDO DEMOCRÁTICO SOMOS PERÚ	1
EUROPA|PORTUGAL|PARTIDO DEMÓCRATA UNIDO PERÚ	0
EUROPA|PORTUGAL|PARTIDO DEMÓCRATA VERDE	0
EUROPA|PORTUGAL|PARTIDO FRENTE DE LA ESPERANZA 2021	1
EUROPA|PORTUGAL|PARTIDO MORADO	4
EUROPA|PORTUGAL|PARTIDO PATRIÓTICO DEL PERÚ	0
EUROPA|PORTUGAL|PARTIDO PAÍS PARA TODOS	10
EUROPA|PORTUGAL|PARTIDO POLÍTICO COOPERACIÓN POPULAR	0
EUROPA|PORTUGAL|PARTIDO POLÍTICO INTEGRIDAD DEMOCRÁTICA	0
EUROPA|PORTUGAL|PARTIDO POLÍTICO NACIONAL PERÚ LIBRE	0
EUROPA|PORTUGAL|PARTIDO POLÍTICO PERÚ ACCIÓN	0
EUROPA|PORTUGAL|PARTIDO POLÍTICO PERÚ PRIMERO	0
EUROPA|PORTUGAL|PARTIDO POLÍTICO PRIN	0
EUROPA|PORTUGAL|PARTIDO SICREO	0
EUROPA|PORTUGAL|PERÚ MODERNO	0
EUROPA|PORTUGAL|PODEMOS PERÚ	0
EUROPA|PORTUGAL|PRIMERO LA GENTE – COMUNIDAD, ECOLOGÍA, LIBERTAD Y PROGRESO	17
EUROPA|PORTUGAL|PROGRESEMOS	0
EUROPA|PORTUGAL|RENOVACIÓN POPULAR	59
EUROPA|PORTUGAL|SALVEMOS AL PERÚ	1
EUROPA|PORTUGAL|UN CAMINO DIFERENTE	0
EUROPA|PORTUGAL|UNIDAD NACIONAL	2
EUROPA|PORTUGAL|VOTOS EN BLANCO	14
EUROPA|PORTUGAL|VOTOS NULOS	6
EUROPA|PRINCIPADO DE ANDORRA|AHORA NACIÓN - AN	4
EUROPA|PRINCIPADO DE ANDORRA|ALIANZA ELECTORAL VENCEREMOS	1
EUROPA|PRINCIPADO DE ANDORRA|ALIANZA PARA EL PROGRESO	1
EUROPA|PRINCIPADO DE ANDORRA|AVANZA PAÍS - PARTIDO DE INTEGRACIÓN SOCIAL	0
EUROPA|PRINCIPADO DE ANDORRA|FE EN EL PERÚ	0
EUROPA|PRINCIPADO DE ANDORRA|FUERZA POPULAR	10
EUROPA|PRINCIPADO DE ANDORRA|FUERZA Y LIBERTAD	0
EUROPA|PRINCIPADO DE ANDORRA|JUNTOS POR EL PERÚ	3
EUROPA|PRINCIPADO DE ANDORRA|LIBERTAD POPULAR	0
EUROPA|PRINCIPADO DE ANDORRA|PARTIDO APRISTA PERUANO	1
EUROPA|PRINCIPADO DE ANDORRA|PARTIDO CÍVICO OBRAS	12
EUROPA|PRINCIPADO DE ANDORRA|PARTIDO DE LOS TRABAJADORES Y EMPRENDEDORES PTE - PERÚ	0
EUROPA|PRINCIPADO DE ANDORRA|PARTIDO DEL BUEN GOBIERNO	8
EUROPA|PRINCIPADO DE ANDORRA|PARTIDO DEMOCRATICO FEDERAL	0
EUROPA|PRINCIPADO DE ANDORRA|PARTIDO DEMOCRÁTICO SOMOS PERÚ	0
EUROPA|PRINCIPADO DE ANDORRA|PARTIDO DEMÓCRATA UNIDO PERÚ	0
EUROPA|PRINCIPADO DE ANDORRA|PARTIDO DEMÓCRATA VERDE	0
EUROPA|PRINCIPADO DE ANDORRA|PARTIDO FRENTE DE LA ESPERANZA 2021	0
EUROPA|PRINCIPADO DE ANDORRA|PARTIDO MORADO	2
EUROPA|PRINCIPADO DE ANDORRA|PARTIDO PATRIÓTICO DEL PERÚ	0
EUROPA|PRINCIPADO DE ANDORRA|PARTIDO PAÍS PARA TODOS	18
EUROPA|PRINCIPADO DE ANDORRA|PARTIDO POLÍTICO COOPERACIÓN POPULAR	0
EUROPA|PRINCIPADO DE ANDORRA|PARTIDO POLÍTICO INTEGRIDAD DEMOCRÁTICA	1
EUROPA|PRINCIPADO DE ANDORRA|PARTIDO POLÍTICO NACIONAL PERÚ LIBRE	0
EUROPA|PRINCIPADO DE ANDORRA|PARTIDO POLÍTICO PERÚ ACCIÓN	0
EUROPA|PRINCIPADO DE ANDORRA|PARTIDO POLÍTICO PERÚ PRIMERO	0
EUROPA|PRINCIPADO DE ANDORRA|PARTIDO POLÍTICO PRIN	0
EUROPA|PRINCIPADO DE ANDORRA|PARTIDO SICREO	2
EUROPA|PRINCIPADO DE ANDORRA|PERÚ MODERNO	0
EUROPA|PRINCIPADO DE ANDORRA|PODEMOS PERÚ	0
EUROPA|PRINCIPADO DE ANDORRA|PRIMERO LA GENTE – COMUNIDAD, ECOLOGÍA, LIBERTAD Y PROGRESO	5
EUROPA|PRINCIPADO DE ANDORRA|PROGRESEMOS	0
EUROPA|PRINCIPADO DE ANDORRA|RENOVACIÓN POPULAR	5
EUROPA|PRINCIPADO DE ANDORRA|SALVEMOS AL PERÚ	0
EUROPA|PRINCIPADO DE ANDORRA|UN CAMINO DIFERENTE	5
EUROPA|PRINCIPADO DE ANDORRA|UNIDAD NACIONAL	2
EUROPA|PRINCIPADO DE ANDORRA|VOTOS EN BLANCO	20
EUROPA|PRINCIPADO DE ANDORRA|VOTOS NULOS	30
EUROPA|REPÚBLICA CHECA|AHORA NACIÓN - AN	10
EUROPA|REPÚBLICA CHECA|ALIANZA ELECTORAL VENCEREMOS	0
EUROPA|REPÚBLICA CHECA|ALIANZA PARA EL PROGRESO	0
EUROPA|REPÚBLICA CHECA|AVANZA PAÍS - PARTIDO DE INTEGRACIÓN SOCIAL	0
EUROPA|REPÚBLICA CHECA|FE EN EL PERÚ	1
EUROPA|REPÚBLICA CHECA|FUERZA POPULAR	4
EUROPA|REPÚBLICA CHECA|FUERZA Y LIBERTAD	0
EUROPA|REPÚBLICA CHECA|JUNTOS POR EL PERÚ	1
EUROPA|REPÚBLICA CHECA|LIBERTAD POPULAR	0
EUROPA|REPÚBLICA CHECA|PARTIDO APRISTA PERUANO	2
EUROPA|REPÚBLICA CHECA|PARTIDO CÍVICO OBRAS	8
EUROPA|REPÚBLICA CHECA|PARTIDO DE LOS TRABAJADORES Y EMPRENDEDORES PTE - PERÚ	0
EUROPA|REPÚBLICA CHECA|PARTIDO DEL BUEN GOBIERNO	24
EUROPA|REPÚBLICA CHECA|PARTIDO DEMOCRATICO FEDERAL	0
EUROPA|REPÚBLICA CHECA|PARTIDO DEMOCRÁTICO SOMOS PERÚ	2
EUROPA|REPÚBLICA CHECA|PARTIDO DEMÓCRATA UNIDO PERÚ	1
EUROPA|REPÚBLICA CHECA|PARTIDO DEMÓCRATA VERDE	0
EUROPA|REPÚBLICA CHECA|PARTIDO FRENTE DE LA ESPERANZA 2021	2
EUROPA|REPÚBLICA CHECA|PARTIDO MORADO	1
EUROPA|REPÚBLICA CHECA|PARTIDO PATRIÓTICO DEL PERÚ	0
EUROPA|REPÚBLICA CHECA|PARTIDO PAÍS PARA TODOS	6
EUROPA|REPÚBLICA CHECA|PARTIDO POLÍTICO COOPERACIÓN POPULAR	0
EUROPA|REPÚBLICA CHECA|PARTIDO POLÍTICO INTEGRIDAD DEMOCRÁTICA	0
EUROPA|REPÚBLICA CHECA|PARTIDO POLÍTICO NACIONAL PERÚ LIBRE	1
EUROPA|REPÚBLICA CHECA|PARTIDO POLÍTICO PERÚ ACCIÓN	0
EUROPA|REPÚBLICA CHECA|PARTIDO POLÍTICO PERÚ PRIMERO	0
EUROPA|REPÚBLICA CHECA|PARTIDO POLÍTICO PRIN	0
EUROPA|REPÚBLICA CHECA|PARTIDO SICREO	1
EUROPA|REPÚBLICA CHECA|PERÚ MODERNO	1
EUROPA|REPÚBLICA CHECA|PODEMOS PERÚ	0
EUROPA|REPÚBLICA CHECA|PRIMERO LA GENTE – COMUNIDAD, ECOLOGÍA, LIBERTAD Y PROGRESO	6
EUROPA|REPÚBLICA CHECA|PROGRESEMOS	0
EUROPA|REPÚBLICA CHECA|RENOVACIÓN POPULAR	33
EUROPA|REPÚBLICA CHECA|SALVEMOS AL PERÚ	0
EUROPA|REPÚBLICA CHECA|UN CAMINO DIFERENTE	1
EUROPA|REPÚBLICA CHECA|UNIDAD NACIONAL	2
EUROPA|REPÚBLICA CHECA|VOTOS EN BLANCO	11
EUROPA|REPÚBLICA CHECA|VOTOS NULOS	0
EUROPA|RUMANÍA|AHORA NACIÓN - AN	4
EUROPA|RUMANÍA|ALIANZA ELECTORAL VENCEREMOS	1
EUROPA|RUMANÍA|ALIANZA PARA EL PROGRESO	1
EUROPA|RUMANÍA|AVANZA PAÍS - PARTIDO DE INTEGRACIÓN SOCIAL	0
EUROPA|RUMANÍA|FE EN EL PERÚ	0
EUROPA|RUMANÍA|FUERZA POPULAR	6
EUROPA|RUMANÍA|FUERZA Y LIBERTAD	0
EUROPA|RUMANÍA|JUNTOS POR EL PERÚ	1
EUROPA|RUMANÍA|LIBERTAD POPULAR	0
EUROPA|RUMANÍA|PARTIDO APRISTA PERUANO	0
EUROPA|RUMANÍA|PARTIDO CÍVICO OBRAS	7
EUROPA|RUMANÍA|PARTIDO DE LOS TRABAJADORES Y EMPRENDEDORES PTE - PERÚ	0
EUROPA|RUMANÍA|PARTIDO DEL BUEN GOBIERNO	3
EUROPA|RUMANÍA|PARTIDO DEMOCRATICO FEDERAL	0
EUROPA|RUMANÍA|PARTIDO DEMOCRÁTICO SOMOS PERÚ	1
EUROPA|RUMANÍA|PARTIDO DEMÓCRATA UNIDO PERÚ	0
EUROPA|RUMANÍA|PARTIDO DEMÓCRATA VERDE	1
EUROPA|RUMANÍA|PARTIDO FRENTE DE LA ESPERANZA 2021	0
EUROPA|RUMANÍA|PARTIDO MORADO	0
EUROPA|RUMANÍA|PARTIDO PATRIÓTICO DEL PERÚ	0
EUROPA|RUMANÍA|PARTIDO PAÍS PARA TODOS	6
EUROPA|RUMANÍA|PARTIDO POLÍTICO COOPERACIÓN POPULAR	0
EUROPA|RUMANÍA|PARTIDO POLÍTICO INTEGRIDAD DEMOCRÁTICA	0
EUROPA|RUMANÍA|PARTIDO POLÍTICO NACIONAL PERÚ LIBRE	0
EUROPA|RUMANÍA|PARTIDO POLÍTICO PERÚ ACCIÓN	0
EUROPA|RUMANÍA|PARTIDO POLÍTICO PERÚ PRIMERO	0
EUROPA|RUMANÍA|PARTIDO POLÍTICO PRIN	0
EUROPA|RUMANÍA|PARTIDO SICREO	2
EUROPA|RUMANÍA|PERÚ MODERNO	0
EUROPA|RUMANÍA|PODEMOS PERÚ	0
EUROPA|RUMANÍA|PRIMERO LA GENTE – COMUNIDAD, ECOLOGÍA, LIBERTAD Y PROGRESO	3
EUROPA|RUMANÍA|PROGRESEMOS	0
EUROPA|RUMANÍA|RENOVACIÓN POPULAR	9
EUROPA|RUMANÍA|SALVEMOS AL PERÚ	0
EUROPA|RUMANÍA|UN CAMINO DIFERENTE	0
EUROPA|RUMANÍA|UNIDAD NACIONAL	0
EUROPA|RUMANÍA|VOTOS EN BLANCO	3
EUROPA|RUMANÍA|VOTOS NULOS	2
EUROPA|RUSIA|AHORA NACIÓN - AN	23
EUROPA|RUSIA|ALIANZA ELECTORAL VENCEREMOS	5
EUROPA|RUSIA|ALIANZA PARA EL PROGRESO	2
EUROPA|RUSIA|AVANZA PAÍS - PARTIDO DE INTEGRACIÓN SOCIAL	0
EUROPA|RUSIA|FE EN EL PERÚ	1
EUROPA|RUSIA|FUERZA POPULAR	10
EUROPA|RUSIA|FUERZA Y LIBERTAD	0
EUROPA|RUSIA|JUNTOS POR EL PERÚ	1
EUROPA|RUSIA|LIBERTAD POPULAR	1
EUROPA|RUSIA|PARTIDO APRISTA PERUANO	5
EUROPA|RUSIA|PARTIDO CÍVICO OBRAS	18
EUROPA|RUSIA|PARTIDO DE LOS TRABAJADORES Y EMPRENDEDORES PTE - PERÚ	0
EUROPA|RUSIA|PARTIDO DEL BUEN GOBIERNO	10
EUROPA|RUSIA|PARTIDO DEMOCRATICO FEDERAL	0
EUROPA|RUSIA|PARTIDO DEMOCRÁTICO SOMOS PERÚ	2
EUROPA|RUSIA|PARTIDO DEMÓCRATA UNIDO PERÚ	0
EUROPA|RUSIA|PARTIDO DEMÓCRATA VERDE	1
EUROPA|RUSIA|PARTIDO FRENTE DE LA ESPERANZA 2021	3
EUROPA|RUSIA|PARTIDO MORADO	1
EUROPA|RUSIA|PARTIDO PATRIÓTICO DEL PERÚ	0
EUROPA|RUSIA|PARTIDO PAÍS PARA TODOS	13
EUROPA|RUSIA|PARTIDO POLÍTICO COOPERACIÓN POPULAR	3
EUROPA|RUSIA|PARTIDO POLÍTICO INTEGRIDAD DEMOCRÁTICA	0
EUROPA|RUSIA|PARTIDO POLÍTICO NACIONAL PERÚ LIBRE	3
EUROPA|RUSIA|PARTIDO POLÍTICO PERÚ ACCIÓN	0
EUROPA|RUSIA|PARTIDO POLÍTICO PERÚ PRIMERO	1
EUROPA|RUSIA|PARTIDO POLÍTICO PRIN	1
EUROPA|RUSIA|PARTIDO SICREO	3
EUROPA|RUSIA|PERÚ MODERNO	1
EUROPA|RUSIA|PODEMOS PERÚ	0
EUROPA|RUSIA|PRIMERO LA GENTE – COMUNIDAD, ECOLOGÍA, LIBERTAD Y PROGRESO	5
EUROPA|RUSIA|PROGRESEMOS	0
EUROPA|RUSIA|RENOVACIÓN POPULAR	20
EUROPA|RUSIA|SALVEMOS AL PERÚ	0
EUROPA|RUSIA|UN CAMINO DIFERENTE	1
EUROPA|RUSIA|UNIDAD NACIONAL	2
EUROPA|RUSIA|VOTOS EN BLANCO	23
EUROPA|RUSIA|VOTOS NULOS	7
EUROPA|SUECIA|AHORA NACIÓN - AN	186
EUROPA|SUECIA|ALIANZA ELECTORAL VENCEREMOS	24
EUROPA|SUECIA|ALIANZA PARA EL PROGRESO	0
EUROPA|SUECIA|AVANZA PAÍS - PARTIDO DE INTEGRACIÓN SOCIAL	0
EUROPA|SUECIA|FE EN EL PERÚ	2
EUROPA|SUECIA|FUERZA POPULAR	69
EUROPA|SUECIA|FUERZA Y LIBERTAD	1
EUROPA|SUECIA|JUNTOS POR EL PERÚ	29
EUROPA|SUECIA|LIBERTAD POPULAR	5
EUROPA|SUECIA|PARTIDO APRISTA PERUANO	13
EUROPA|SUECIA|PARTIDO CÍVICO OBRAS	105
EUROPA|SUECIA|PARTIDO DE LOS TRABAJADORES Y EMPRENDEDORES PTE - PERÚ	0
EUROPA|SUECIA|PARTIDO DEL BUEN GOBIERNO	139
EUROPA|SUECIA|PARTIDO DEMOCRATICO FEDERAL	0
EUROPA|SUECIA|PARTIDO DEMOCRÁTICO SOMOS PERÚ	2
EUROPA|SUECIA|PARTIDO DEMÓCRATA UNIDO PERÚ	5
EUROPA|SUECIA|PARTIDO DEMÓCRATA VERDE	1
EUROPA|SUECIA|PARTIDO FRENTE DE LA ESPERANZA 2021	19
EUROPA|SUECIA|PARTIDO MORADO	11
EUROPA|SUECIA|PARTIDO PATRIÓTICO DEL PERÚ	4
EUROPA|SUECIA|PARTIDO PAÍS PARA TODOS	92
EUROPA|SUECIA|PARTIDO POLÍTICO COOPERACIÓN POPULAR	3
EUROPA|SUECIA|PARTIDO POLÍTICO INTEGRIDAD DEMOCRÁTICA	2
EUROPA|SUECIA|PARTIDO POLÍTICO NACIONAL PERÚ LIBRE	7
EUROPA|SUECIA|PARTIDO POLÍTICO PERÚ ACCIÓN	1
EUROPA|SUECIA|PARTIDO POLÍTICO PERÚ PRIMERO	2
EUROPA|SUECIA|PARTIDO POLÍTICO PRIN	0
EUROPA|SUECIA|PARTIDO SICREO	11
EUROPA|SUECIA|PERÚ MODERNO	1
EUROPA|SUECIA|PODEMOS PERÚ	1
EUROPA|SUECIA|PRIMERO LA GENTE – COMUNIDAD, ECOLOGÍA, LIBERTAD Y PROGRESO	55
EUROPA|SUECIA|PROGRESEMOS	2
EUROPA|SUECIA|RENOVACIÓN POPULAR	317
EUROPA|SUECIA|SALVEMOS AL PERÚ	0
EUROPA|SUECIA|UN CAMINO DIFERENTE	1
EUROPA|SUECIA|UNIDAD NACIONAL	5
EUROPA|SUECIA|VOTOS EN BLANCO	185
EUROPA|SUECIA|VOTOS NULOS	21
EUROPA|SUIZA|AHORA NACIÓN - AN	225
EUROPA|SUIZA|ALIANZA ELECTORAL VENCEREMOS	10
EUROPA|SUIZA|ALIANZA PARA EL PROGRESO	2
EUROPA|SUIZA|AVANZA PAÍS - PARTIDO DE INTEGRACIÓN SOCIAL	2
EUROPA|SUIZA|FE EN EL PERÚ	3
EUROPA|SUIZA|FUERZA POPULAR	193
EUROPA|SUIZA|FUERZA Y LIBERTAD	3
EUROPA|SUIZA|JUNTOS POR EL PERÚ	41
EUROPA|SUIZA|LIBERTAD POPULAR	10
EUROPA|SUIZA|PARTIDO APRISTA PERUANO	19
EUROPA|SUIZA|PARTIDO CÍVICO OBRAS	172
EUROPA|SUIZA|PARTIDO DE LOS TRABAJADORES Y EMPRENDEDORES PTE - PERÚ	0
EUROPA|SUIZA|PARTIDO DEL BUEN GOBIERNO	276
EUROPA|SUIZA|PARTIDO DEMOCRATICO FEDERAL	0
EUROPA|SUIZA|PARTIDO DEMOCRÁTICO SOMOS PERÚ	13
EUROPA|SUIZA|PARTIDO DEMÓCRATA UNIDO PERÚ	10
EUROPA|SUIZA|PARTIDO DEMÓCRATA VERDE	5
EUROPA|SUIZA|PARTIDO FRENTE DE LA ESPERANZA 2021	20
EUROPA|SUIZA|PARTIDO MORADO	17
EUROPA|SUIZA|PARTIDO PATRIÓTICO DEL PERÚ	5
EUROPA|SUIZA|PARTIDO PAÍS PARA TODOS	159
EUROPA|SUIZA|PARTIDO POLÍTICO COOPERACIÓN POPULAR	8
EUROPA|SUIZA|PARTIDO POLÍTICO INTEGRIDAD DEMOCRÁTICA	5
EUROPA|SUIZA|PARTIDO POLÍTICO NACIONAL PERÚ LIBRE	9
EUROPA|SUIZA|PARTIDO POLÍTICO PERÚ ACCIÓN	12
EUROPA|SUIZA|PARTIDO POLÍTICO PERÚ PRIMERO	4
EUROPA|SUIZA|PARTIDO POLÍTICO PRIN	2
EUROPA|SUIZA|PARTIDO SICREO	21
EUROPA|SUIZA|PERÚ MODERNO	10
EUROPA|SUIZA|PODEMOS PERÚ	1
EUROPA|SUIZA|PRIMERO LA GENTE – COMUNIDAD, ECOLOGÍA, LIBERTAD Y PROGRESO	128
EUROPA|SUIZA|PROGRESEMOS	1
EUROPA|SUIZA|RENOVACIÓN POPULAR	819
EUROPA|SUIZA|SALVEMOS AL PERÚ	0
EUROPA|SUIZA|UN CAMINO DIFERENTE	13
EUROPA|SUIZA|UNIDAD NACIONAL	29
EUROPA|SUIZA|VOTOS EN BLANCO	357
EUROPA|SUIZA|VOTOS NULOS	84
HUANCAVELICA|ACOBAMBA|AHORA NACIÓN - AN	1403
HUANCAVELICA|ACOBAMBA|ALIANZA ELECTORAL VENCEREMOS	140
HUANCAVELICA|ACOBAMBA|ALIANZA PARA EL PROGRESO	73
HUANCAVELICA|ACOBAMBA|AVANZA PAÍS - PARTIDO DE INTEGRACIÓN SOCIAL	7
HUANCAVELICA|ACOBAMBA|FE EN EL PERÚ	35
HUANCAVELICA|ACOBAMBA|FUERZA POPULAR	1131
HUANCAVELICA|ACOBAMBA|FUERZA Y LIBERTAD	19
HUANCAVELICA|ACOBAMBA|JUNTOS POR EL PERÚ	9848
HUANCAVELICA|ACOBAMBA|LIBERTAD POPULAR	19
HUANCAVELICA|ACOBAMBA|PARTIDO APRISTA PERUANO	23
HUANCAVELICA|ACOBAMBA|PARTIDO CÍVICO OBRAS	2398
HUANCAVELICA|ACOBAMBA|PARTIDO DE LOS TRABAJADORES Y EMPRENDEDORES PTE - PERÚ	8
HUANCAVELICA|ACOBAMBA|PARTIDO DEL BUEN GOBIERNO	284
HUANCAVELICA|ACOBAMBA|PARTIDO DEMOCRATICO FEDERAL	33
HUANCAVELICA|ACOBAMBA|PARTIDO DEMOCRÁTICO SOMOS PERÚ	18
HUANCAVELICA|ACOBAMBA|PARTIDO DEMÓCRATA UNIDO PERÚ	313
HUANCAVELICA|ACOBAMBA|PARTIDO DEMÓCRATA VERDE	80
HUANCAVELICA|ACOBAMBA|PARTIDO FRENTE DE LA ESPERANZA 2021	133
HUANCAVELICA|ACOBAMBA|PARTIDO MORADO	29
HUANCAVELICA|ACOBAMBA|PARTIDO PATRIÓTICO DEL PERÚ	170
HUANCAVELICA|ACOBAMBA|PARTIDO PAÍS PARA TODOS	146
HUANCAVELICA|ACOBAMBA|PARTIDO POLÍTICO COOPERACIÓN POPULAR	156
HUANCAVELICA|ACOBAMBA|PARTIDO POLÍTICO INTEGRIDAD DEMOCRÁTICA	16
HUANCAVELICA|ACOBAMBA|PARTIDO POLÍTICO NACIONAL PERÚ LIBRE	201
HUANCAVELICA|ACOBAMBA|PARTIDO POLÍTICO PERÚ ACCIÓN	30
HUANCAVELICA|ACOBAMBA|PARTIDO POLÍTICO PERÚ PRIMERO	151
HUANCAVELICA|ACOBAMBA|PARTIDO POLÍTICO PRIN	8
HUANCAVELICA|ACOBAMBA|PARTIDO SICREO	132
HUANCAVELICA|ACOBAMBA|PERÚ MODERNO	5
HUANCAVELICA|ACOBAMBA|PODEMOS PERÚ	607
HUANCAVELICA|ACOBAMBA|PRIMERO LA GENTE – COMUNIDAD, ECOLOGÍA, LIBERTAD Y PROGRESO	89
HUANCAVELICA|ACOBAMBA|PROGRESEMOS	131
HUANCAVELICA|ACOBAMBA|RENOVACIÓN POPULAR	366
HUANCAVELICA|ACOBAMBA|SALVEMOS AL PERÚ	39
HUANCAVELICA|ACOBAMBA|UN CAMINO DIFERENTE	24
HUANCAVELICA|ACOBAMBA|UNIDAD NACIONAL	18
HUANCAVELICA|ACOBAMBA|VOTOS EN BLANCO	3282
HUANCAVELICA|ACOBAMBA|VOTOS NULOS	1228
HUANCAVELICA|ANGARAES|AHORA NACIÓN - AN	1854
HUANCAVELICA|ANGARAES|ALIANZA ELECTORAL VENCEREMOS	169
HUANCAVELICA|ANGARAES|ALIANZA PARA EL PROGRESO	99
HUANCAVELICA|ANGARAES|AVANZA PAÍS - PARTIDO DE INTEGRACIÓN SOCIAL	7
HUANCAVELICA|ANGARAES|FE EN EL PERÚ	52
HUANCAVELICA|ANGARAES|FUERZA POPULAR	1087
HUANCAVELICA|ANGARAES|FUERZA Y LIBERTAD	26
HUANCAVELICA|ANGARAES|JUNTOS POR EL PERÚ	10532
HUANCAVELICA|ANGARAES|LIBERTAD POPULAR	24
HUANCAVELICA|ANGARAES|PARTIDO APRISTA PERUANO	30
HUANCAVELICA|ANGARAES|PARTIDO CÍVICO OBRAS	3188
HUANCAVELICA|ANGARAES|PARTIDO DE LOS TRABAJADORES Y EMPRENDEDORES PTE - PERÚ	9
HUANCAVELICA|ANGARAES|PARTIDO DEL BUEN GOBIERNO	433
HUANCAVELICA|ANGARAES|PARTIDO DEMOCRATICO FEDERAL	33
HUANCAVELICA|ANGARAES|PARTIDO DEMOCRÁTICO SOMOS PERÚ	36
HUANCAVELICA|ANGARAES|PARTIDO DEMÓCRATA UNIDO PERÚ	459
HUANCAVELICA|ANGARAES|PARTIDO DEMÓCRATA VERDE	96
HUANCAVELICA|ANGARAES|PARTIDO FRENTE DE LA ESPERANZA 2021	245
HUANCAVELICA|ANGARAES|PARTIDO MORADO	29
HUANCAVELICA|ANGARAES|PARTIDO PATRIÓTICO DEL PERÚ	238
HUANCAVELICA|ANGARAES|PARTIDO PAÍS PARA TODOS	182
HUANCAVELICA|ANGARAES|PARTIDO POLÍTICO COOPERACIÓN POPULAR	158
HUANCAVELICA|ANGARAES|PARTIDO POLÍTICO INTEGRIDAD DEMOCRÁTICA	26
HUANCAVELICA|ANGARAES|PARTIDO POLÍTICO NACIONAL PERÚ LIBRE	298
HUANCAVELICA|ANGARAES|PARTIDO POLÍTICO PERÚ ACCIÓN	45
HUANCAVELICA|ANGARAES|PARTIDO POLÍTICO PERÚ PRIMERO	162
HUANCAVELICA|ANGARAES|PARTIDO POLÍTICO PRIN	16
HUANCAVELICA|ANGARAES|PARTIDO SICREO	314
HUANCAVELICA|ANGARAES|PERÚ MODERNO	7
HUANCAVELICA|ANGARAES|PODEMOS PERÚ	1001
HUANCAVELICA|ANGARAES|PRIMERO LA GENTE – COMUNIDAD, ECOLOGÍA, LIBERTAD Y PROGRESO	229
HUANCAVELICA|ANGARAES|PROGRESEMOS	63
HUANCAVELICA|ANGARAES|RENOVACIÓN POPULAR	480
HUANCAVELICA|ANGARAES|SALVEMOS AL PERÚ	46
HUANCAVELICA|ANGARAES|UN CAMINO DIFERENTE	16
HUANCAVELICA|ANGARAES|UNIDAD NACIONAL	11
HUANCAVELICA|ANGARAES|VOTOS EN BLANCO	4763
HUANCAVELICA|ANGARAES|VOTOS NULOS	1733
HUANCAVELICA|CASTROVIRREYNA|AHORA NACIÓN - AN	790
HUANCAVELICA|CASTROVIRREYNA|ALIANZA ELECTORAL VENCEREMOS	98
HUANCAVELICA|CASTROVIRREYNA|ALIANZA PARA EL PROGRESO	33
HUANCAVELICA|CASTROVIRREYNA|AVANZA PAÍS - PARTIDO DE INTEGRACIÓN SOCIAL	4
HUANCAVELICA|CASTROVIRREYNA|FE EN EL PERÚ	21
HUANCAVELICA|CASTROVIRREYNA|FUERZA POPULAR	1552
HUANCAVELICA|CASTROVIRREYNA|FUERZA Y LIBERTAD	20
HUANCAVELICA|CASTROVIRREYNA|JUNTOS POR EL PERÚ	2644
HUANCAVELICA|CASTROVIRREYNA|LIBERTAD POPULAR	15
HUANCAVELICA|CASTROVIRREYNA|PARTIDO APRISTA PERUANO	43
HUANCAVELICA|CASTROVIRREYNA|PARTIDO CÍVICO OBRAS	1013
HUANCAVELICA|CASTROVIRREYNA|PARTIDO DE LOS TRABAJADORES Y EMPRENDEDORES PTE - PERÚ	5
HUANCAVELICA|CASTROVIRREYNA|PARTIDO DEL BUEN GOBIERNO	213
HUANCAVELICA|CASTROVIRREYNA|PARTIDO DEMOCRATICO FEDERAL	6
HUANCAVELICA|CASTROVIRREYNA|PARTIDO DEMOCRÁTICO SOMOS PERÚ	29
HUANCAVELICA|CASTROVIRREYNA|PARTIDO DEMÓCRATA UNIDO PERÚ	114
HUANCAVELICA|CASTROVIRREYNA|PARTIDO DEMÓCRATA VERDE	36
HUANCAVELICA|CASTROVIRREYNA|PARTIDO FRENTE DE LA ESPERANZA 2021	89
HUANCAVELICA|CASTROVIRREYNA|PARTIDO MORADO	14
HUANCAVELICA|CASTROVIRREYNA|PARTIDO PATRIÓTICO DEL PERÚ	54
HUANCAVELICA|CASTROVIRREYNA|PARTIDO PAÍS PARA TODOS	209
HUANCAVELICA|CASTROVIRREYNA|PARTIDO POLÍTICO COOPERACIÓN POPULAR	76
HUANCAVELICA|CASTROVIRREYNA|PARTIDO POLÍTICO INTEGRIDAD DEMOCRÁTICA	13
HUANCAVELICA|CASTROVIRREYNA|PARTIDO POLÍTICO NACIONAL PERÚ LIBRE	104
HUANCAVELICA|CASTROVIRREYNA|PARTIDO POLÍTICO PERÚ ACCIÓN	27
HUANCAVELICA|CASTROVIRREYNA|PARTIDO POLÍTICO PERÚ PRIMERO	48
HUANCAVELICA|CASTROVIRREYNA|PARTIDO POLÍTICO PRIN	12
HUANCAVELICA|CASTROVIRREYNA|PARTIDO SICREO	83
HUANCAVELICA|CASTROVIRREYNA|PERÚ MODERNO	6
HUANCAVELICA|CASTROVIRREYNA|PODEMOS PERÚ	200
HUANCAVELICA|CASTROVIRREYNA|PRIMERO LA GENTE – COMUNIDAD, ECOLOGÍA, LIBERTAD Y PROGRESO	83
HUANCAVELICA|CASTROVIRREYNA|PROGRESEMOS	30
HUANCAVELICA|CASTROVIRREYNA|RENOVACIÓN POPULAR	247
HUANCAVELICA|CASTROVIRREYNA|SALVEMOS AL PERÚ	16
HUANCAVELICA|CASTROVIRREYNA|UN CAMINO DIFERENTE	4
HUANCAVELICA|CASTROVIRREYNA|UNIDAD NACIONAL	16
HUANCAVELICA|CASTROVIRREYNA|VOTOS EN BLANCO	1540
HUANCAVELICA|CASTROVIRREYNA|VOTOS NULOS	486
HUANCAVELICA|CHURCAMPA|AHORA NACIÓN - AN	1061
HUANCAVELICA|CHURCAMPA|ALIANZA ELECTORAL VENCEREMOS	147
HUANCAVELICA|CHURCAMPA|ALIANZA PARA EL PROGRESO	173
HUANCAVELICA|CHURCAMPA|AVANZA PAÍS - PARTIDO DE INTEGRACIÓN SOCIAL	5
HUANCAVELICA|CHURCAMPA|FE EN EL PERÚ	29
HUANCAVELICA|CHURCAMPA|FUERZA POPULAR	913
HUANCAVELICA|CHURCAMPA|FUERZA Y LIBERTAD	16
HUANCAVELICA|CHURCAMPA|JUNTOS POR EL PERÚ	6450
HUANCAVELICA|CHURCAMPA|LIBERTAD POPULAR	17
HUANCAVELICA|CHURCAMPA|PARTIDO APRISTA PERUANO	28
HUANCAVELICA|CHURCAMPA|PARTIDO CÍVICO OBRAS	1897
HUANCAVELICA|CHURCAMPA|PARTIDO DE LOS TRABAJADORES Y EMPRENDEDORES PTE - PERÚ	11
HUANCAVELICA|CHURCAMPA|PARTIDO DEL BUEN GOBIERNO	299
HUANCAVELICA|CHURCAMPA|PARTIDO DEMOCRATICO FEDERAL	18
HUANCAVELICA|CHURCAMPA|PARTIDO DEMOCRÁTICO SOMOS PERÚ	22
HUANCAVELICA|CHURCAMPA|PARTIDO DEMÓCRATA UNIDO PERÚ	613
HUANCAVELICA|CHURCAMPA|PARTIDO DEMÓCRATA VERDE	69
HUANCAVELICA|CHURCAMPA|PARTIDO FRENTE DE LA ESPERANZA 2021	107
HUANCAVELICA|CHURCAMPA|PARTIDO MORADO	14
HUANCAVELICA|CHURCAMPA|PARTIDO PATRIÓTICO DEL PERÚ	96
HUANCAVELICA|CHURCAMPA|PARTIDO PAÍS PARA TODOS	128
HUANCAVELICA|CHURCAMPA|PARTIDO POLÍTICO COOPERACIÓN POPULAR	137
HUANCAVELICA|CHURCAMPA|PARTIDO POLÍTICO INTEGRIDAD DEMOCRÁTICA	18
HUANCAVELICA|CHURCAMPA|PARTIDO POLÍTICO NACIONAL PERÚ LIBRE	163
HUANCAVELICA|CHURCAMPA|PARTIDO POLÍTICO PERÚ ACCIÓN	30
HUANCAVELICA|CHURCAMPA|PARTIDO POLÍTICO PERÚ PRIMERO	90
HUANCAVELICA|CHURCAMPA|PARTIDO POLÍTICO PRIN	7
HUANCAVELICA|CHURCAMPA|PARTIDO SICREO	84
HUANCAVELICA|CHURCAMPA|PERÚ MODERNO	4
HUANCAVELICA|CHURCAMPA|PODEMOS PERÚ	401
HUANCAVELICA|CHURCAMPA|PRIMERO LA GENTE – COMUNIDAD, ECOLOGÍA, LIBERTAD Y PROGRESO	69
HUANCAVELICA|CHURCAMPA|PROGRESEMOS	422
HUANCAVELICA|CHURCAMPA|RENOVACIÓN POPULAR	458
HUANCAVELICA|CHURCAMPA|SALVEMOS AL PERÚ	22
HUANCAVELICA|CHURCAMPA|UN CAMINO DIFERENTE	13
HUANCAVELICA|CHURCAMPA|UNIDAD NACIONAL	18
HUANCAVELICA|CHURCAMPA|VOTOS EN BLANCO	3177
HUANCAVELICA|CHURCAMPA|VOTOS NULOS	1269
HUANCAVELICA|HUANCAVELICA|AHORA NACIÓN - AN	7447
HUANCAVELICA|HUANCAVELICA|ALIANZA ELECTORAL VENCEREMOS	666
HUANCAVELICA|HUANCAVELICA|ALIANZA PARA EL PROGRESO	446
HUANCAVELICA|HUANCAVELICA|AVANZA PAÍS - PARTIDO DE INTEGRACIÓN SOCIAL	49
HUANCAVELICA|HUANCAVELICA|FE EN EL PERÚ	88
HUANCAVELICA|HUANCAVELICA|FUERZA POPULAR	3136
HUANCAVELICA|HUANCAVELICA|FUERZA Y LIBERTAD	153
HUANCAVELICA|HUANCAVELICA|JUNTOS POR EL PERÚ	21947
HUANCAVELICA|HUANCAVELICA|LIBERTAD POPULAR	57
HUANCAVELICA|HUANCAVELICA|PARTIDO APRISTA PERUANO	127
HUANCAVELICA|HUANCAVELICA|PARTIDO CÍVICO OBRAS	8235
HUANCAVELICA|HUANCAVELICA|PARTIDO DE LOS TRABAJADORES Y EMPRENDEDORES PTE - PERÚ	53
HUANCAVELICA|HUANCAVELICA|PARTIDO DEL BUEN GOBIERNO	2635
HUANCAVELICA|HUANCAVELICA|PARTIDO DEMOCRATICO FEDERAL	83
HUANCAVELICA|HUANCAVELICA|PARTIDO DEMOCRÁTICO SOMOS PERÚ	107
HUANCAVELICA|HUANCAVELICA|PARTIDO DEMÓCRATA UNIDO PERÚ	1135
HUANCAVELICA|HUANCAVELICA|PARTIDO DEMÓCRATA VERDE	341
HUANCAVELICA|HUANCAVELICA|PARTIDO FRENTE DE LA ESPERANZA 2021	1221
HUANCAVELICA|HUANCAVELICA|PARTIDO MORADO	209
HUANCAVELICA|HUANCAVELICA|PARTIDO PATRIÓTICO DEL PERÚ	548
HUANCAVELICA|HUANCAVELICA|PARTIDO PAÍS PARA TODOS	1446
HUANCAVELICA|HUANCAVELICA|PARTIDO POLÍTICO COOPERACIÓN POPULAR	1599
HUANCAVELICA|HUANCAVELICA|PARTIDO POLÍTICO INTEGRIDAD DEMOCRÁTICA	127
HUANCAVELICA|HUANCAVELICA|PARTIDO POLÍTICO NACIONAL PERÚ LIBRE	912
HUANCAVELICA|HUANCAVELICA|PARTIDO POLÍTICO PERÚ ACCIÓN	156
HUANCAVELICA|HUANCAVELICA|PARTIDO POLÍTICO PERÚ PRIMERO	439
HUANCAVELICA|HUANCAVELICA|PARTIDO POLÍTICO PRIN	61
HUANCAVELICA|HUANCAVELICA|PARTIDO SICREO	1288
HUANCAVELICA|HUANCAVELICA|PERÚ MODERNO	19
HUANCAVELICA|HUANCAVELICA|PODEMOS PERÚ	1941
HUANCAVELICA|HUANCAVELICA|PRIMERO LA GENTE – COMUNIDAD, ECOLOGÍA, LIBERTAD Y PROGRESO	887
HUANCAVELICA|HUANCAVELICA|PROGRESEMOS	236
HUANCAVELICA|HUANCAVELICA|RENOVACIÓN POPULAR	1382
HUANCAVELICA|HUANCAVELICA|SALVEMOS AL PERÚ	77
HUANCAVELICA|HUANCAVELICA|UN CAMINO DIFERENTE	86
HUANCAVELICA|HUANCAVELICA|UNIDAD NACIONAL	78
HUANCAVELICA|HUANCAVELICA|VOTOS EN BLANCO	8841
HUANCAVELICA|HUANCAVELICA|VOTOS NULOS	3836
HUANCAVELICA|HUAYTARA|AHORA NACIÓN - AN	708
HUANCAVELICA|HUAYTARA|ALIANZA ELECTORAL VENCEREMOS	257
HUANCAVELICA|HUAYTARA|ALIANZA PARA EL PROGRESO	74
HUANCAVELICA|HUAYTARA|AVANZA PAÍS - PARTIDO DE INTEGRACIÓN SOCIAL	7
HUANCAVELICA|HUAYTARA|FE EN EL PERÚ	34
HUANCAVELICA|HUAYTARA|FUERZA POPULAR	1621
HUANCAVELICA|HUAYTARA|FUERZA Y LIBERTAD	13
HUANCAVELICA|HUAYTARA|JUNTOS POR EL PERÚ	2825
HUANCAVELICA|HUAYTARA|LIBERTAD POPULAR	13
HUANCAVELICA|HUAYTARA|PARTIDO APRISTA PERUANO	70
HUANCAVELICA|HUAYTARA|PARTIDO CÍVICO OBRAS	1256
HUANCAVELICA|HUAYTARA|PARTIDO DE LOS TRABAJADORES Y EMPRENDEDORES PTE - PERÚ	7
HUANCAVELICA|HUAYTARA|PARTIDO DEL BUEN GOBIERNO	362
HUANCAVELICA|HUAYTARA|PARTIDO DEMOCRATICO FEDERAL	16
HUANCAVELICA|HUAYTARA|PARTIDO DEMOCRÁTICO SOMOS PERÚ	32
HUANCAVELICA|HUAYTARA|PARTIDO DEMÓCRATA UNIDO PERÚ	126
HUANCAVELICA|HUAYTARA|PARTIDO DEMÓCRATA VERDE	56
HUANCAVELICA|HUAYTARA|PARTIDO FRENTE DE LA ESPERANZA 2021	98
HUANCAVELICA|HUAYTARA|PARTIDO MORADO	24
HUANCAVELICA|HUAYTARA|PARTIDO PATRIÓTICO DEL PERÚ	88
HUANCAVELICA|HUAYTARA|PARTIDO PAÍS PARA TODOS	254
HUANCAVELICA|HUAYTARA|PARTIDO POLÍTICO COOPERACIÓN POPULAR	190
HUANCAVELICA|HUAYTARA|PARTIDO POLÍTICO INTEGRIDAD DEMOCRÁTICA	14
HUANCAVELICA|HUAYTARA|PARTIDO POLÍTICO NACIONAL PERÚ LIBRE	113
HUANCAVELICA|HUAYTARA|PARTIDO POLÍTICO PERÚ ACCIÓN	27
HUANCAVELICA|HUAYTARA|PARTIDO POLÍTICO PERÚ PRIMERO	113
HUANCAVELICA|HUAYTARA|PARTIDO POLÍTICO PRIN	11
HUANCAVELICA|HUAYTARA|PARTIDO SICREO	118
HUANCAVELICA|HUAYTARA|PERÚ MODERNO	6
HUANCAVELICA|HUAYTARA|PODEMOS PERÚ	368
HUANCAVELICA|HUAYTARA|PRIMERO LA GENTE – COMUNIDAD, ECOLOGÍA, LIBERTAD Y PROGRESO	108
HUANCAVELICA|HUAYTARA|PROGRESEMOS	42
HUANCAVELICA|HUAYTARA|RENOVACIÓN POPULAR	249
HUANCAVELICA|HUAYTARA|SALVEMOS AL PERÚ	26
HUANCAVELICA|HUAYTARA|UN CAMINO DIFERENTE	20
HUANCAVELICA|HUAYTARA|UNIDAD NACIONAL	15
HUANCAVELICA|HUAYTARA|VOTOS EN BLANCO	2118
HUANCAVELICA|HUAYTARA|VOTOS NULOS	612
HUANCAVELICA|TAYACAJA|AHORA NACIÓN - AN	2728
HUANCAVELICA|TAYACAJA|ALIANZA ELECTORAL VENCEREMOS	261
HUANCAVELICA|TAYACAJA|ALIANZA PARA EL PROGRESO	497
HUANCAVELICA|TAYACAJA|AVANZA PAÍS - PARTIDO DE INTEGRACIÓN SOCIAL	27
HUANCAVELICA|TAYACAJA|FE EN EL PERÚ	78
HUANCAVELICA|TAYACAJA|FUERZA POPULAR	2782
HUANCAVELICA|TAYACAJA|FUERZA Y LIBERTAD	87
HUANCAVELICA|TAYACAJA|JUNTOS POR EL PERÚ	20816
HUANCAVELICA|TAYACAJA|LIBERTAD POPULAR	41
HUANCAVELICA|TAYACAJA|PARTIDO APRISTA PERUANO	69
HUANCAVELICA|TAYACAJA|PARTIDO CÍVICO OBRAS	5423
HUANCAVELICA|TAYACAJA|PARTIDO DE LOS TRABAJADORES Y EMPRENDEDORES PTE - PERÚ	17
HUANCAVELICA|TAYACAJA|PARTIDO DEL BUEN GOBIERNO	1375
HUANCAVELICA|TAYACAJA|PARTIDO DEMOCRATICO FEDERAL	46
HUANCAVELICA|TAYACAJA|PARTIDO DEMOCRÁTICO SOMOS PERÚ	160
HUANCAVELICA|TAYACAJA|PARTIDO DEMÓCRATA UNIDO PERÚ	966
HUANCAVELICA|TAYACAJA|PARTIDO DEMÓCRATA VERDE	213
HUANCAVELICA|TAYACAJA|PARTIDO FRENTE DE LA ESPERANZA 2021	536
HUANCAVELICA|TAYACAJA|PARTIDO MORADO	77
HUANCAVELICA|TAYACAJA|PARTIDO PATRIÓTICO DEL PERÚ	386
HUANCAVELICA|TAYACAJA|PARTIDO PAÍS PARA TODOS	588
HUANCAVELICA|TAYACAJA|PARTIDO POLÍTICO COOPERACIÓN POPULAR	342
HUANCAVELICA|TAYACAJA|PARTIDO POLÍTICO INTEGRIDAD DEMOCRÁTICA	53
HUANCAVELICA|TAYACAJA|PARTIDO POLÍTICO NACIONAL PERÚ LIBRE	645
HUANCAVELICA|TAYACAJA|PARTIDO POLÍTICO PERÚ ACCIÓN	93
HUANCAVELICA|TAYACAJA|PARTIDO POLÍTICO PERÚ PRIMERO	246
HUANCAVELICA|TAYACAJA|PARTIDO POLÍTICO PRIN	25
HUANCAVELICA|TAYACAJA|PARTIDO SICREO	644
HUANCAVELICA|TAYACAJA|PERÚ MODERNO	17
HUANCAVELICA|TAYACAJA|PODEMOS PERÚ	1313
HUANCAVELICA|TAYACAJA|PRIMERO LA GENTE – COMUNIDAD, ECOLOGÍA, LIBERTAD Y PROGRESO	328
HUANCAVELICA|TAYACAJA|PROGRESEMOS	275
HUANCAVELICA|TAYACAJA|RENOVACIÓN POPULAR	892
HUANCAVELICA|TAYACAJA|SALVEMOS AL PERÚ	83
HUANCAVELICA|TAYACAJA|UN CAMINO DIFERENTE	47
HUANCAVELICA|TAYACAJA|UNIDAD NACIONAL	34
HUANCAVELICA|TAYACAJA|VOTOS EN BLANCO	9144
HUANCAVELICA|TAYACAJA|VOTOS NULOS	2812
HUÁNUCO|AMBO|AHORA NACIÓN - AN	1156
HUÁNUCO|AMBO|ALIANZA ELECTORAL VENCEREMOS	177
HUÁNUCO|AMBO|ALIANZA PARA EL PROGRESO	300
HUÁNUCO|AMBO|AVANZA PAÍS - PARTIDO DE INTEGRACIÓN SOCIAL	29
HUÁNUCO|AMBO|FE EN EL PERÚ	80
HUÁNUCO|AMBO|FUERZA POPULAR	4407
HUÁNUCO|AMBO|FUERZA Y LIBERTAD	40
HUÁNUCO|AMBO|JUNTOS POR EL PERÚ	9206
HUÁNUCO|AMBO|LIBERTAD POPULAR	62
HUÁNUCO|AMBO|PARTIDO APRISTA PERUANO	111
HUÁNUCO|AMBO|PARTIDO CÍVICO OBRAS	3416
HUÁNUCO|AMBO|PARTIDO DE LOS TRABAJADORES Y EMPRENDEDORES PTE - PERÚ	15
HUÁNUCO|AMBO|PARTIDO DEL BUEN GOBIERNO	793
HUÁNUCO|AMBO|PARTIDO DEMOCRATICO FEDERAL	37
HUÁNUCO|AMBO|PARTIDO DEMOCRÁTICO SOMOS PERÚ	244
HUÁNUCO|AMBO|PARTIDO DEMÓCRATA UNIDO PERÚ	211
HUÁNUCO|AMBO|PARTIDO DEMÓCRATA VERDE	192
HUÁNUCO|AMBO|PARTIDO FRENTE DE LA ESPERANZA 2021	321
HUÁNUCO|AMBO|PARTIDO MORADO	64
HUÁNUCO|AMBO|PARTIDO PATRIÓTICO DEL PERÚ	260
HUÁNUCO|AMBO|PARTIDO PAÍS PARA TODOS	1147
HUÁNUCO|AMBO|PARTIDO POLÍTICO COOPERACIÓN POPULAR	117
HUÁNUCO|AMBO|PARTIDO POLÍTICO INTEGRIDAD DEMOCRÁTICA	59
HUÁNUCO|AMBO|PARTIDO POLÍTICO NACIONAL PERÚ LIBRE	206
HUÁNUCO|AMBO|PARTIDO POLÍTICO PERÚ ACCIÓN	56
HUÁNUCO|AMBO|PARTIDO POLÍTICO PERÚ PRIMERO	344
HUÁNUCO|AMBO|PARTIDO POLÍTICO PRIN	13
HUÁNUCO|AMBO|PARTIDO SICREO	435
HUÁNUCO|AMBO|PERÚ MODERNO	21
HUÁNUCO|AMBO|PODEMOS PERÚ	714
HUÁNUCO|AMBO|PRIMERO LA GENTE – COMUNIDAD, ECOLOGÍA, LIBERTAD Y PROGRESO	288
HUÁNUCO|AMBO|PROGRESEMOS	98
HUÁNUCO|AMBO|RENOVACIÓN POPULAR	1436
HUÁNUCO|AMBO|SALVEMOS AL PERÚ	51
HUÁNUCO|AMBO|UN CAMINO DIFERENTE	47
HUÁNUCO|AMBO|UNIDAD NACIONAL	43
HUÁNUCO|AMBO|VOTOS EN BLANCO	6091
HUÁNUCO|AMBO|VOTOS NULOS	2223
HUÁNUCO|DOS DE MAYO|AHORA NACIÓN - AN	765
HUÁNUCO|DOS DE MAYO|ALIANZA ELECTORAL VENCEREMOS	121
HUÁNUCO|DOS DE MAYO|ALIANZA PARA EL PROGRESO	58
HUÁNUCO|DOS DE MAYO|AVANZA PAÍS - PARTIDO DE INTEGRACIÓN SOCIAL	15
HUÁNUCO|DOS DE MAYO|FE EN EL PERÚ	65
HUÁNUCO|DOS DE MAYO|FUERZA POPULAR	1505
HUÁNUCO|DOS DE MAYO|FUERZA Y LIBERTAD	9
HUÁNUCO|DOS DE MAYO|JUNTOS POR EL PERÚ	6296
HUÁNUCO|DOS DE MAYO|LIBERTAD POPULAR	58
HUÁNUCO|DOS DE MAYO|PARTIDO APRISTA PERUANO	62
HUÁNUCO|DOS DE MAYO|PARTIDO CÍVICO OBRAS	1704
HUÁNUCO|DOS DE MAYO|PARTIDO DE LOS TRABAJADORES Y EMPRENDEDORES PTE - PERÚ	11
HUÁNUCO|DOS DE MAYO|PARTIDO DEL BUEN GOBIERNO	331
HUÁNUCO|DOS DE MAYO|PARTIDO DEMOCRATICO FEDERAL	18
HUÁNUCO|DOS DE MAYO|PARTIDO DEMOCRÁTICO SOMOS PERÚ	225
HUÁNUCO|DOS DE MAYO|PARTIDO DEMÓCRATA UNIDO PERÚ	158
HUÁNUCO|DOS DE MAYO|PARTIDO DEMÓCRATA VERDE	84
HUÁNUCO|DOS DE MAYO|PARTIDO FRENTE DE LA ESPERANZA 2021	113
HUÁNUCO|DOS DE MAYO|PARTIDO MORADO	15
HUÁNUCO|DOS DE MAYO|PARTIDO PATRIÓTICO DEL PERÚ	82
HUÁNUCO|DOS DE MAYO|PARTIDO PAÍS PARA TODOS	419
HUÁNUCO|DOS DE MAYO|PARTIDO POLÍTICO COOPERACIÓN POPULAR	92
HUÁNUCO|DOS DE MAYO|PARTIDO POLÍTICO INTEGRIDAD DEMOCRÁTICA	23
HUÁNUCO|DOS DE MAYO|PARTIDO POLÍTICO NACIONAL PERÚ LIBRE	145
HUÁNUCO|DOS DE MAYO|PARTIDO POLÍTICO PERÚ ACCIÓN	27
HUÁNUCO|DOS DE MAYO|PARTIDO POLÍTICO PERÚ PRIMERO	136
HUÁNUCO|DOS DE MAYO|PARTIDO POLÍTICO PRIN	12
HUÁNUCO|DOS DE MAYO|PARTIDO SICREO	147
HUÁNUCO|DOS DE MAYO|PERÚ MODERNO	14
HUÁNUCO|DOS DE MAYO|PODEMOS PERÚ	472
HUÁNUCO|DOS DE MAYO|PRIMERO LA GENTE – COMUNIDAD, ECOLOGÍA, LIBERTAD Y PROGRESO	87
HUÁNUCO|DOS DE MAYO|PROGRESEMOS	50
HUÁNUCO|DOS DE MAYO|RENOVACIÓN POPULAR	436
HUÁNUCO|DOS DE MAYO|SALVEMOS AL PERÚ	30
HUÁNUCO|DOS DE MAYO|UN CAMINO DIFERENTE	31
HUÁNUCO|DOS DE MAYO|UNIDAD NACIONAL	6
HUÁNUCO|DOS DE MAYO|VOTOS EN BLANCO	3332
HUÁNUCO|DOS DE MAYO|VOTOS NULOS	1135
HUÁNUCO|HUACAYBAMBA|AHORA NACIÓN - AN	190
HUÁNUCO|HUACAYBAMBA|ALIANZA ELECTORAL VENCEREMOS	70
HUÁNUCO|HUACAYBAMBA|ALIANZA PARA EL PROGRESO	68
HUÁNUCO|HUACAYBAMBA|AVANZA PAÍS - PARTIDO DE INTEGRACIÓN SOCIAL	10
HUÁNUCO|HUACAYBAMBA|FE EN EL PERÚ	32
HUÁNUCO|HUACAYBAMBA|FUERZA POPULAR	373
HUÁNUCO|HUACAYBAMBA|FUERZA Y LIBERTAD	8
HUÁNUCO|HUACAYBAMBA|JUNTOS POR EL PERÚ	2502
HUÁNUCO|HUACAYBAMBA|LIBERTAD POPULAR	8
HUÁNUCO|HUACAYBAMBA|PARTIDO APRISTA PERUANO	7
HUÁNUCO|HUACAYBAMBA|PARTIDO CÍVICO OBRAS	317
HUÁNUCO|HUACAYBAMBA|PARTIDO DE LOS TRABAJADORES Y EMPRENDEDORES PTE - PERÚ	10
HUÁNUCO|HUACAYBAMBA|PARTIDO DEL BUEN GOBIERNO	71
HUÁNUCO|HUACAYBAMBA|PARTIDO DEMOCRATICO FEDERAL	11
HUÁNUCO|HUACAYBAMBA|PARTIDO DEMOCRÁTICO SOMOS PERÚ	17
HUÁNUCO|HUACAYBAMBA|PARTIDO DEMÓCRATA UNIDO PERÚ	59
HUÁNUCO|HUACAYBAMBA|PARTIDO DEMÓCRATA VERDE	34
HUÁNUCO|HUACAYBAMBA|PARTIDO FRENTE DE LA ESPERANZA 2021	35
HUÁNUCO|HUACAYBAMBA|PARTIDO MORADO	7
HUÁNUCO|HUACAYBAMBA|PARTIDO PATRIÓTICO DEL PERÚ	50
HUÁNUCO|HUACAYBAMBA|PARTIDO PAÍS PARA TODOS	123
HUÁNUCO|HUACAYBAMBA|PARTIDO POLÍTICO COOPERACIÓN POPULAR	10
HUÁNUCO|HUACAYBAMBA|PARTIDO POLÍTICO INTEGRIDAD DEMOCRÁTICA	8
HUÁNUCO|HUACAYBAMBA|PARTIDO POLÍTICO NACIONAL PERÚ LIBRE	64
HUÁNUCO|HUACAYBAMBA|PARTIDO POLÍTICO PERÚ ACCIÓN	10
HUÁNUCO|HUACAYBAMBA|PARTIDO POLÍTICO PERÚ PRIMERO	56
HUÁNUCO|HUACAYBAMBA|PARTIDO POLÍTICO PRIN	9
HUÁNUCO|HUACAYBAMBA|PARTIDO SICREO	18
HUÁNUCO|HUACAYBAMBA|PERÚ MODERNO	5
HUÁNUCO|HUACAYBAMBA|PODEMOS PERÚ	141
HUÁNUCO|HUACAYBAMBA|PRIMERO LA GENTE – COMUNIDAD, ECOLOGÍA, LIBERTAD Y PROGRESO	28
HUÁNUCO|HUACAYBAMBA|PROGRESEMOS	21
HUÁNUCO|HUACAYBAMBA|RENOVACIÓN POPULAR	88
HUÁNUCO|HUACAYBAMBA|SALVEMOS AL PERÚ	19
HUÁNUCO|HUACAYBAMBA|UN CAMINO DIFERENTE	11
HUÁNUCO|HUACAYBAMBA|UNIDAD NACIONAL	4
HUÁNUCO|HUACAYBAMBA|VOTOS EN BLANCO	1668
HUÁNUCO|HUACAYBAMBA|VOTOS NULOS	637
HUÁNUCO|HUAMALIES|AHORA NACIÓN - AN	1226
HUÁNUCO|HUAMALIES|ALIANZA ELECTORAL VENCEREMOS	531
HUÁNUCO|HUAMALIES|ALIANZA PARA EL PROGRESO	134
HUÁNUCO|HUAMALIES|AVANZA PAÍS - PARTIDO DE INTEGRACIÓN SOCIAL	33
HUÁNUCO|HUAMALIES|FE EN EL PERÚ	93
HUÁNUCO|HUAMALIES|FUERZA POPULAR	1939
HUÁNUCO|HUAMALIES|FUERZA Y LIBERTAD	20
HUÁNUCO|HUAMALIES|JUNTOS POR EL PERÚ	8326
HUÁNUCO|HUAMALIES|LIBERTAD POPULAR	112
HUÁNUCO|HUAMALIES|PARTIDO APRISTA PERUANO	63
HUÁNUCO|HUAMALIES|PARTIDO CÍVICO OBRAS	3252
HUÁNUCO|HUAMALIES|PARTIDO DE LOS TRABAJADORES Y EMPRENDEDORES PTE - PERÚ	31
HUÁNUCO|HUAMALIES|PARTIDO DEL BUEN GOBIERNO	424
HUÁNUCO|HUAMALIES|PARTIDO DEMOCRATICO FEDERAL	26
HUÁNUCO|HUAMALIES|PARTIDO DEMOCRÁTICO SOMOS PERÚ	185
HUÁNUCO|HUAMALIES|PARTIDO DEMÓCRATA UNIDO PERÚ	387
HUÁNUCO|HUAMALIES|PARTIDO DEMÓCRATA VERDE	150
HUÁNUCO|HUAMALIES|PARTIDO FRENTE DE LA ESPERANZA 2021	251
HUÁNUCO|HUAMALIES|PARTIDO MORADO	49
HUÁNUCO|HUAMALIES|PARTIDO PATRIÓTICO DEL PERÚ	224
HUÁNUCO|HUAMALIES|PARTIDO PAÍS PARA TODOS	806
HUÁNUCO|HUAMALIES|PARTIDO POLÍTICO COOPERACIÓN POPULAR	94
HUÁNUCO|HUAMALIES|PARTIDO POLÍTICO INTEGRIDAD DEMOCRÁTICA	23
HUÁNUCO|HUAMALIES|PARTIDO POLÍTICO NACIONAL PERÚ LIBRE	281
HUÁNUCO|HUAMALIES|PARTIDO POLÍTICO PERÚ ACCIÓN	56
HUÁNUCO|HUAMALIES|PARTIDO POLÍTICO PERÚ PRIMERO	240
HUÁNUCO|HUAMALIES|PARTIDO POLÍTICO PRIN	23
HUÁNUCO|HUAMALIES|PARTIDO SICREO	220
HUÁNUCO|HUAMALIES|PERÚ MODERNO	12
HUÁNUCO|HUAMALIES|PODEMOS PERÚ	636
HUÁNUCO|HUAMALIES|PRIMERO LA GENTE – COMUNIDAD, ECOLOGÍA, LIBERTAD Y PROGRESO	137
HUÁNUCO|HUAMALIES|PROGRESEMOS	87
HUÁNUCO|HUAMALIES|RENOVACIÓN POPULAR	566
HUÁNUCO|HUAMALIES|SALVEMOS AL PERÚ	47
HUÁNUCO|HUAMALIES|UN CAMINO DIFERENTE	58
HUÁNUCO|HUAMALIES|UNIDAD NACIONAL	24
HUÁNUCO|HUAMALIES|VOTOS EN BLANCO	5608
HUÁNUCO|HUAMALIES|VOTOS NULOS	1804
HUÁNUCO|HUÁNUCO|AHORA NACIÓN - AN	11079
HUÁNUCO|HUÁNUCO|ALIANZA ELECTORAL VENCEREMOS	1135
HUÁNUCO|HUÁNUCO|ALIANZA PARA EL PROGRESO	926
HUÁNUCO|HUÁNUCO|AVANZA PAÍS - PARTIDO DE INTEGRACIÓN SOCIAL	202
HUÁNUCO|HUÁNUCO|FE EN EL PERÚ	364
HUÁNUCO|HUÁNUCO|FUERZA POPULAR	21526
HUÁNUCO|HUÁNUCO|FUERZA Y LIBERTAD	230
HUÁNUCO|HUÁNUCO|JUNTOS POR EL PERÚ	33231
HUÁNUCO|HUÁNUCO|LIBERTAD POPULAR	450
HUÁNUCO|HUÁNUCO|PARTIDO APRISTA PERUANO	944
HUÁNUCO|HUÁNUCO|PARTIDO CÍVICO OBRAS	21169
HUÁNUCO|HUÁNUCO|PARTIDO DE LOS TRABAJADORES Y EMPRENDEDORES PTE - PERÚ	126
HUÁNUCO|HUÁNUCO|PARTIDO DEL BUEN GOBIERNO	10572
HUÁNUCO|HUÁNUCO|PARTIDO DEMOCRATICO FEDERAL	259
HUÁNUCO|HUÁNUCO|PARTIDO DEMOCRÁTICO SOMOS PERÚ	1302
HUÁNUCO|HUÁNUCO|PARTIDO DEMÓCRATA UNIDO PERÚ	940
HUÁNUCO|HUÁNUCO|PARTIDO DEMÓCRATA VERDE	656
HUÁNUCO|HUÁNUCO|PARTIDO FRENTE DE LA ESPERANZA 2021	3098
HUÁNUCO|HUÁNUCO|PARTIDO MORADO	586
HUÁNUCO|HUÁNUCO|PARTIDO PATRIÓTICO DEL PERÚ	1459
HUÁNUCO|HUÁNUCO|PARTIDO PAÍS PARA TODOS	10298
HUÁNUCO|HUÁNUCO|PARTIDO POLÍTICO COOPERACIÓN POPULAR	974
HUÁNUCO|HUÁNUCO|PARTIDO POLÍTICO INTEGRIDAD DEMOCRÁTICA	682
HUÁNUCO|HUÁNUCO|PARTIDO POLÍTICO NACIONAL PERÚ LIBRE	978
HUÁNUCO|HUÁNUCO|PARTIDO POLÍTICO PERÚ ACCIÓN	273
HUÁNUCO|HUÁNUCO|PARTIDO POLÍTICO PERÚ PRIMERO	1774
HUÁNUCO|HUÁNUCO|PARTIDO POLÍTICO PRIN	85
HUÁNUCO|HUÁNUCO|PARTIDO SICREO	4666
HUÁNUCO|HUÁNUCO|PERÚ MODERNO	130
HUÁNUCO|HUÁNUCO|PODEMOS PERÚ	2246
HUÁNUCO|HUÁNUCO|PRIMERO LA GENTE – COMUNIDAD, ECOLOGÍA, LIBERTAD Y PROGRESO	3976
HUÁNUCO|HUÁNUCO|PROGRESEMOS	550
HUÁNUCO|HUÁNUCO|RENOVACIÓN POPULAR	11132
HUÁNUCO|HUÁNUCO|SALVEMOS AL PERÚ	193
HUÁNUCO|HUÁNUCO|UN CAMINO DIFERENTE	410
HUÁNUCO|HUÁNUCO|UNIDAD NACIONAL	478
HUÁNUCO|HUÁNUCO|VOTOS EN BLANCO	24053
HUÁNUCO|HUÁNUCO|VOTOS NULOS	9480
HUÁNUCO|LAURICOCHA|AHORA NACIÓN - AN	507
HUÁNUCO|LAURICOCHA|ALIANZA ELECTORAL VENCEREMOS	60
HUÁNUCO|LAURICOCHA|ALIANZA PARA EL PROGRESO	52
HUÁNUCO|LAURICOCHA|AVANZA PAÍS - PARTIDO DE INTEGRACIÓN SOCIAL	6
HUÁNUCO|LAURICOCHA|FE EN EL PERÚ	10
HUÁNUCO|LAURICOCHA|FUERZA POPULAR	614
HUÁNUCO|LAURICOCHA|FUERZA Y LIBERTAD	13
HUÁNUCO|LAURICOCHA|JUNTOS POR EL PERÚ	4685
HUÁNUCO|LAURICOCHA|LIBERTAD POPULAR	16
HUÁNUCO|LAURICOCHA|PARTIDO APRISTA PERUANO	25
HUÁNUCO|LAURICOCHA|PARTIDO CÍVICO OBRAS	977
HUÁNUCO|LAURICOCHA|PARTIDO DE LOS TRABAJADORES Y EMPRENDEDORES PTE - PERÚ	2
HUÁNUCO|LAURICOCHA|PARTIDO DEL BUEN GOBIERNO	120
HUÁNUCO|LAURICOCHA|PARTIDO DEMOCRATICO FEDERAL	10
HUÁNUCO|LAURICOCHA|PARTIDO DEMOCRÁTICO SOMOS PERÚ	51
HUÁNUCO|LAURICOCHA|PARTIDO DEMÓCRATA UNIDO PERÚ	93
HUÁNUCO|LAURICOCHA|PARTIDO DEMÓCRATA VERDE	45
HUÁNUCO|LAURICOCHA|PARTIDO FRENTE DE LA ESPERANZA 2021	59
HUÁNUCO|LAURICOCHA|PARTIDO MORADO	9
HUÁNUCO|LAURICOCHA|PARTIDO PATRIÓTICO DEL PERÚ	63
HUÁNUCO|LAURICOCHA|PARTIDO PAÍS PARA TODOS	238
HUÁNUCO|LAURICOCHA|PARTIDO POLÍTICO COOPERACIÓN POPULAR	27
HUÁNUCO|LAURICOCHA|PARTIDO POLÍTICO INTEGRIDAD DEMOCRÁTICA	14
HUÁNUCO|LAURICOCHA|PARTIDO POLÍTICO NACIONAL PERÚ LIBRE	64
HUÁNUCO|LAURICOCHA|PARTIDO POLÍTICO PERÚ ACCIÓN	7
HUÁNUCO|LAURICOCHA|PARTIDO POLÍTICO PERÚ PRIMERO	88
HUÁNUCO|LAURICOCHA|PARTIDO POLÍTICO PRIN	3
HUÁNUCO|LAURICOCHA|PARTIDO SICREO	83
HUÁNUCO|LAURICOCHA|PERÚ MODERNO	2
HUÁNUCO|LAURICOCHA|PODEMOS PERÚ	234
HUÁNUCO|LAURICOCHA|PRIMERO LA GENTE – COMUNIDAD, ECOLOGÍA, LIBERTAD Y PROGRESO	29
HUÁNUCO|LAURICOCHA|PROGRESEMOS	30
HUÁNUCO|LAURICOCHA|RENOVACIÓN POPULAR	186
HUÁNUCO|LAURICOCHA|SALVEMOS AL PERÚ	15
HUÁNUCO|LAURICOCHA|UN CAMINO DIFERENTE	13
HUÁNUCO|LAURICOCHA|UNIDAD NACIONAL	2
HUÁNUCO|LAURICOCHA|VOTOS EN BLANCO	1535
HUÁNUCO|LAURICOCHA|VOTOS NULOS	482
HUÁNUCO|LEONCIO PRADO|AHORA NACIÓN - AN	3551
HUÁNUCO|LEONCIO PRADO|ALIANZA ELECTORAL VENCEREMOS	617
HUÁNUCO|LEONCIO PRADO|ALIANZA PARA EL PROGRESO	496
HUÁNUCO|LEONCIO PRADO|AVANZA PAÍS - PARTIDO DE INTEGRACIÓN SOCIAL	118
HUÁNUCO|LEONCIO PRADO|FE EN EL PERÚ	151
HUÁNUCO|LEONCIO PRADO|FUERZA POPULAR	14362
HUÁNUCO|LEONCIO PRADO|FUERZA Y LIBERTAD	77
HUÁNUCO|LEONCIO PRADO|JUNTOS POR EL PERÚ	10942
HUÁNUCO|LEONCIO PRADO|LIBERTAD POPULAR	263
HUÁNUCO|LEONCIO PRADO|PARTIDO APRISTA PERUANO	401
HUÁNUCO|LEONCIO PRADO|PARTIDO CÍVICO OBRAS	8813
HUÁNUCO|LEONCIO PRADO|PARTIDO DE LOS TRABAJADORES Y EMPRENDEDORES PTE - PERÚ	48
HUÁNUCO|LEONCIO PRADO|PARTIDO DEL BUEN GOBIERNO	2811
HUÁNUCO|LEONCIO PRADO|PARTIDO DEMOCRATICO FEDERAL	130
HUÁNUCO|LEONCIO PRADO|PARTIDO DEMOCRÁTICO SOMOS PERÚ	620
HUÁNUCO|LEONCIO PRADO|PARTIDO DEMÓCRATA UNIDO PERÚ	510
HUÁNUCO|LEONCIO PRADO|PARTIDO DEMÓCRATA VERDE	305
HUÁNUCO|LEONCIO PRADO|PARTIDO FRENTE DE LA ESPERANZA 2021	873
HUÁNUCO|LEONCIO PRADO|PARTIDO MORADO	191
HUÁNUCO|LEONCIO PRADO|PARTIDO PATRIÓTICO DEL PERÚ	940
HUÁNUCO|LEONCIO PRADO|PARTIDO PAÍS PARA TODOS	4228
HUÁNUCO|LEONCIO PRADO|PARTIDO POLÍTICO COOPERACIÓN POPULAR	389
HUÁNUCO|LEONCIO PRADO|PARTIDO POLÍTICO INTEGRIDAD DEMOCRÁTICA	195
HUÁNUCO|LEONCIO PRADO|PARTIDO POLÍTICO NACIONAL PERÚ LIBRE	540
HUÁNUCO|LEONCIO PRADO|PARTIDO POLÍTICO PERÚ ACCIÓN	141
HUÁNUCO|LEONCIO PRADO|PARTIDO POLÍTICO PERÚ PRIMERO	860
HUÁNUCO|LEONCIO PRADO|PARTIDO POLÍTICO PRIN	42
HUÁNUCO|LEONCIO PRADO|PARTIDO SICREO	1639
HUÁNUCO|LEONCIO PRADO|PERÚ MODERNO	57
HUÁNUCO|LEONCIO PRADO|PODEMOS PERÚ	1125
HUÁNUCO|LEONCIO PRADO|PRIMERO LA GENTE – COMUNIDAD, ECOLOGÍA, LIBERTAD Y PROGRESO	1184
HUÁNUCO|LEONCIO PRADO|PROGRESEMOS	224
HUÁNUCO|LEONCIO PRADO|RENOVACIÓN POPULAR	4830
HUÁNUCO|LEONCIO PRADO|SALVEMOS AL PERÚ	82
HUÁNUCO|LEONCIO PRADO|UN CAMINO DIFERENTE	192
HUÁNUCO|LEONCIO PRADO|UNIDAD NACIONAL	195
HUÁNUCO|LEONCIO PRADO|VOTOS EN BLANCO	14128
HUÁNUCO|LEONCIO PRADO|VOTOS NULOS	4234
HUÁNUCO|MARAÑÓN|AHORA NACIÓN - AN	298
HUÁNUCO|MARAÑÓN|ALIANZA ELECTORAL VENCEREMOS	97
HUÁNUCO|MARAÑÓN|ALIANZA PARA EL PROGRESO	79
HUÁNUCO|MARAÑÓN|AVANZA PAÍS - PARTIDO DE INTEGRACIÓN SOCIAL	15
HUÁNUCO|MARAÑÓN|FE EN EL PERÚ	37
HUÁNUCO|MARAÑÓN|FUERZA POPULAR	1819
HUÁNUCO|MARAÑÓN|FUERZA Y LIBERTAD	12
HUÁNUCO|MARAÑÓN|JUNTOS POR EL PERÚ	4181
HUÁNUCO|MARAÑÓN|LIBERTAD POPULAR	31
HUÁNUCO|MARAÑÓN|PARTIDO APRISTA PERUANO	14
HUÁNUCO|MARAÑÓN|PARTIDO CÍVICO OBRAS	1257
HUÁNUCO|MARAÑÓN|PARTIDO DE LOS TRABAJADORES Y EMPRENDEDORES PTE - PERÚ	10
HUÁNUCO|MARAÑÓN|PARTIDO DEL BUEN GOBIERNO	124
HUÁNUCO|MARAÑÓN|PARTIDO DEMOCRATICO FEDERAL	16
HUÁNUCO|MARAÑÓN|PARTIDO DEMOCRÁTICO SOMOS PERÚ	73
HUÁNUCO|MARAÑÓN|PARTIDO DEMÓCRATA UNIDO PERÚ	110
HUÁNUCO|MARAÑÓN|PARTIDO DEMÓCRATA VERDE	59
HUÁNUCO|MARAÑÓN|PARTIDO FRENTE DE LA ESPERANZA 2021	101
HUÁNUCO|MARAÑÓN|PARTIDO MORADO	21
HUÁNUCO|MARAÑÓN|PARTIDO PATRIÓTICO DEL PERÚ	138
HUÁNUCO|MARAÑÓN|PARTIDO PAÍS PARA TODOS	517
HUÁNUCO|MARAÑÓN|PARTIDO POLÍTICO COOPERACIÓN POPULAR	83
HUÁNUCO|MARAÑÓN|PARTIDO POLÍTICO INTEGRIDAD DEMOCRÁTICA	11
HUÁNUCO|MARAÑÓN|PARTIDO POLÍTICO NACIONAL PERÚ LIBRE	108
HUÁNUCO|MARAÑÓN|PARTIDO POLÍTICO PERÚ ACCIÓN	24
HUÁNUCO|MARAÑÓN|PARTIDO POLÍTICO PERÚ PRIMERO	87
HUÁNUCO|MARAÑÓN|PARTIDO POLÍTICO PRIN	7
HUÁNUCO|MARAÑÓN|PARTIDO SICREO	81
HUÁNUCO|MARAÑÓN|PERÚ MODERNO	4
HUÁNUCO|MARAÑÓN|PODEMOS PERÚ	302
HUÁNUCO|MARAÑÓN|PRIMERO LA GENTE – COMUNIDAD, ECOLOGÍA, LIBERTAD Y PROGRESO	40
HUÁNUCO|MARAÑÓN|PROGRESEMOS	26
HUÁNUCO|MARAÑÓN|RENOVACIÓN POPULAR	242
HUÁNUCO|MARAÑÓN|SALVEMOS AL PERÚ	22
HUÁNUCO|MARAÑÓN|UN CAMINO DIFERENTE	26
HUÁNUCO|MARAÑÓN|UNIDAD NACIONAL	14
HUÁNUCO|MARAÑÓN|VOTOS EN BLANCO	3332
HUÁNUCO|MARAÑÓN|VOTOS NULOS	1085
HUÁNUCO|PACHITEA|AHORA NACIÓN - AN	521
HUÁNUCO|PACHITEA|ALIANZA ELECTORAL VENCEREMOS	109
HUÁNUCO|PACHITEA|ALIANZA PARA EL PROGRESO	85
HUÁNUCO|PACHITEA|AVANZA PAÍS - PARTIDO DE INTEGRACIÓN SOCIAL	26
HUÁNUCO|PACHITEA|FE EN EL PERÚ	120
HUÁNUCO|PACHITEA|FUERZA POPULAR	1884
HUÁNUCO|PACHITEA|FUERZA Y LIBERTAD	15
HUÁNUCO|PACHITEA|JUNTOS POR EL PERÚ	11681
HUÁNUCO|PACHITEA|LIBERTAD POPULAR	28
HUÁNUCO|PACHITEA|PARTIDO APRISTA PERUANO	37
HUÁNUCO|PACHITEA|PARTIDO CÍVICO OBRAS	4224
HUÁNUCO|PACHITEA|PARTIDO DE LOS TRABAJADORES Y EMPRENDEDORES PTE - PERÚ	11
HUÁNUCO|PACHITEA|PARTIDO DEL BUEN GOBIERNO	321
HUÁNUCO|PACHITEA|PARTIDO DEMOCRATICO FEDERAL	43
HUÁNUCO|PACHITEA|PARTIDO DEMOCRÁTICO SOMOS PERÚ	43
HUÁNUCO|PACHITEA|PARTIDO DEMÓCRATA UNIDO PERÚ	132
HUÁNUCO|PACHITEA|PARTIDO DEMÓCRATA VERDE	138
HUÁNUCO|PACHITEA|PARTIDO FRENTE DE LA ESPERANZA 2021	193
HUÁNUCO|PACHITEA|PARTIDO MORADO	25
HUÁNUCO|PACHITEA|PARTIDO PATRIÓTICO DEL PERÚ	195
HUÁNUCO|PACHITEA|PARTIDO PAÍS PARA TODOS	439
HUÁNUCO|PACHITEA|PARTIDO POLÍTICO COOPERACIÓN POPULAR	49
HUÁNUCO|PACHITEA|PARTIDO POLÍTICO INTEGRIDAD DEMOCRÁTICA	31
HUÁNUCO|PACHITEA|PARTIDO POLÍTICO NACIONAL PERÚ LIBRE	158
HUÁNUCO|PACHITEA|PARTIDO POLÍTICO PERÚ ACCIÓN	37
HUÁNUCO|PACHITEA|PARTIDO POLÍTICO PERÚ PRIMERO	106
HUÁNUCO|PACHITEA|PARTIDO POLÍTICO PRIN	16
HUÁNUCO|PACHITEA|PARTIDO SICREO	214
HUÁNUCO|PACHITEA|PERÚ MODERNO	14
HUÁNUCO|PACHITEA|PODEMOS PERÚ	501
HUÁNUCO|PACHITEA|PRIMERO LA GENTE – COMUNIDAD, ECOLOGÍA, LIBERTAD Y PROGRESO	102
HUÁNUCO|PACHITEA|PROGRESEMOS	46
HUÁNUCO|PACHITEA|RENOVACIÓN POPULAR	509
HUÁNUCO|PACHITEA|SALVEMOS AL PERÚ	40
HUÁNUCO|PACHITEA|UN CAMINO DIFERENTE	32
HUÁNUCO|PACHITEA|UNIDAD NACIONAL	16
HUÁNUCO|PACHITEA|VOTOS EN BLANCO	5661
HUÁNUCO|PACHITEA|VOTOS NULOS	1609
HUÁNUCO|PUERTO INCA|AHORA NACIÓN - AN	336
HUÁNUCO|PUERTO INCA|ALIANZA ELECTORAL VENCEREMOS	124
HUÁNUCO|PUERTO INCA|ALIANZA PARA EL PROGRESO	102
HUÁNUCO|PUERTO INCA|AVANZA PAÍS - PARTIDO DE INTEGRACIÓN SOCIAL	20
HUÁNUCO|PUERTO INCA|FE EN EL PERÚ	38
HUÁNUCO|PUERTO INCA|FUERZA POPULAR	3859
HUÁNUCO|PUERTO INCA|FUERZA Y LIBERTAD	19
HUÁNUCO|PUERTO INCA|JUNTOS POR EL PERÚ	4195
HUÁNUCO|PUERTO INCA|LIBERTAD POPULAR	34
HUÁNUCO|PUERTO INCA|PARTIDO APRISTA PERUANO	35
HUÁNUCO|PUERTO INCA|PARTIDO CÍVICO OBRAS	1627
HUÁNUCO|PUERTO INCA|PARTIDO DE LOS TRABAJADORES Y EMPRENDEDORES PTE - PERÚ	15
HUÁNUCO|PUERTO INCA|PARTIDO DEL BUEN GOBIERNO	159
HUÁNUCO|PUERTO INCA|PARTIDO DEMOCRATICO FEDERAL	21
HUÁNUCO|PUERTO INCA|PARTIDO DEMOCRÁTICO SOMOS PERÚ	126
HUÁNUCO|PUERTO INCA|PARTIDO DEMÓCRATA UNIDO PERÚ	214
HUÁNUCO|PUERTO INCA|PARTIDO DEMÓCRATA VERDE	78
HUÁNUCO|PUERTO INCA|PARTIDO FRENTE DE LA ESPERANZA 2021	115
HUÁNUCO|PUERTO INCA|PARTIDO MORADO	20
HUÁNUCO|PUERTO INCA|PARTIDO PATRIÓTICO DEL PERÚ	159
HUÁNUCO|PUERTO INCA|PARTIDO PAÍS PARA TODOS	642
HUÁNUCO|PUERTO INCA|PARTIDO POLÍTICO COOPERACIÓN POPULAR	50
HUÁNUCO|PUERTO INCA|PARTIDO POLÍTICO INTEGRIDAD DEMOCRÁTICA	31
HUÁNUCO|PUERTO INCA|PARTIDO POLÍTICO NACIONAL PERÚ LIBRE	138
HUÁNUCO|PUERTO INCA|PARTIDO POLÍTICO PERÚ ACCIÓN	37
HUÁNUCO|PUERTO INCA|PARTIDO POLÍTICO PERÚ PRIMERO	101
HUÁNUCO|PUERTO INCA|PARTIDO POLÍTICO PRIN	18
HUÁNUCO|PUERTO INCA|PARTIDO SICREO	168
HUÁNUCO|PUERTO INCA|PERÚ MODERNO	2
HUÁNUCO|PUERTO INCA|PODEMOS PERÚ	318
HUÁNUCO|PUERTO INCA|PRIMERO LA GENTE – COMUNIDAD, ECOLOGÍA, LIBERTAD Y PROGRESO	104
HUÁNUCO|PUERTO INCA|PROGRESEMOS	41
HUÁNUCO|PUERTO INCA|RENOVACIÓN POPULAR	479
HUÁNUCO|PUERTO INCA|SALVEMOS AL PERÚ	23
HUÁNUCO|PUERTO INCA|UN CAMINO DIFERENTE	20
HUÁNUCO|PUERTO INCA|UNIDAD NACIONAL	22
HUÁNUCO|PUERTO INCA|VOTOS EN BLANCO	5515
HUÁNUCO|PUERTO INCA|VOTOS NULOS	1159
HUÁNUCO|YAROWILCA|AHORA NACIÓN - AN	545
HUÁNUCO|YAROWILCA|ALIANZA ELECTORAL VENCEREMOS	69
HUÁNUCO|YAROWILCA|ALIANZA PARA EL PROGRESO	59
HUÁNUCO|YAROWILCA|AVANZA PAÍS - PARTIDO DE INTEGRACIÓN SOCIAL	11
HUÁNUCO|YAROWILCA|FE EN EL PERÚ	62
HUÁNUCO|YAROWILCA|FUERZA POPULAR	699
HUÁNUCO|YAROWILCA|FUERZA Y LIBERTAD	1
HUÁNUCO|YAROWILCA|JUNTOS POR EL PERÚ	7121
HUÁNUCO|YAROWILCA|LIBERTAD POPULAR	19
HUÁNUCO|YAROWILCA|PARTIDO APRISTA PERUANO	13
HUÁNUCO|YAROWILCA|PARTIDO CÍVICO OBRAS	1604
HUÁNUCO|YAROWILCA|PARTIDO DE LOS TRABAJADORES Y EMPRENDEDORES PTE - PERÚ	7
HUÁNUCO|YAROWILCA|PARTIDO DEL BUEN GOBIERNO	153
HUÁNUCO|YAROWILCA|PARTIDO DEMOCRATICO FEDERAL	11
HUÁNUCO|YAROWILCA|PARTIDO DEMOCRÁTICO SOMOS PERÚ	22
HUÁNUCO|YAROWILCA|PARTIDO DEMÓCRATA UNIDO PERÚ	121
HUÁNUCO|YAROWILCA|PARTIDO DEMÓCRATA VERDE	52
HUÁNUCO|YAROWILCA|PARTIDO FRENTE DE LA ESPERANZA 2021	121
HUÁNUCO|YAROWILCA|PARTIDO MORADO	11
HUÁNUCO|YAROWILCA|PARTIDO PATRIÓTICO DEL PERÚ	107
HUÁNUCO|YAROWILCA|PARTIDO PAÍS PARA TODOS	246
HUÁNUCO|YAROWILCA|PARTIDO POLÍTICO COOPERACIÓN POPULAR	46
HUÁNUCO|YAROWILCA|PARTIDO POLÍTICO INTEGRIDAD DEMOCRÁTICA	13
HUÁNUCO|YAROWILCA|PARTIDO POLÍTICO NACIONAL PERÚ LIBRE	80
HUÁNUCO|YAROWILCA|PARTIDO POLÍTICO PERÚ ACCIÓN	15
HUÁNUCO|YAROWILCA|PARTIDO POLÍTICO PERÚ PRIMERO	177
HUÁNUCO|YAROWILCA|PARTIDO POLÍTICO PRIN	4
HUÁNUCO|YAROWILCA|PARTIDO SICREO	100
HUÁNUCO|YAROWILCA|PERÚ MODERNO	3
HUÁNUCO|YAROWILCA|PODEMOS PERÚ	333
HUÁNUCO|YAROWILCA|PRIMERO LA GENTE – COMUNIDAD, ECOLOGÍA, LIBERTAD Y PROGRESO	60
HUÁNUCO|YAROWILCA|PROGRESEMOS	26
HUÁNUCO|YAROWILCA|RENOVACIÓN POPULAR	277
HUÁNUCO|YAROWILCA|SALVEMOS AL PERÚ	26
HUÁNUCO|YAROWILCA|UN CAMINO DIFERENTE	10
HUÁNUCO|YAROWILCA|UNIDAD NACIONAL	11
HUÁNUCO|YAROWILCA|VOTOS EN BLANCO	2421
HUÁNUCO|YAROWILCA|VOTOS NULOS	742
ICA|CHINCHA|AHORA NACIÓN - AN	6695
ICA|CHINCHA|ALIANZA ELECTORAL VENCEREMOS	641
ICA|CHINCHA|ALIANZA PARA EL PROGRESO	1517
ICA|CHINCHA|AVANZA PAÍS - PARTIDO DE INTEGRACIÓN SOCIAL	433
ICA|CHINCHA|FE EN EL PERÚ	149
ICA|CHINCHA|FUERZA POPULAR	27608
ICA|CHINCHA|FUERZA Y LIBERTAD	345
ICA|CHINCHA|JUNTOS POR EL PERÚ	8702
ICA|CHINCHA|LIBERTAD POPULAR	394
ICA|CHINCHA|PARTIDO APRISTA PERUANO	1033
ICA|CHINCHA|PARTIDO CÍVICO OBRAS	12127
ICA|CHINCHA|PARTIDO DE LOS TRABAJADORES Y EMPRENDEDORES PTE - PERÚ	92
ICA|CHINCHA|PARTIDO DEL BUEN GOBIERNO	11548
ICA|CHINCHA|PARTIDO DEMOCRATICO FEDERAL	238
ICA|CHINCHA|PARTIDO DEMOCRÁTICO SOMOS PERÚ	1507
ICA|CHINCHA|PARTIDO DEMÓCRATA UNIDO PERÚ	594
ICA|CHINCHA|PARTIDO DEMÓCRATA VERDE	532
ICA|CHINCHA|PARTIDO FRENTE DE LA ESPERANZA 2021	2663
ICA|CHINCHA|PARTIDO MORADO	729
ICA|CHINCHA|PARTIDO PATRIÓTICO DEL PERÚ	1090
ICA|CHINCHA|PARTIDO PAÍS PARA TODOS	17579
ICA|CHINCHA|PARTIDO POLÍTICO COOPERACIÓN POPULAR	850
ICA|CHINCHA|PARTIDO POLÍTICO INTEGRIDAD DEMOCRÁTICA	738
ICA|CHINCHA|PARTIDO POLÍTICO NACIONAL PERÚ LIBRE	688
ICA|CHINCHA|PARTIDO POLÍTICO PERÚ ACCIÓN	396
ICA|CHINCHA|PARTIDO POLÍTICO PERÚ PRIMERO	1440
ICA|CHINCHA|PARTIDO POLÍTICO PRIN	97
ICA|CHINCHA|PARTIDO SICREO	4615
ICA|CHINCHA|PERÚ MODERNO	112
ICA|CHINCHA|PODEMOS PERÚ	4103
ICA|CHINCHA|PRIMERO LA GENTE – COMUNIDAD, ECOLOGÍA, LIBERTAD Y PROGRESO	4131
ICA|CHINCHA|PROGRESEMOS	931
ICA|CHINCHA|RENOVACIÓN POPULAR	10105
ICA|CHINCHA|SALVEMOS AL PERÚ	169
ICA|CHINCHA|UN CAMINO DIFERENTE	274
ICA|CHINCHA|UNIDAD NACIONAL	473
ICA|CHINCHA|VOTOS EN BLANCO	21157
ICA|CHINCHA|VOTOS NULOS	8356
ICA|ICA|AHORA NACIÓN - AN	17135
ICA|ICA|ALIANZA ELECTORAL VENCEREMOS	1524
ICA|ICA|ALIANZA PARA EL PROGRESO	2235
ICA|ICA|AVANZA PAÍS - PARTIDO DE INTEGRACIÓN SOCIAL	305
ICA|ICA|FE EN EL PERÚ	166
ICA|ICA|FUERZA POPULAR	43055
ICA|ICA|FUERZA Y LIBERTAD	327
ICA|ICA|JUNTOS POR EL PERÚ	16110
ICA|ICA|LIBERTAD POPULAR	423
ICA|ICA|PARTIDO APRISTA PERUANO	2841
ICA|ICA|PARTIDO CÍVICO OBRAS	23126
ICA|ICA|PARTIDO DE LOS TRABAJADORES Y EMPRENDEDORES PTE - PERÚ	143
ICA|ICA|PARTIDO DEL BUEN GOBIERNO	24691
ICA|ICA|PARTIDO DEMOCRATICO FEDERAL	231
ICA|ICA|PARTIDO DEMOCRÁTICO SOMOS PERÚ	3804
ICA|ICA|PARTIDO DEMÓCRATA UNIDO PERÚ	1198
ICA|ICA|PARTIDO DEMÓCRATA VERDE	900
ICA|ICA|PARTIDO FRENTE DE LA ESPERANZA 2021	4032
ICA|ICA|PARTIDO MORADO	1030
ICA|ICA|PARTIDO PATRIÓTICO DEL PERÚ	1691
ICA|ICA|PARTIDO PAÍS PARA TODOS	24421
ICA|ICA|PARTIDO POLÍTICO COOPERACIÓN POPULAR	1952
ICA|ICA|PARTIDO POLÍTICO INTEGRIDAD DEMOCRÁTICA	972
ICA|ICA|PARTIDO POLÍTICO NACIONAL PERÚ LIBRE	1067
ICA|ICA|PARTIDO POLÍTICO PERÚ ACCIÓN	516
ICA|ICA|PARTIDO POLÍTICO PERÚ PRIMERO	1560
ICA|ICA|PARTIDO POLÍTICO PRIN	206
ICA|ICA|PARTIDO SICREO	8888
ICA|ICA|PERÚ MODERNO	94
ICA|ICA|PODEMOS PERÚ	4365
ICA|ICA|PRIMERO LA GENTE – COMUNIDAD, ECOLOGÍA, LIBERTAD Y PROGRESO	8504
ICA|ICA|PROGRESEMOS	1608
ICA|ICA|RENOVACIÓN POPULAR	25652
ICA|ICA|SALVEMOS AL PERÚ	183
ICA|ICA|UN CAMINO DIFERENTE	696
ICA|ICA|UNIDAD NACIONAL	826
ICA|ICA|VOTOS EN BLANCO	28374
ICA|ICA|VOTOS NULOS	12283
ICA|NASCA|AHORA NACIÓN - AN	3149
ICA|NASCA|ALIANZA ELECTORAL VENCEREMOS	302
ICA|NASCA|ALIANZA PARA EL PROGRESO	426
ICA|NASCA|AVANZA PAÍS - PARTIDO DE INTEGRACIÓN SOCIAL	48
ICA|NASCA|FE EN EL PERÚ	39
ICA|NASCA|FUERZA POPULAR	7816
ICA|NASCA|FUERZA Y LIBERTAD	56
ICA|NASCA|JUNTOS POR EL PERÚ	4190
ICA|NASCA|LIBERTAD POPULAR	99
ICA|NASCA|PARTIDO APRISTA PERUANO	509
ICA|NASCA|PARTIDO CÍVICO OBRAS	5740
ICA|NASCA|PARTIDO DE LOS TRABAJADORES Y EMPRENDEDORES PTE - PERÚ	18
ICA|NASCA|PARTIDO DEL BUEN GOBIERNO	3571
ICA|NASCA|PARTIDO DEMOCRATICO FEDERAL	48
ICA|NASCA|PARTIDO DEMOCRÁTICO SOMOS PERÚ	503
ICA|NASCA|PARTIDO DEMÓCRATA UNIDO PERÚ	402
ICA|NASCA|PARTIDO DEMÓCRATA VERDE	194
ICA|NASCA|PARTIDO FRENTE DE LA ESPERANZA 2021	738
ICA|NASCA|PARTIDO MORADO	167
ICA|NASCA|PARTIDO PATRIÓTICO DEL PERÚ	519
ICA|NASCA|PARTIDO PAÍS PARA TODOS	3361
ICA|NASCA|PARTIDO POLÍTICO COOPERACIÓN POPULAR	530
ICA|NASCA|PARTIDO POLÍTICO INTEGRIDAD DEMOCRÁTICA	141
ICA|NASCA|PARTIDO POLÍTICO NACIONAL PERÚ LIBRE	219
ICA|NASCA|PARTIDO POLÍTICO PERÚ ACCIÓN	106
ICA|NASCA|PARTIDO POLÍTICO PERÚ PRIMERO	273
ICA|NASCA|PARTIDO POLÍTICO PRIN	27
ICA|NASCA|PARTIDO SICREO	1679
ICA|NASCA|PERÚ MODERNO	19
ICA|NASCA|PODEMOS PERÚ	659
ICA|NASCA|PRIMERO LA GENTE – COMUNIDAD, ECOLOGÍA, LIBERTAD Y PROGRESO	1219
ICA|NASCA|PROGRESEMOS	209
ICA|NASCA|RENOVACIÓN POPULAR	3266
ICA|NASCA|SALVEMOS AL PERÚ	43
ICA|NASCA|UN CAMINO DIFERENTE	151
ICA|NASCA|UNIDAD NACIONAL	104
ICA|NASCA|VOTOS EN BLANCO	6477
ICA|NASCA|VOTOS NULOS	2320
ICA|PALPA|AHORA NACIÓN - AN	515
ICA|PALPA|ALIANZA ELECTORAL VENCEREMOS	37
ICA|PALPA|ALIANZA PARA EL PROGRESO	139
ICA|PALPA|AVANZA PAÍS - PARTIDO DE INTEGRACIÓN SOCIAL	8
ICA|PALPA|FE EN EL PERÚ	13
ICA|PALPA|FUERZA POPULAR	1920
ICA|PALPA|FUERZA Y LIBERTAD	5
ICA|PALPA|JUNTOS POR EL PERÚ	1253
ICA|PALPA|LIBERTAD POPULAR	15
ICA|PALPA|PARTIDO APRISTA PERUANO	99
ICA|PALPA|PARTIDO CÍVICO OBRAS	843
ICA|PALPA|PARTIDO DE LOS TRABAJADORES Y EMPRENDEDORES PTE - PERÚ	6
ICA|PALPA|PARTIDO DEL BUEN GOBIERNO	528
ICA|PALPA|PARTIDO DEMOCRATICO FEDERAL	9
ICA|PALPA|PARTIDO DEMOCRÁTICO SOMOS PERÚ	168
ICA|PALPA|PARTIDO DEMÓCRATA UNIDO PERÚ	69
ICA|PALPA|PARTIDO DEMÓCRATA VERDE	34
ICA|PALPA|PARTIDO FRENTE DE LA ESPERANZA 2021	125
ICA|PALPA|PARTIDO MORADO	22
ICA|PALPA|PARTIDO PATRIÓTICO DEL PERÚ	60
ICA|PALPA|PARTIDO PAÍS PARA TODOS	648
ICA|PALPA|PARTIDO POLÍTICO COOPERACIÓN POPULAR	81
ICA|PALPA|PARTIDO POLÍTICO INTEGRIDAD DEMOCRÁTICA	15
ICA|PALPA|PARTIDO POLÍTICO NACIONAL PERÚ LIBRE	69
ICA|PALPA|PARTIDO POLÍTICO PERÚ ACCIÓN	22
ICA|PALPA|PARTIDO POLÍTICO PERÚ PRIMERO	86
ICA|PALPA|PARTIDO POLÍTICO PRIN	3
ICA|PALPA|PARTIDO SICREO	206
ICA|PALPA|PERÚ MODERNO	1
ICA|PALPA|PODEMOS PERÚ	162
ICA|PALPA|PRIMERO LA GENTE – COMUNIDAD, ECOLOGÍA, LIBERTAD Y PROGRESO	155
ICA|PALPA|PROGRESEMOS	40
ICA|PALPA|RENOVACIÓN POPULAR	575
ICA|PALPA|SALVEMOS AL PERÚ	11
ICA|PALPA|UN CAMINO DIFERENTE	25
ICA|PALPA|UNIDAD NACIONAL	15
ICA|PALPA|VOTOS EN BLANCO	1531
ICA|PALPA|VOTOS NULOS	463
ICA|PISCO|AHORA NACIÓN - AN	4417
ICA|PISCO|ALIANZA ELECTORAL VENCEREMOS	494
ICA|PISCO|ALIANZA PARA EL PROGRESO	882
ICA|PISCO|AVANZA PAÍS - PARTIDO DE INTEGRACIÓN SOCIAL	297
ICA|PISCO|FE EN EL PERÚ	65
ICA|PISCO|FUERZA POPULAR	17656
ICA|PISCO|FUERZA Y LIBERTAD	148
ICA|PISCO|JUNTOS POR EL PERÚ	7005
ICA|PISCO|LIBERTAD POPULAR	158
ICA|PISCO|PARTIDO APRISTA PERUANO	843
ICA|PISCO|PARTIDO CÍVICO OBRAS	9685
ICA|PISCO|PARTIDO DE LOS TRABAJADORES Y EMPRENDEDORES PTE - PERÚ	74
ICA|PISCO|PARTIDO DEL BUEN GOBIERNO	7264
ICA|PISCO|PARTIDO DEMOCRATICO FEDERAL	129
ICA|PISCO|PARTIDO DEMOCRÁTICO SOMOS PERÚ	2789
ICA|PISCO|PARTIDO DEMÓCRATA UNIDO PERÚ	511
ICA|PISCO|PARTIDO DEMÓCRATA VERDE	309
ICA|PISCO|PARTIDO FRENTE DE LA ESPERANZA 2021	1335
ICA|PISCO|PARTIDO MORADO	290
ICA|PISCO|PARTIDO PATRIÓTICO DEL PERÚ	946
ICA|PISCO|PARTIDO PAÍS PARA TODOS	9924
ICA|PISCO|PARTIDO POLÍTICO COOPERACIÓN POPULAR	714
ICA|PISCO|PARTIDO POLÍTICO INTEGRIDAD DEMOCRÁTICA	294
ICA|PISCO|PARTIDO POLÍTICO NACIONAL PERÚ LIBRE	589
ICA|PISCO|PARTIDO POLÍTICO PERÚ ACCIÓN	211
ICA|PISCO|PARTIDO POLÍTICO PERÚ PRIMERO	588
ICA|PISCO|PARTIDO POLÍTICO PRIN	86
ICA|PISCO|PARTIDO SICREO	2765
ICA|PISCO|PERÚ MODERNO	31
ICA|PISCO|PODEMOS PERÚ	2017
ICA|PISCO|PRIMERO LA GENTE – COMUNIDAD, ECOLOGÍA, LIBERTAD Y PROGRESO	2901
ICA|PISCO|PROGRESEMOS	420
ICA|PISCO|RENOVACIÓN POPULAR	5685
ICA|PISCO|SALVEMOS AL PERÚ	82
ICA|PISCO|UN CAMINO DIFERENTE	257
ICA|PISCO|UNIDAD NACIONAL	351
ICA|PISCO|VOTOS EN BLANCO	13964
ICA|PISCO|VOTOS NULOS	5744
JUNÍN|CHANCHAMAYO|AHORA NACIÓN - AN	5204
JUNÍN|CHANCHAMAYO|ALIANZA ELECTORAL VENCEREMOS	537
JUNÍN|CHANCHAMAYO|ALIANZA PARA EL PROGRESO	793
JUNÍN|CHANCHAMAYO|AVANZA PAÍS - PARTIDO DE INTEGRACIÓN SOCIAL	82
JUNÍN|CHANCHAMAYO|FE EN EL PERÚ	141
JUNÍN|CHANCHAMAYO|FUERZA POPULAR	17237
JUNÍN|CHANCHAMAYO|FUERZA Y LIBERTAD	1009
JUNÍN|CHANCHAMAYO|JUNTOS POR EL PERÚ	12562
JUNÍN|CHANCHAMAYO|LIBERTAD POPULAR	105
JUNÍN|CHANCHAMAYO|PARTIDO APRISTA PERUANO	257
JUNÍN|CHANCHAMAYO|PARTIDO CÍVICO OBRAS	10053
JUNÍN|CHANCHAMAYO|PARTIDO DE LOS TRABAJADORES Y EMPRENDEDORES PTE - PERÚ	54
JUNÍN|CHANCHAMAYO|PARTIDO DEL BUEN GOBIERNO	3167
JUNÍN|CHANCHAMAYO|PARTIDO DEMOCRATICO FEDERAL	94
JUNÍN|CHANCHAMAYO|PARTIDO DEMOCRÁTICO SOMOS PERÚ	220
JUNÍN|CHANCHAMAYO|PARTIDO DEMÓCRATA UNIDO PERÚ	1396
JUNÍN|CHANCHAMAYO|PARTIDO DEMÓCRATA VERDE	348
JUNÍN|CHANCHAMAYO|PARTIDO FRENTE DE LA ESPERANZA 2021	1366
JUNÍN|CHANCHAMAYO|PARTIDO MORADO	193
JUNÍN|CHANCHAMAYO|PARTIDO PATRIÓTICO DEL PERÚ	932
JUNÍN|CHANCHAMAYO|PARTIDO PAÍS PARA TODOS	3566
JUNÍN|CHANCHAMAYO|PARTIDO POLÍTICO COOPERACIÓN POPULAR	604
JUNÍN|CHANCHAMAYO|PARTIDO POLÍTICO INTEGRIDAD DEMOCRÁTICA	228
JUNÍN|CHANCHAMAYO|PARTIDO POLÍTICO NACIONAL PERÚ LIBRE	909
JUNÍN|CHANCHAMAYO|PARTIDO POLÍTICO PERÚ ACCIÓN	169
JUNÍN|CHANCHAMAYO|PARTIDO POLÍTICO PERÚ PRIMERO	551
JUNÍN|CHANCHAMAYO|PARTIDO POLÍTICO PRIN	75
JUNÍN|CHANCHAMAYO|PARTIDO SICREO	1920
JUNÍN|CHANCHAMAYO|PERÚ MODERNO	19
JUNÍN|CHANCHAMAYO|PODEMOS PERÚ	2081
JUNÍN|CHANCHAMAYO|PRIMERO LA GENTE – COMUNIDAD, ECOLOGÍA, LIBERTAD Y PROGRESO	1231
JUNÍN|CHANCHAMAYO|PROGRESEMOS	280
JUNÍN|CHANCHAMAYO|RENOVACIÓN POPULAR	4747
JUNÍN|CHANCHAMAYO|SALVEMOS AL PERÚ	91
JUNÍN|CHANCHAMAYO|UN CAMINO DIFERENTE	190
JUNÍN|CHANCHAMAYO|UNIDAD NACIONAL	141
JUNÍN|CHANCHAMAYO|VOTOS EN BLANCO	17641
JUNÍN|CHANCHAMAYO|VOTOS NULOS	5549
JUNÍN|CHUPACA|AHORA NACIÓN - AN	4841
JUNÍN|CHUPACA|ALIANZA ELECTORAL VENCEREMOS	195
JUNÍN|CHUPACA|ALIANZA PARA EL PROGRESO	346
JUNÍN|CHUPACA|AVANZA PAÍS - PARTIDO DE INTEGRACIÓN SOCIAL	59
JUNÍN|CHUPACA|FE EN EL PERÚ	49
JUNÍN|CHUPACA|FUERZA POPULAR	4831
JUNÍN|CHUPACA|FUERZA Y LIBERTAD	216
JUNÍN|CHUPACA|JUNTOS POR EL PERÚ	3856
JUNÍN|CHUPACA|LIBERTAD POPULAR	65
JUNÍN|CHUPACA|PARTIDO APRISTA PERUANO	138
JUNÍN|CHUPACA|PARTIDO CÍVICO OBRAS	3579
JUNÍN|CHUPACA|PARTIDO DE LOS TRABAJADORES Y EMPRENDEDORES PTE - PERÚ	68
JUNÍN|CHUPACA|PARTIDO DEL BUEN GOBIERNO	2182
JUNÍN|CHUPACA|PARTIDO DEMOCRATICO FEDERAL	43
JUNÍN|CHUPACA|PARTIDO DEMOCRÁTICO SOMOS PERÚ	173
JUNÍN|CHUPACA|PARTIDO DEMÓCRATA UNIDO PERÚ	390
JUNÍN|CHUPACA|PARTIDO DEMÓCRATA VERDE	210
JUNÍN|CHUPACA|PARTIDO FRENTE DE LA ESPERANZA 2021	943
JUNÍN|CHUPACA|PARTIDO MORADO	155
JUNÍN|CHUPACA|PARTIDO PATRIÓTICO DEL PERÚ	418
JUNÍN|CHUPACA|PARTIDO PAÍS PARA TODOS	2264
JUNÍN|CHUPACA|PARTIDO POLÍTICO COOPERACIÓN POPULAR	362
JUNÍN|CHUPACA|PARTIDO POLÍTICO INTEGRIDAD DEMOCRÁTICA	113
JUNÍN|CHUPACA|PARTIDO POLÍTICO NACIONAL PERÚ LIBRE	2377
JUNÍN|CHUPACA|PARTIDO POLÍTICO PERÚ ACCIÓN	93
JUNÍN|CHUPACA|PARTIDO POLÍTICO PERÚ PRIMERO	358
JUNÍN|CHUPACA|PARTIDO POLÍTICO PRIN	29
JUNÍN|CHUPACA|PARTIDO SICREO	1335
JUNÍN|CHUPACA|PERÚ MODERNO	16
JUNÍN|CHUPACA|PODEMOS PERÚ	872
JUNÍN|CHUPACA|PRIMERO LA GENTE – COMUNIDAD, ECOLOGÍA, LIBERTAD Y PROGRESO	752
JUNÍN|CHUPACA|PROGRESEMOS	166
JUNÍN|CHUPACA|RENOVACIÓN POPULAR	1789
JUNÍN|CHUPACA|SALVEMOS AL PERÚ	138
JUNÍN|CHUPACA|UN CAMINO DIFERENTE	88
JUNÍN|CHUPACA|UNIDAD NACIONAL	108
JUNÍN|CHUPACA|VOTOS EN BLANCO	5711
JUNÍN|CHUPACA|VOTOS NULOS	2325
JUNÍN|CONCEPCIÓN|AHORA NACIÓN - AN	2869
JUNÍN|CONCEPCIÓN|ALIANZA ELECTORAL VENCEREMOS	172
JUNÍN|CONCEPCIÓN|ALIANZA PARA EL PROGRESO	273
JUNÍN|CONCEPCIÓN|AVANZA PAÍS - PARTIDO DE INTEGRACIÓN SOCIAL	35
JUNÍN|CONCEPCIÓN|FE EN EL PERÚ	57
JUNÍN|CONCEPCIÓN|FUERZA POPULAR	6277
JUNÍN|CONCEPCIÓN|FUERZA Y LIBERTAD	197
JUNÍN|CONCEPCIÓN|JUNTOS POR EL PERÚ	4220
JUNÍN|CONCEPCIÓN|LIBERTAD POPULAR	55
JUNÍN|CONCEPCIÓN|PARTIDO APRISTA PERUANO	143
JUNÍN|CONCEPCIÓN|PARTIDO CÍVICO OBRAS	3001
JUNÍN|CONCEPCIÓN|PARTIDO DE LOS TRABAJADORES Y EMPRENDEDORES PTE - PERÚ	73
JUNÍN|CONCEPCIÓN|PARTIDO DEL BUEN GOBIERNO	1716
JUNÍN|CONCEPCIÓN|PARTIDO DEMOCRATICO FEDERAL	29
JUNÍN|CONCEPCIÓN|PARTIDO DEMOCRÁTICO SOMOS PERÚ	139
JUNÍN|CONCEPCIÓN|PARTIDO DEMÓCRATA UNIDO PERÚ	285
JUNÍN|CONCEPCIÓN|PARTIDO DEMÓCRATA VERDE	160
JUNÍN|CONCEPCIÓN|PARTIDO FRENTE DE LA ESPERANZA 2021	679
JUNÍN|CONCEPCIÓN|PARTIDO MORADO	143
JUNÍN|CONCEPCIÓN|PARTIDO PATRIÓTICO DEL PERÚ	294
JUNÍN|CONCEPCIÓN|PARTIDO PAÍS PARA TODOS	1844
JUNÍN|CONCEPCIÓN|PARTIDO POLÍTICO COOPERACIÓN POPULAR	274
JUNÍN|CONCEPCIÓN|PARTIDO POLÍTICO INTEGRIDAD DEMOCRÁTICA	78
JUNÍN|CONCEPCIÓN|PARTIDO POLÍTICO NACIONAL PERÚ LIBRE	552
JUNÍN|CONCEPCIÓN|PARTIDO POLÍTICO PERÚ ACCIÓN	75
JUNÍN|CONCEPCIÓN|PARTIDO POLÍTICO PERÚ PRIMERO	186
JUNÍN|CONCEPCIÓN|PARTIDO POLÍTICO PRIN	22
JUNÍN|CONCEPCIÓN|PARTIDO SICREO	857
JUNÍN|CONCEPCIÓN|PERÚ MODERNO	17
JUNÍN|CONCEPCIÓN|PODEMOS PERÚ	989
JUNÍN|CONCEPCIÓN|PRIMERO LA GENTE – COMUNIDAD, ECOLOGÍA, LIBERTAD Y PROGRESO	526
JUNÍN|CONCEPCIÓN|PROGRESEMOS	120
JUNÍN|CONCEPCIÓN|RENOVACIÓN POPULAR	1863
JUNÍN|CONCEPCIÓN|SALVEMOS AL PERÚ	49
JUNÍN|CONCEPCIÓN|UN CAMINO DIFERENTE	49
JUNÍN|CONCEPCIÓN|UNIDAD NACIONAL	59
JUNÍN|CONCEPCIÓN|VOTOS EN BLANCO	5907
JUNÍN|CONCEPCIÓN|VOTOS NULOS	2303
JUNÍN|HUANCAYO|AHORA NACIÓN - AN	38375
JUNÍN|HUANCAYO|ALIANZA ELECTORAL VENCEREMOS	1896
JUNÍN|HUANCAYO|ALIANZA PARA EL PROGRESO	2230
JUNÍN|HUANCAYO|AVANZA PAÍS - PARTIDO DE INTEGRACIÓN SOCIAL	516
JUNÍN|HUANCAYO|FE EN EL PERÚ	479
JUNÍN|HUANCAYO|FUERZA POPULAR	40832
JUNÍN|HUANCAYO|FUERZA Y LIBERTAD	1994
JUNÍN|HUANCAYO|JUNTOS POR EL PERÚ	27014
JUNÍN|HUANCAYO|LIBERTAD POPULAR	597
JUNÍN|HUANCAYO|PARTIDO APRISTA PERUANO	1912
JUNÍN|HUANCAYO|PARTIDO CÍVICO OBRAS	32013
JUNÍN|HUANCAYO|PARTIDO DE LOS TRABAJADORES Y EMPRENDEDORES PTE - PERÚ	346
JUNÍN|HUANCAYO|PARTIDO DEL BUEN GOBIERNO	33440
JUNÍN|HUANCAYO|PARTIDO DEMOCRATICO FEDERAL	442
JUNÍN|HUANCAYO|PARTIDO DEMOCRÁTICO SOMOS PERÚ	1508
JUNÍN|HUANCAYO|PARTIDO DEMÓCRATA UNIDO PERÚ	2494
JUNÍN|HUANCAYO|PARTIDO DEMÓCRATA VERDE	1407
JUNÍN|HUANCAYO|PARTIDO FRENTE DE LA ESPERANZA 2021	9431
JUNÍN|HUANCAYO|PARTIDO MORADO	2183
JUNÍN|HUANCAYO|PARTIDO PATRIÓTICO DEL PERÚ	4120
JUNÍN|HUANCAYO|PARTIDO PAÍS PARA TODOS	25960
JUNÍN|HUANCAYO|PARTIDO POLÍTICO COOPERACIÓN POPULAR	4152
JUNÍN|HUANCAYO|PARTIDO POLÍTICO INTEGRIDAD DEMOCRÁTICA	1256
JUNÍN|HUANCAYO|PARTIDO POLÍTICO NACIONAL PERÚ LIBRE	7836
JUNÍN|HUANCAYO|PARTIDO POLÍTICO PERÚ ACCIÓN	830
JUNÍN|HUANCAYO|PARTIDO POLÍTICO PERÚ PRIMERO	2632
JUNÍN|HUANCAYO|PARTIDO POLÍTICO PRIN	155
JUNÍN|HUANCAYO|PARTIDO SICREO	14870
JUNÍN|HUANCAYO|PERÚ MODERNO	173
JUNÍN|HUANCAYO|PODEMOS PERÚ	6780
JUNÍN|HUANCAYO|PRIMERO LA GENTE – COMUNIDAD, ECOLOGÍA, LIBERTAD Y PROGRESO	10724
JUNÍN|HUANCAYO|PROGRESEMOS	1573
JUNÍN|HUANCAYO|RENOVACIÓN POPULAR	28313
JUNÍN|HUANCAYO|SALVEMOS AL PERÚ	430
JUNÍN|HUANCAYO|UN CAMINO DIFERENTE	675
JUNÍN|HUANCAYO|UNIDAD NACIONAL	1044
JUNÍN|HUANCAYO|VOTOS EN BLANCO	35056
JUNÍN|HUANCAYO|VOTOS NULOS	16167
JUNÍN|JAUJA|AHORA NACIÓN - AN	6965
JUNÍN|JAUJA|ALIANZA ELECTORAL VENCEREMOS	491
JUNÍN|JAUJA|ALIANZA PARA EL PROGRESO	458
JUNÍN|JAUJA|AVANZA PAÍS - PARTIDO DE INTEGRACIÓN SOCIAL	58
JUNÍN|JAUJA|FE EN EL PERÚ	80
JUNÍN|JAUJA|FUERZA POPULAR	8548
JUNÍN|JAUJA|FUERZA Y LIBERTAD	257
JUNÍN|JAUJA|JUNTOS POR EL PERÚ	3987
JUNÍN|JAUJA|LIBERTAD POPULAR	61
JUNÍN|JAUJA|PARTIDO APRISTA PERUANO	316
JUNÍN|JAUJA|PARTIDO CÍVICO OBRAS	4289
JUNÍN|JAUJA|PARTIDO DE LOS TRABAJADORES Y EMPRENDEDORES PTE - PERÚ	68
JUNÍN|JAUJA|PARTIDO DEL BUEN GOBIERNO	3224
JUNÍN|JAUJA|PARTIDO DEMOCRATICO FEDERAL	58
JUNÍN|JAUJA|PARTIDO DEMOCRÁTICO SOMOS PERÚ	211
JUNÍN|JAUJA|PARTIDO DEMÓCRATA UNIDO PERÚ	365
JUNÍN|JAUJA|PARTIDO DEMÓCRATA VERDE	252
JUNÍN|JAUJA|PARTIDO FRENTE DE LA ESPERANZA 2021	1006
JUNÍN|JAUJA|PARTIDO MORADO	296
JUNÍN|JAUJA|PARTIDO PATRIÓTICO DEL PERÚ	512
JUNÍN|JAUJA|PARTIDO PAÍS PARA TODOS	3813
JUNÍN|JAUJA|PARTIDO POLÍTICO COOPERACIÓN POPULAR	655
JUNÍN|JAUJA|PARTIDO POLÍTICO INTEGRIDAD DEMOCRÁTICA	134
JUNÍN|JAUJA|PARTIDO POLÍTICO NACIONAL PERÚ LIBRE	441
JUNÍN|JAUJA|PARTIDO POLÍTICO PERÚ ACCIÓN	109
JUNÍN|JAUJA|PARTIDO POLÍTICO PERÚ PRIMERO	307
JUNÍN|JAUJA|PARTIDO POLÍTICO PRIN	35
JUNÍN|JAUJA|PARTIDO SICREO	1415
JUNÍN|JAUJA|PERÚ MODERNO	35
JUNÍN|JAUJA|PODEMOS PERÚ	1588
JUNÍN|JAUJA|PRIMERO LA GENTE – COMUNIDAD, ECOLOGÍA, LIBERTAD Y PROGRESO	1034
JUNÍN|JAUJA|PROGRESEMOS	246
JUNÍN|JAUJA|RENOVACIÓN POPULAR	2923
JUNÍN|JAUJA|SALVEMOS AL PERÚ	51
JUNÍN|JAUJA|UN CAMINO DIFERENTE	108
JUNÍN|JAUJA|UNIDAD NACIONAL	119
JUNÍN|JAUJA|VOTOS EN BLANCO	7415
JUNÍN|JAUJA|VOTOS NULOS	3213
JUNÍN|JUNÍN|AHORA NACIÓN - AN	1180
JUNÍN|JUNÍN|ALIANZA ELECTORAL VENCEREMOS	75
JUNÍN|JUNÍN|ALIANZA PARA EL PROGRESO	126
JUNÍN|JUNÍN|AVANZA PAÍS - PARTIDO DE INTEGRACIÓN SOCIAL	15
JUNÍN|JUNÍN|FE EN EL PERÚ	20
JUNÍN|JUNÍN|FUERZA POPULAR	1279
JUNÍN|JUNÍN|FUERZA Y LIBERTAD	129
JUNÍN|JUNÍN|JUNTOS POR EL PERÚ	1972
JUNÍN|JUNÍN|LIBERTAD POPULAR	24
JUNÍN|JUNÍN|PARTIDO APRISTA PERUANO	54
JUNÍN|JUNÍN|PARTIDO CÍVICO OBRAS	1235
JUNÍN|JUNÍN|PARTIDO DE LOS TRABAJADORES Y EMPRENDEDORES PTE - PERÚ	19
JUNÍN|JUNÍN|PARTIDO DEL BUEN GOBIERNO	498
JUNÍN|JUNÍN|PARTIDO DEMOCRATICO FEDERAL	12
JUNÍN|JUNÍN|PARTIDO DEMOCRÁTICO SOMOS PERÚ	46
JUNÍN|JUNÍN|PARTIDO DEMÓCRATA UNIDO PERÚ	112
JUNÍN|JUNÍN|PARTIDO DEMÓCRATA VERDE	64
JUNÍN|JUNÍN|PARTIDO FRENTE DE LA ESPERANZA 2021	254
JUNÍN|JUNÍN|PARTIDO MORADO	66
JUNÍN|JUNÍN|PARTIDO PATRIÓTICO DEL PERÚ	145
JUNÍN|JUNÍN|PARTIDO PAÍS PARA TODOS	500
JUNÍN|JUNÍN|PARTIDO POLÍTICO COOPERACIÓN POPULAR	251
JUNÍN|JUNÍN|PARTIDO POLÍTICO INTEGRIDAD DEMOCRÁTICA	32
JUNÍN|JUNÍN|PARTIDO POLÍTICO NACIONAL PERÚ LIBRE	152
JUNÍN|JUNÍN|PARTIDO POLÍTICO PERÚ ACCIÓN	27
JUNÍN|JUNÍN|PARTIDO POLÍTICO PERÚ PRIMERO	84
JUNÍN|JUNÍN|PARTIDO POLÍTICO PRIN	6
JUNÍN|JUNÍN|PARTIDO SICREO	291
JUNÍN|JUNÍN|PERÚ MODERNO	4
JUNÍN|JUNÍN|PODEMOS PERÚ	383
JUNÍN|JUNÍN|PRIMERO LA GENTE – COMUNIDAD, ECOLOGÍA, LIBERTAD Y PROGRESO	234
JUNÍN|JUNÍN|PROGRESEMOS	61
JUNÍN|JUNÍN|RENOVACIÓN POPULAR	453
JUNÍN|JUNÍN|SALVEMOS AL PERÚ	18
JUNÍN|JUNÍN|UN CAMINO DIFERENTE	23
JUNÍN|JUNÍN|UNIDAD NACIONAL	16
JUNÍN|JUNÍN|VOTOS EN BLANCO	2038
JUNÍN|JUNÍN|VOTOS NULOS	830
JUNÍN|SATIPO|AHORA NACIÓN - AN	4231
JUNÍN|SATIPO|ALIANZA ELECTORAL VENCEREMOS	807
JUNÍN|SATIPO|ALIANZA PARA EL PROGRESO	848
JUNÍN|SATIPO|AVANZA PAÍS - PARTIDO DE INTEGRACIÓN SOCIAL	82
JUNÍN|SATIPO|FE EN EL PERÚ	196
JUNÍN|SATIPO|FUERZA POPULAR	16258
JUNÍN|SATIPO|FUERZA Y LIBERTAD	541
JUNÍN|SATIPO|JUNTOS POR EL PERÚ	18070
JUNÍN|SATIPO|LIBERTAD POPULAR	202
JUNÍN|SATIPO|PARTIDO APRISTA PERUANO	186
JUNÍN|SATIPO|PARTIDO CÍVICO OBRAS	10176
JUNÍN|SATIPO|PARTIDO DE LOS TRABAJADORES Y EMPRENDEDORES PTE - PERÚ	62
JUNÍN|SATIPO|PARTIDO DEL BUEN GOBIERNO	2094
JUNÍN|SATIPO|PARTIDO DEMOCRATICO FEDERAL	60
JUNÍN|SATIPO|PARTIDO DEMOCRÁTICO SOMOS PERÚ	284
JUNÍN|SATIPO|PARTIDO DEMÓCRATA UNIDO PERÚ	2145
JUNÍN|SATIPO|PARTIDO DEMÓCRATA VERDE	414
JUNÍN|SATIPO|PARTIDO FRENTE DE LA ESPERANZA 2021	1104
JUNÍN|SATIPO|PARTIDO MORADO	156
JUNÍN|SATIPO|PARTIDO PATRIÓTICO DEL PERÚ	1069
JUNÍN|SATIPO|PARTIDO PAÍS PARA TODOS	3187
JUNÍN|SATIPO|PARTIDO POLÍTICO COOPERACIÓN POPULAR	630
JUNÍN|SATIPO|PARTIDO POLÍTICO INTEGRIDAD DEMOCRÁTICA	206
JUNÍN|SATIPO|PARTIDO POLÍTICO NACIONAL PERÚ LIBRE	1094
JUNÍN|SATIPO|PARTIDO POLÍTICO PERÚ ACCIÓN	188
JUNÍN|SATIPO|PARTIDO POLÍTICO PERÚ PRIMERO	920
JUNÍN|SATIPO|PARTIDO POLÍTICO PRIN	51
JUNÍN|SATIPO|PARTIDO SICREO	1616
JUNÍN|SATIPO|PERÚ MODERNO	51
JUNÍN|SATIPO|PODEMOS PERÚ	1896
JUNÍN|SATIPO|PRIMERO LA GENTE – COMUNIDAD, ECOLOGÍA, LIBERTAD Y PROGRESO	983
JUNÍN|SATIPO|PROGRESEMOS	269
JUNÍN|SATIPO|RENOVACIÓN POPULAR	4076
JUNÍN|SATIPO|SALVEMOS AL PERÚ	151
JUNÍN|SATIPO|UN CAMINO DIFERENTE	229
JUNÍN|SATIPO|UNIDAD NACIONAL	99
JUNÍN|SATIPO|VOTOS EN BLANCO	21338
JUNÍN|SATIPO|VOTOS NULOS	6787
JUNÍN|TARMA|AHORA NACIÓN - AN	3995
JUNÍN|TARMA|ALIANZA ELECTORAL VENCEREMOS	292
JUNÍN|TARMA|ALIANZA PARA EL PROGRESO	373
JUNÍN|TARMA|AVANZA PAÍS - PARTIDO DE INTEGRACIÓN SOCIAL	98
JUNÍN|TARMA|FE EN EL PERÚ	74
JUNÍN|TARMA|FUERZA POPULAR	11021
JUNÍN|TARMA|FUERZA Y LIBERTAD	329
JUNÍN|TARMA|JUNTOS POR EL PERÚ	4765
JUNÍN|TARMA|LIBERTAD POPULAR	103
JUNÍN|TARMA|PARTIDO APRISTA PERUANO	152
JUNÍN|TARMA|PARTIDO CÍVICO OBRAS	4459
JUNÍN|TARMA|PARTIDO DE LOS TRABAJADORES Y EMPRENDEDORES PTE - PERÚ	53
JUNÍN|TARMA|PARTIDO DEL BUEN GOBIERNO	2849
JUNÍN|TARMA|PARTIDO DEMOCRATICO FEDERAL	59
JUNÍN|TARMA|PARTIDO DEMOCRÁTICO SOMOS PERÚ	209
JUNÍN|TARMA|PARTIDO DEMÓCRATA UNIDO PERÚ	301
JUNÍN|TARMA|PARTIDO DEMÓCRATA VERDE	250
JUNÍN|TARMA|PARTIDO FRENTE DE LA ESPERANZA 2021	961
JUNÍN|TARMA|PARTIDO MORADO	220
JUNÍN|TARMA|PARTIDO PATRIÓTICO DEL PERÚ	558
JUNÍN|TARMA|PARTIDO PAÍS PARA TODOS	3274
JUNÍN|TARMA|PARTIDO POLÍTICO COOPERACIÓN POPULAR	724
JUNÍN|TARMA|PARTIDO POLÍTICO INTEGRIDAD DEMOCRÁTICA	169
JUNÍN|TARMA|PARTIDO POLÍTICO NACIONAL PERÚ LIBRE	488
JUNÍN|TARMA|PARTIDO POLÍTICO PERÚ ACCIÓN	126
JUNÍN|TARMA|PARTIDO POLÍTICO PERÚ PRIMERO	272
JUNÍN|TARMA|PARTIDO POLÍTICO PRIN	39
JUNÍN|TARMA|PARTIDO SICREO	1520
JUNÍN|TARMA|PERÚ MODERNO	26
JUNÍN|TARMA|PODEMOS PERÚ	1314
JUNÍN|TARMA|PRIMERO LA GENTE – COMUNIDAD, ECOLOGÍA, LIBERTAD Y PROGRESO	1098
JUNÍN|TARMA|PROGRESEMOS	216
JUNÍN|TARMA|RENOVACIÓN POPULAR	3085
JUNÍN|TARMA|SALVEMOS AL PERÚ	112
JUNÍN|TARMA|UN CAMINO DIFERENTE	92
JUNÍN|TARMA|UNIDAD NACIONAL	92
JUNÍN|TARMA|VOTOS EN BLANCO	9923
JUNÍN|TARMA|VOTOS NULOS	3916
JUNÍN|YAULI|AHORA NACIÓN - AN	2280
JUNÍN|YAULI|ALIANZA ELECTORAL VENCEREMOS	188
JUNÍN|YAULI|ALIANZA PARA EL PROGRESO	143
JUNÍN|YAULI|AVANZA PAÍS - PARTIDO DE INTEGRACIÓN SOCIAL	23
JUNÍN|YAULI|FE EN EL PERÚ	29
JUNÍN|YAULI|FUERZA POPULAR	2348
JUNÍN|YAULI|FUERZA Y LIBERTAD	101
JUNÍN|YAULI|JUNTOS POR EL PERÚ	1781
JUNÍN|YAULI|LIBERTAD POPULAR	73
JUNÍN|YAULI|PARTIDO APRISTA PERUANO	77
JUNÍN|YAULI|PARTIDO CÍVICO OBRAS	2180
JUNÍN|YAULI|PARTIDO DE LOS TRABAJADORES Y EMPRENDEDORES PTE - PERÚ	15
JUNÍN|YAULI|PARTIDO DEL BUEN GOBIERNO	1546
JUNÍN|YAULI|PARTIDO DEMOCRATICO FEDERAL	31
JUNÍN|YAULI|PARTIDO DEMOCRÁTICO SOMOS PERÚ	110
JUNÍN|YAULI|PARTIDO DEMÓCRATA UNIDO PERÚ	177
JUNÍN|YAULI|PARTIDO DEMÓCRATA VERDE	79
JUNÍN|YAULI|PARTIDO FRENTE DE LA ESPERANZA 2021	486
JUNÍN|YAULI|PARTIDO MORADO	127
JUNÍN|YAULI|PARTIDO PATRIÓTICO DEL PERÚ	354
JUNÍN|YAULI|PARTIDO PAÍS PARA TODOS	1457
JUNÍN|YAULI|PARTIDO POLÍTICO COOPERACIÓN POPULAR	612
JUNÍN|YAULI|PARTIDO POLÍTICO INTEGRIDAD DEMOCRÁTICA	96
JUNÍN|YAULI|PARTIDO POLÍTICO NACIONAL PERÚ LIBRE	156
JUNÍN|YAULI|PARTIDO POLÍTICO PERÚ ACCIÓN	60
JUNÍN|YAULI|PARTIDO POLÍTICO PERÚ PRIMERO	203
JUNÍN|YAULI|PARTIDO POLÍTICO PRIN	17
JUNÍN|YAULI|PARTIDO SICREO	784
JUNÍN|YAULI|PERÚ MODERNO	9
JUNÍN|YAULI|PODEMOS PERÚ	570
JUNÍN|YAULI|PRIMERO LA GENTE – COMUNIDAD, ECOLOGÍA, LIBERTAD Y PROGRESO	595
JUNÍN|YAULI|PROGRESEMOS	109
JUNÍN|YAULI|RENOVACIÓN POPULAR	974
JUNÍN|YAULI|SALVEMOS AL PERÚ	19
JUNÍN|YAULI|UN CAMINO DIFERENTE	44
JUNÍN|YAULI|UNIDAD NACIONAL	40
JUNÍN|YAULI|VOTOS EN BLANCO	2517
JUNÍN|YAULI|VOTOS NULOS	1129
LA LIBERTAD|ASCOPE|AHORA NACIÓN - AN	2062
LA LIBERTAD|ASCOPE|ALIANZA ELECTORAL VENCEREMOS	237
LA LIBERTAD|ASCOPE|ALIANZA PARA EL PROGRESO	2476
LA LIBERTAD|ASCOPE|AVANZA PAÍS - PARTIDO DE INTEGRACIÓN SOCIAL	291
LA LIBERTAD|ASCOPE|FE EN EL PERÚ	94
LA LIBERTAD|ASCOPE|FUERZA POPULAR	15581
LA LIBERTAD|ASCOPE|FUERZA Y LIBERTAD	97
LA LIBERTAD|ASCOPE|JUNTOS POR EL PERÚ	2679
LA LIBERTAD|ASCOPE|LIBERTAD POPULAR	164
LA LIBERTAD|ASCOPE|PARTIDO APRISTA PERUANO	2980
LA LIBERTAD|ASCOPE|PARTIDO CÍVICO OBRAS	4313
LA LIBERTAD|ASCOPE|PARTIDO DE LOS TRABAJADORES Y EMPRENDEDORES PTE - PERÚ	33
LA LIBERTAD|ASCOPE|PARTIDO DEL BUEN GOBIERNO	4910
LA LIBERTAD|ASCOPE|PARTIDO DEMOCRATICO FEDERAL	45
LA LIBERTAD|ASCOPE|PARTIDO DEMOCRÁTICO SOMOS PERÚ	515
LA LIBERTAD|ASCOPE|PARTIDO DEMÓCRATA UNIDO PERÚ	155
LA LIBERTAD|ASCOPE|PARTIDO DEMÓCRATA VERDE	252
LA LIBERTAD|ASCOPE|PARTIDO FRENTE DE LA ESPERANZA 2021	769
LA LIBERTAD|ASCOPE|PARTIDO MORADO	218
LA LIBERTAD|ASCOPE|PARTIDO PATRIÓTICO DEL PERÚ	545
LA LIBERTAD|ASCOPE|PARTIDO PAÍS PARA TODOS	6112
LA LIBERTAD|ASCOPE|PARTIDO POLÍTICO COOPERACIÓN POPULAR	266
LA LIBERTAD|ASCOPE|PARTIDO POLÍTICO INTEGRIDAD DEMOCRÁTICA	214
LA LIBERTAD|ASCOPE|PARTIDO POLÍTICO NACIONAL PERÚ LIBRE	313
LA LIBERTAD|ASCOPE|PARTIDO POLÍTICO PERÚ ACCIÓN	148
LA LIBERTAD|ASCOPE|PARTIDO POLÍTICO PERÚ PRIMERO	496
LA LIBERTAD|ASCOPE|PARTIDO POLÍTICO PRIN	264
LA LIBERTAD|ASCOPE|PARTIDO SICREO	2013
LA LIBERTAD|ASCOPE|PERÚ MODERNO	26
LA LIBERTAD|ASCOPE|PODEMOS PERÚ	2275
LA LIBERTAD|ASCOPE|PRIMERO LA GENTE – COMUNIDAD, ECOLOGÍA, LIBERTAD Y PROGRESO	1626
LA LIBERTAD|ASCOPE|PROGRESEMOS	150
LA LIBERTAD|ASCOPE|RENOVACIÓN POPULAR	3539
LA LIBERTAD|ASCOPE|SALVEMOS AL PERÚ	36
LA LIBERTAD|ASCOPE|UN CAMINO DIFERENTE	5138
LA LIBERTAD|ASCOPE|UNIDAD NACIONAL	190
LA LIBERTAD|ASCOPE|VOTOS EN BLANCO	11758
LA LIBERTAD|ASCOPE|VOTOS NULOS	5361
LA LIBERTAD|BOLÍVAR|AHORA NACIÓN - AN	229
LA LIBERTAD|BOLÍVAR|ALIANZA ELECTORAL VENCEREMOS	53
LA LIBERTAD|BOLÍVAR|ALIANZA PARA EL PROGRESO	297
LA LIBERTAD|BOLÍVAR|AVANZA PAÍS - PARTIDO DE INTEGRACIÓN SOCIAL	3
LA LIBERTAD|BOLÍVAR|FE EN EL PERÚ	13
LA LIBERTAD|BOLÍVAR|FUERZA POPULAR	808
LA LIBERTAD|BOLÍVAR|FUERZA Y LIBERTAD	5
LA LIBERTAD|BOLÍVAR|JUNTOS POR EL PERÚ	1295
LA LIBERTAD|BOLÍVAR|LIBERTAD POPULAR	9
LA LIBERTAD|BOLÍVAR|PARTIDO APRISTA PERUANO	36
LA LIBERTAD|BOLÍVAR|PARTIDO CÍVICO OBRAS	336
LA LIBERTAD|BOLÍVAR|PARTIDO DE LOS TRABAJADORES Y EMPRENDEDORES PTE - PERÚ	2
LA LIBERTAD|BOLÍVAR|PARTIDO DEL BUEN GOBIERNO	67
LA LIBERTAD|BOLÍVAR|PARTIDO DEMOCRATICO FEDERAL	8
LA LIBERTAD|BOLÍVAR|PARTIDO DEMOCRÁTICO SOMOS PERÚ	27
LA LIBERTAD|BOLÍVAR|PARTIDO DEMÓCRATA UNIDO PERÚ	55
LA LIBERTAD|BOLÍVAR|PARTIDO DEMÓCRATA VERDE	28
LA LIBERTAD|BOLÍVAR|PARTIDO FRENTE DE LA ESPERANZA 2021	33
LA LIBERTAD|BOLÍVAR|PARTIDO MORADO	11
LA LIBERTAD|BOLÍVAR|PARTIDO PATRIÓTICO DEL PERÚ	39
LA LIBERTAD|BOLÍVAR|PARTIDO PAÍS PARA TODOS	80
LA LIBERTAD|BOLÍVAR|PARTIDO POLÍTICO COOPERACIÓN POPULAR	8
LA LIBERTAD|BOLÍVAR|PARTIDO POLÍTICO INTEGRIDAD DEMOCRÁTICA	5
LA LIBERTAD|BOLÍVAR|PARTIDO POLÍTICO NACIONAL PERÚ LIBRE	58
LA LIBERTAD|BOLÍVAR|PARTIDO POLÍTICO PERÚ ACCIÓN	6
LA LIBERTAD|BOLÍVAR|PARTIDO POLÍTICO PERÚ PRIMERO	12
LA LIBERTAD|BOLÍVAR|PARTIDO POLÍTICO PRIN	4
LA LIBERTAD|BOLÍVAR|PARTIDO SICREO	29
LA LIBERTAD|BOLÍVAR|PERÚ MODERNO	1
LA LIBERTAD|BOLÍVAR|PODEMOS PERÚ	282
LA LIBERTAD|BOLÍVAR|PRIMERO LA GENTE – COMUNIDAD, ECOLOGÍA, LIBERTAD Y PROGRESO	31
LA LIBERTAD|BOLÍVAR|PROGRESEMOS	14
LA LIBERTAD|BOLÍVAR|RENOVACIÓN POPULAR	93
LA LIBERTAD|BOLÍVAR|SALVEMOS AL PERÚ	15
LA LIBERTAD|BOLÍVAR|UN CAMINO DIFERENTE	66
LA LIBERTAD|BOLÍVAR|UNIDAD NACIONAL	1
LA LIBERTAD|BOLÍVAR|VOTOS EN BLANCO	1438
LA LIBERTAD|BOLÍVAR|VOTOS NULOS	598
LA LIBERTAD|CHEPÉN|AHORA NACIÓN - AN	1382
LA LIBERTAD|CHEPÉN|ALIANZA ELECTORAL VENCEREMOS	205
LA LIBERTAD|CHEPÉN|ALIANZA PARA EL PROGRESO	2206
LA LIBERTAD|CHEPÉN|AVANZA PAÍS - PARTIDO DE INTEGRACIÓN SOCIAL	58
LA LIBERTAD|CHEPÉN|FE EN EL PERÚ	44
LA LIBERTAD|CHEPÉN|FUERZA POPULAR	11607
LA LIBERTAD|CHEPÉN|FUERZA Y LIBERTAD	44
LA LIBERTAD|CHEPÉN|JUNTOS POR EL PERÚ	5403
LA LIBERTAD|CHEPÉN|LIBERTAD POPULAR	76
LA LIBERTAD|CHEPÉN|PARTIDO APRISTA PERUANO	879
LA LIBERTAD|CHEPÉN|PARTIDO CÍVICO OBRAS	3653
LA LIBERTAD|CHEPÉN|PARTIDO DE LOS TRABAJADORES Y EMPRENDEDORES PTE - PERÚ	15
LA LIBERTAD|CHEPÉN|PARTIDO DEL BUEN GOBIERNO	3002
LA LIBERTAD|CHEPÉN|PARTIDO DEMOCRATICO FEDERAL	110
LA LIBERTAD|CHEPÉN|PARTIDO DEMOCRÁTICO SOMOS PERÚ	207
LA LIBERTAD|CHEPÉN|PARTIDO DEMÓCRATA UNIDO PERÚ	145
LA LIBERTAD|CHEPÉN|PARTIDO DEMÓCRATA VERDE	126
LA LIBERTAD|CHEPÉN|PARTIDO FRENTE DE LA ESPERANZA 2021	545
LA LIBERTAD|CHEPÉN|PARTIDO MORADO	173
LA LIBERTAD|CHEPÉN|PARTIDO PATRIÓTICO DEL PERÚ	540
LA LIBERTAD|CHEPÉN|PARTIDO PAÍS PARA TODOS	4238
LA LIBERTAD|CHEPÉN|PARTIDO POLÍTICO COOPERACIÓN POPULAR	189
LA LIBERTAD|CHEPÉN|PARTIDO POLÍTICO INTEGRIDAD DEMOCRÁTICA	188
LA LIBERTAD|CHEPÉN|PARTIDO POLÍTICO NACIONAL PERÚ LIBRE	260
LA LIBERTAD|CHEPÉN|PARTIDO POLÍTICO PERÚ ACCIÓN	101
LA LIBERTAD|CHEPÉN|PARTIDO POLÍTICO PERÚ PRIMERO	316
LA LIBERTAD|CHEPÉN|PARTIDO POLÍTICO PRIN	40
LA LIBERTAD|CHEPÉN|PARTIDO SICREO	1328
LA LIBERTAD|CHEPÉN|PERÚ MODERNO	12
LA LIBERTAD|CHEPÉN|PODEMOS PERÚ	994
LA LIBERTAD|CHEPÉN|PRIMERO LA GENTE – COMUNIDAD, ECOLOGÍA, LIBERTAD Y PROGRESO	915
LA LIBERTAD|CHEPÉN|PROGRESEMOS	217
LA LIBERTAD|CHEPÉN|RENOVACIÓN POPULAR	2372
LA LIBERTAD|CHEPÉN|SALVEMOS AL PERÚ	27
LA LIBERTAD|CHEPÉN|UN CAMINO DIFERENTE	982
LA LIBERTAD|CHEPÉN|UNIDAD NACIONAL	107
LA LIBERTAD|CHEPÉN|VOTOS EN BLANCO	8360
LA LIBERTAD|CHEPÉN|VOTOS NULOS	3551
LA LIBERTAD|GRAN CHIMÚ|AHORA NACIÓN - AN	218
LA LIBERTAD|GRAN CHIMÚ|ALIANZA ELECTORAL VENCEREMOS	127
LA LIBERTAD|GRAN CHIMÚ|ALIANZA PARA EL PROGRESO	634
LA LIBERTAD|GRAN CHIMÚ|AVANZA PAÍS - PARTIDO DE INTEGRACIÓN SOCIAL	97
LA LIBERTAD|GRAN CHIMÚ|FE EN EL PERÚ	15
LA LIBERTAD|GRAN CHIMÚ|FUERZA POPULAR	4316
LA LIBERTAD|GRAN CHIMÚ|FUERZA Y LIBERTAD	9
LA LIBERTAD|GRAN CHIMÚ|JUNTOS POR EL PERÚ	1191
LA LIBERTAD|GRAN CHIMÚ|LIBERTAD POPULAR	19
LA LIBERTAD|GRAN CHIMÚ|PARTIDO APRISTA PERUANO	325
LA LIBERTAD|GRAN CHIMÚ|PARTIDO CÍVICO OBRAS	581
LA LIBERTAD|GRAN CHIMÚ|PARTIDO DE LOS TRABAJADORES Y EMPRENDEDORES PTE - PERÚ	9
LA LIBERTAD|GRAN CHIMÚ|PARTIDO DEL BUEN GOBIERNO	475
LA LIBERTAD|GRAN CHIMÚ|PARTIDO DEMOCRATICO FEDERAL	10
LA LIBERTAD|GRAN CHIMÚ|PARTIDO DEMOCRÁTICO SOMOS PERÚ	54
LA LIBERTAD|GRAN CHIMÚ|PARTIDO DEMÓCRATA UNIDO PERÚ	34
LA LIBERTAD|GRAN CHIMÚ|PARTIDO DEMÓCRATA VERDE	43
LA LIBERTAD|GRAN CHIMÚ|PARTIDO FRENTE DE LA ESPERANZA 2021	65
LA LIBERTAD|GRAN CHIMÚ|PARTIDO MORADO	20
LA LIBERTAD|GRAN CHIMÚ|PARTIDO PATRIÓTICO DEL PERÚ	57
LA LIBERTAD|GRAN CHIMÚ|PARTIDO PAÍS PARA TODOS	461
LA LIBERTAD|GRAN CHIMÚ|PARTIDO POLÍTICO COOPERACIÓN POPULAR	19
LA LIBERTAD|GRAN CHIMÚ|PARTIDO POLÍTICO INTEGRIDAD DEMOCRÁTICA	20
LA LIBERTAD|GRAN CHIMÚ|PARTIDO POLÍTICO NACIONAL PERÚ LIBRE	105
LA LIBERTAD|GRAN CHIMÚ|PARTIDO POLÍTICO PERÚ ACCIÓN	29
LA LIBERTAD|GRAN CHIMÚ|PARTIDO POLÍTICO PERÚ PRIMERO	86
LA LIBERTAD|GRAN CHIMÚ|PARTIDO POLÍTICO PRIN	8
LA LIBERTAD|GRAN CHIMÚ|PARTIDO SICREO	147
LA LIBERTAD|GRAN CHIMÚ|PERÚ MODERNO	3
LA LIBERTAD|GRAN CHIMÚ|PODEMOS PERÚ	331
LA LIBERTAD|GRAN CHIMÚ|PRIMERO LA GENTE – COMUNIDAD, ECOLOGÍA, LIBERTAD Y PROGRESO	134
LA LIBERTAD|GRAN CHIMÚ|PROGRESEMOS	27
LA LIBERTAD|GRAN CHIMÚ|RENOVACIÓN POPULAR	322
LA LIBERTAD|GRAN CHIMÚ|SALVEMOS AL PERÚ	12
LA LIBERTAD|GRAN CHIMÚ|UN CAMINO DIFERENTE	610
LA LIBERTAD|GRAN CHIMÚ|UNIDAD NACIONAL	18
LA LIBERTAD|GRAN CHIMÚ|VOTOS EN BLANCO	3370
LA LIBERTAD|GRAN CHIMÚ|VOTOS NULOS	1464
LA LIBERTAD|JULCÁN|AHORA NACIÓN - AN	209
LA LIBERTAD|JULCÁN|ALIANZA ELECTORAL VENCEREMOS	115
LA LIBERTAD|JULCÁN|ALIANZA PARA EL PROGRESO	944
LA LIBERTAD|JULCÁN|AVANZA PAÍS - PARTIDO DE INTEGRACIÓN SOCIAL	39
LA LIBERTAD|JULCÁN|FE EN EL PERÚ	18
LA LIBERTAD|JULCÁN|FUERZA POPULAR	2325
LA LIBERTAD|JULCÁN|FUERZA Y LIBERTAD	22
LA LIBERTAD|JULCÁN|JUNTOS POR EL PERÚ	3269
LA LIBERTAD|JULCÁN|LIBERTAD POPULAR	18
LA LIBERTAD|JULCÁN|PARTIDO APRISTA PERUANO	694
LA LIBERTAD|JULCÁN|PARTIDO CÍVICO OBRAS	757
LA LIBERTAD|JULCÁN|PARTIDO DE LOS TRABAJADORES Y EMPRENDEDORES PTE - PERÚ	11
LA LIBERTAD|JULCÁN|PARTIDO DEL BUEN GOBIERNO	163
LA LIBERTAD|JULCÁN|PARTIDO DEMOCRATICO FEDERAL	13
LA LIBERTAD|JULCÁN|PARTIDO DEMOCRÁTICO SOMOS PERÚ	61
LA LIBERTAD|JULCÁN|PARTIDO DEMÓCRATA UNIDO PERÚ	65
LA LIBERTAD|JULCÁN|PARTIDO DEMÓCRATA VERDE	47
LA LIBERTAD|JULCÁN|PARTIDO FRENTE DE LA ESPERANZA 2021	90
LA LIBERTAD|JULCÁN|PARTIDO MORADO	19
LA LIBERTAD|JULCÁN|PARTIDO PATRIÓTICO DEL PERÚ	93
LA LIBERTAD|JULCÁN|PARTIDO PAÍS PARA TODOS	268
LA LIBERTAD|JULCÁN|PARTIDO POLÍTICO COOPERACIÓN POPULAR	20
LA LIBERTAD|JULCÁN|PARTIDO POLÍTICO INTEGRIDAD DEMOCRÁTICA	9
LA LIBERTAD|JULCÁN|PARTIDO POLÍTICO NACIONAL PERÚ LIBRE	79
LA LIBERTAD|JULCÁN|PARTIDO POLÍTICO PERÚ ACCIÓN	24
LA LIBERTAD|JULCÁN|PARTIDO POLÍTICO PERÚ PRIMERO	47
LA LIBERTAD|JULCÁN|PARTIDO POLÍTICO PRIN	8
LA LIBERTAD|JULCÁN|PARTIDO SICREO	90
LA LIBERTAD|JULCÁN|PERÚ MODERNO	4
LA LIBERTAD|JULCÁN|PODEMOS PERÚ	899
LA LIBERTAD|JULCÁN|PRIMERO LA GENTE – COMUNIDAD, ECOLOGÍA, LIBERTAD Y PROGRESO	60
LA LIBERTAD|JULCÁN|PROGRESEMOS	37
LA LIBERTAD|JULCÁN|RENOVACIÓN POPULAR	265
LA LIBERTAD|JULCÁN|SALVEMOS AL PERÚ	18
LA LIBERTAD|JULCÁN|UN CAMINO DIFERENTE	801
LA LIBERTAD|JULCÁN|UNIDAD NACIONAL	10
LA LIBERTAD|JULCÁN|VOTOS EN BLANCO	3617
LA LIBERTAD|JULCÁN|VOTOS NULOS	1635
LA LIBERTAD|OTUZCO|AHORA NACIÓN - AN	1271
LA LIBERTAD|OTUZCO|ALIANZA ELECTORAL VENCEREMOS	412
LA LIBERTAD|OTUZCO|ALIANZA PARA EL PROGRESO	1541
LA LIBERTAD|OTUZCO|AVANZA PAÍS - PARTIDO DE INTEGRACIÓN SOCIAL	56
LA LIBERTAD|OTUZCO|FE EN EL PERÚ	56
LA LIBERTAD|OTUZCO|FUERZA POPULAR	7636
LA LIBERTAD|OTUZCO|FUERZA Y LIBERTAD	57
LA LIBERTAD|OTUZCO|JUNTOS POR EL PERÚ	9522
LA LIBERTAD|OTUZCO|LIBERTAD POPULAR	84
LA LIBERTAD|OTUZCO|PARTIDO APRISTA PERUANO	610
LA LIBERTAD|OTUZCO|PARTIDO CÍVICO OBRAS	3133
LA LIBERTAD|OTUZCO|PARTIDO DE LOS TRABAJADORES Y EMPRENDEDORES PTE - PERÚ	28
LA LIBERTAD|OTUZCO|PARTIDO DEL BUEN GOBIERNO	1324
LA LIBERTAD|OTUZCO|PARTIDO DEMOCRATICO FEDERAL	57
LA LIBERTAD|OTUZCO|PARTIDO DEMOCRÁTICO SOMOS PERÚ	257
LA LIBERTAD|OTUZCO|PARTIDO DEMÓCRATA UNIDO PERÚ	186
LA LIBERTAD|OTUZCO|PARTIDO DEMÓCRATA VERDE	188
LA LIBERTAD|OTUZCO|PARTIDO FRENTE DE LA ESPERANZA 2021	398
LA LIBERTAD|OTUZCO|PARTIDO MORADO	123
LA LIBERTAD|OTUZCO|PARTIDO PATRIÓTICO DEL PERÚ	305
LA LIBERTAD|OTUZCO|PARTIDO PAÍS PARA TODOS	1089
LA LIBERTAD|OTUZCO|PARTIDO POLÍTICO COOPERACIÓN POPULAR	88
LA LIBERTAD|OTUZCO|PARTIDO POLÍTICO INTEGRIDAD DEMOCRÁTICA	67
LA LIBERTAD|OTUZCO|PARTIDO POLÍTICO NACIONAL PERÚ LIBRE	361
LA LIBERTAD|OTUZCO|PARTIDO POLÍTICO PERÚ ACCIÓN	92
LA LIBERTAD|OTUZCO|PARTIDO POLÍTICO PERÚ PRIMERO	249
LA LIBERTAD|OTUZCO|PARTIDO POLÍTICO PRIN	35
LA LIBERTAD|OTUZCO|PARTIDO SICREO	659
LA LIBERTAD|OTUZCO|PERÚ MODERNO	27
LA LIBERTAD|OTUZCO|PODEMOS PERÚ	1228
LA LIBERTAD|OTUZCO|PRIMERO LA GENTE – COMUNIDAD, ECOLOGÍA, LIBERTAD Y PROGRESO	355
LA LIBERTAD|OTUZCO|PROGRESEMOS	117
LA LIBERTAD|OTUZCO|RENOVACIÓN POPULAR	690
LA LIBERTAD|OTUZCO|SALVEMOS AL PERÚ	45
LA LIBERTAD|OTUZCO|UN CAMINO DIFERENTE	2236
LA LIBERTAD|OTUZCO|UNIDAD NACIONAL	24
LA LIBERTAD|OTUZCO|VOTOS EN BLANCO	10065
LA LIBERTAD|OTUZCO|VOTOS NULOS	5606
LA LIBERTAD|PACASMAYO|AHORA NACIÓN - AN	1827
LA LIBERTAD|PACASMAYO|ALIANZA ELECTORAL VENCEREMOS	201
LA LIBERTAD|PACASMAYO|ALIANZA PARA EL PROGRESO	2701
LA LIBERTAD|PACASMAYO|AVANZA PAÍS - PARTIDO DE INTEGRACIÓN SOCIAL	98
LA LIBERTAD|PACASMAYO|FE EN EL PERÚ	88
LA LIBERTAD|PACASMAYO|FUERZA POPULAR	12675
LA LIBERTAD|PACASMAYO|FUERZA Y LIBERTAD	75
LA LIBERTAD|PACASMAYO|JUNTOS POR EL PERÚ	4836
LA LIBERTAD|PACASMAYO|LIBERTAD POPULAR	132
LA LIBERTAD|PACASMAYO|PARTIDO APRISTA PERUANO	1273
LA LIBERTAD|PACASMAYO|PARTIDO CÍVICO OBRAS	3841
LA LIBERTAD|PACASMAYO|PARTIDO DE LOS TRABAJADORES Y EMPRENDEDORES PTE - PERÚ	44
LA LIBERTAD|PACASMAYO|PARTIDO DEL BUEN GOBIERNO	4501
LA LIBERTAD|PACASMAYO|PARTIDO DEMOCRATICO FEDERAL	104
LA LIBERTAD|PACASMAYO|PARTIDO DEMOCRÁTICO SOMOS PERÚ	340
LA LIBERTAD|PACASMAYO|PARTIDO DEMÓCRATA UNIDO PERÚ	203
LA LIBERTAD|PACASMAYO|PARTIDO DEMÓCRATA VERDE	168
LA LIBERTAD|PACASMAYO|PARTIDO FRENTE DE LA ESPERANZA 2021	667
LA LIBERTAD|PACASMAYO|PARTIDO MORADO	203
LA LIBERTAD|PACASMAYO|PARTIDO PATRIÓTICO DEL PERÚ	584
LA LIBERTAD|PACASMAYO|PARTIDO PAÍS PARA TODOS	4944
LA LIBERTAD|PACASMAYO|PARTIDO POLÍTICO COOPERACIÓN POPULAR	238
LA LIBERTAD|PACASMAYO|PARTIDO POLÍTICO INTEGRIDAD DEMOCRÁTICA	266
LA LIBERTAD|PACASMAYO|PARTIDO POLÍTICO NACIONAL PERÚ LIBRE	288
LA LIBERTAD|PACASMAYO|PARTIDO POLÍTICO PERÚ ACCIÓN	105
LA LIBERTAD|PACASMAYO|PARTIDO POLÍTICO PERÚ PRIMERO	411
LA LIBERTAD|PACASMAYO|PARTIDO POLÍTICO PRIN	76
LA LIBERTAD|PACASMAYO|PARTIDO SICREO	1612
LA LIBERTAD|PACASMAYO|PERÚ MODERNO	14
LA LIBERTAD|PACASMAYO|PODEMOS PERÚ	1568
LA LIBERTAD|PACASMAYO|PRIMERO LA GENTE – COMUNIDAD, ECOLOGÍA, LIBERTAD Y PROGRESO	1588
LA LIBERTAD|PACASMAYO|PROGRESEMOS	153
LA LIBERTAD|PACASMAYO|RENOVACIÓN POPULAR	3664
LA LIBERTAD|PACASMAYO|SALVEMOS AL PERÚ	34
LA LIBERTAD|PACASMAYO|UN CAMINO DIFERENTE	1680
LA LIBERTAD|PACASMAYO|UNIDAD NACIONAL	162
LA LIBERTAD|PACASMAYO|VOTOS EN BLANCO	10407
LA LIBERTAD|PACASMAYO|VOTOS NULOS	4564
LA LIBERTAD|PATAZ|AHORA NACIÓN - AN	480
LA LIBERTAD|PATAZ|ALIANZA ELECTORAL VENCEREMOS	226
LA LIBERTAD|PATAZ|ALIANZA PARA EL PROGRESO	1197
LA LIBERTAD|PATAZ|AVANZA PAÍS - PARTIDO DE INTEGRACIÓN SOCIAL	72
LA LIBERTAD|PATAZ|FE EN EL PERÚ	66
LA LIBERTAD|PATAZ|FUERZA POPULAR	4307
LA LIBERTAD|PATAZ|FUERZA Y LIBERTAD	26
LA LIBERTAD|PATAZ|JUNTOS POR EL PERÚ	8564
LA LIBERTAD|PATAZ|LIBERTAD POPULAR	47
LA LIBERTAD|PATAZ|PARTIDO APRISTA PERUANO	108
LA LIBERTAD|PATAZ|PARTIDO CÍVICO OBRAS	2262
LA LIBERTAD|PATAZ|PARTIDO DE LOS TRABAJADORES Y EMPRENDEDORES PTE - PERÚ	17
LA LIBERTAD|PATAZ|PARTIDO DEL BUEN GOBIERNO	414
LA LIBERTAD|PATAZ|PARTIDO DEMOCRATICO FEDERAL	40
LA LIBERTAD|PATAZ|PARTIDO DEMOCRÁTICO SOMOS PERÚ	363
LA LIBERTAD|PATAZ|PARTIDO DEMÓCRATA UNIDO PERÚ	510
LA LIBERTAD|PATAZ|PARTIDO DEMÓCRATA VERDE	140
LA LIBERTAD|PATAZ|PARTIDO FRENTE DE LA ESPERANZA 2021	242
LA LIBERTAD|PATAZ|PARTIDO MORADO	69
LA LIBERTAD|PATAZ|PARTIDO PATRIÓTICO DEL PERÚ	297
LA LIBERTAD|PATAZ|PARTIDO PAÍS PARA TODOS	769
LA LIBERTAD|PATAZ|PARTIDO POLÍTICO COOPERACIÓN POPULAR	99
LA LIBERTAD|PATAZ|PARTIDO POLÍTICO INTEGRIDAD DEMOCRÁTICA	74
LA LIBERTAD|PATAZ|PARTIDO POLÍTICO NACIONAL PERÚ LIBRE	350
LA LIBERTAD|PATAZ|PARTIDO POLÍTICO PERÚ ACCIÓN	86
LA LIBERTAD|PATAZ|PARTIDO POLÍTICO PERÚ PRIMERO	242
LA LIBERTAD|PATAZ|PARTIDO POLÍTICO PRIN	38
LA LIBERTAD|PATAZ|PARTIDO SICREO	275
LA LIBERTAD|PATAZ|PERÚ MODERNO	12
LA LIBERTAD|PATAZ|PODEMOS PERÚ	1071
LA LIBERTAD|PATAZ|PRIMERO LA GENTE – COMUNIDAD, ECOLOGÍA, LIBERTAD Y PROGRESO	174
LA LIBERTAD|PATAZ|PROGRESEMOS	63
LA LIBERTAD|PATAZ|RENOVACIÓN POPULAR	372
LA LIBERTAD|PATAZ|SALVEMOS AL PERÚ	55
LA LIBERTAD|PATAZ|UN CAMINO DIFERENTE	377
LA LIBERTAD|PATAZ|UNIDAD NACIONAL	18
LA LIBERTAD|PATAZ|VOTOS EN BLANCO	9422
LA LIBERTAD|PATAZ|VOTOS NULOS	3285
LA LIBERTAD|SANTIAGO DE CHUCO|AHORA NACIÓN - AN	795
LA LIBERTAD|SANTIAGO DE CHUCO|ALIANZA ELECTORAL VENCEREMOS	320
LA LIBERTAD|SANTIAGO DE CHUCO|ALIANZA PARA EL PROGRESO	1058
LA LIBERTAD|SANTIAGO DE CHUCO|AVANZA PAÍS - PARTIDO DE INTEGRACIÓN SOCIAL	55
LA LIBERTAD|SANTIAGO DE CHUCO|FE EN EL PERÚ	28
LA LIBERTAD|SANTIAGO DE CHUCO|FUERZA POPULAR	3954
LA LIBERTAD|SANTIAGO DE CHUCO|FUERZA Y LIBERTAD	18
LA LIBERTAD|SANTIAGO DE CHUCO|JUNTOS POR EL PERÚ	5967
LA LIBERTAD|SANTIAGO DE CHUCO|LIBERTAD POPULAR	18
LA LIBERTAD|SANTIAGO DE CHUCO|PARTIDO APRISTA PERUANO	374
LA LIBERTAD|SANTIAGO DE CHUCO|PARTIDO CÍVICO OBRAS	1498
LA LIBERTAD|SANTIAGO DE CHUCO|PARTIDO DE LOS TRABAJADORES Y EMPRENDEDORES PTE - PERÚ	15
LA LIBERTAD|SANTIAGO DE CHUCO|PARTIDO DEL BUEN GOBIERNO	476
LA LIBERTAD|SANTIAGO DE CHUCO|PARTIDO DEMOCRATICO FEDERAL	17
LA LIBERTAD|SANTIAGO DE CHUCO|PARTIDO DEMOCRÁTICO SOMOS PERÚ	182
LA LIBERTAD|SANTIAGO DE CHUCO|PARTIDO DEMÓCRATA UNIDO PERÚ	129
LA LIBERTAD|SANTIAGO DE CHUCO|PARTIDO DEMÓCRATA VERDE	74
LA LIBERTAD|SANTIAGO DE CHUCO|PARTIDO FRENTE DE LA ESPERANZA 2021	174
LA LIBERTAD|SANTIAGO DE CHUCO|PARTIDO MORADO	42
LA LIBERTAD|SANTIAGO DE CHUCO|PARTIDO PATRIÓTICO DEL PERÚ	153
LA LIBERTAD|SANTIAGO DE CHUCO|PARTIDO PAÍS PARA TODOS	549
LA LIBERTAD|SANTIAGO DE CHUCO|PARTIDO POLÍTICO COOPERACIÓN POPULAR	68
LA LIBERTAD|SANTIAGO DE CHUCO|PARTIDO POLÍTICO INTEGRIDAD DEMOCRÁTICA	34
LA LIBERTAD|SANTIAGO DE CHUCO|PARTIDO POLÍTICO NACIONAL PERÚ LIBRE	226
LA LIBERTAD|SANTIAGO DE CHUCO|PARTIDO POLÍTICO PERÚ ACCIÓN	42
LA LIBERTAD|SANTIAGO DE CHUCO|PARTIDO POLÍTICO PERÚ PRIMERO	295
LA LIBERTAD|SANTIAGO DE CHUCO|PARTIDO POLÍTICO PRIN	9
LA LIBERTAD|SANTIAGO DE CHUCO|PARTIDO SICREO	289
LA LIBERTAD|SANTIAGO DE CHUCO|PERÚ MODERNO	15
LA LIBERTAD|SANTIAGO DE CHUCO|PODEMOS PERÚ	1265
LA LIBERTAD|SANTIAGO DE CHUCO|PRIMERO LA GENTE – COMUNIDAD, ECOLOGÍA, LIBERTAD Y PROGRESO	196
LA LIBERTAD|SANTIAGO DE CHUCO|PROGRESEMOS	46
LA LIBERTAD|SANTIAGO DE CHUCO|RENOVACIÓN POPULAR	357
LA LIBERTAD|SANTIAGO DE CHUCO|SALVEMOS AL PERÚ	27
LA LIBERTAD|SANTIAGO DE CHUCO|UN CAMINO DIFERENTE	870
LA LIBERTAD|SANTIAGO DE CHUCO|UNIDAD NACIONAL	18
LA LIBERTAD|SANTIAGO DE CHUCO|VOTOS EN BLANCO	5946
LA LIBERTAD|SANTIAGO DE CHUCO|VOTOS NULOS	2493
LA LIBERTAD|SÁNCHEZ CARRIÓN|AHORA NACIÓN - AN	1503
LA LIBERTAD|SÁNCHEZ CARRIÓN|ALIANZA ELECTORAL VENCEREMOS	384
LA LIBERTAD|SÁNCHEZ CARRIÓN|ALIANZA PARA EL PROGRESO	1938
LA LIBERTAD|SÁNCHEZ CARRIÓN|AVANZA PAÍS - PARTIDO DE INTEGRACIÓN SOCIAL	47
LA LIBERTAD|SÁNCHEZ CARRIÓN|FE EN EL PERÚ	125
LA LIBERTAD|SÁNCHEZ CARRIÓN|FUERZA POPULAR	13076
LA LIBERTAD|SÁNCHEZ CARRIÓN|FUERZA Y LIBERTAD	65
LA LIBERTAD|SÁNCHEZ CARRIÓN|JUNTOS POR EL PERÚ	19831
LA LIBERTAD|SÁNCHEZ CARRIÓN|LIBERTAD POPULAR	99
LA LIBERTAD|SÁNCHEZ CARRIÓN|PARTIDO APRISTA PERUANO	824
LA LIBERTAD|SÁNCHEZ CARRIÓN|PARTIDO CÍVICO OBRAS	5332
LA LIBERTAD|SÁNCHEZ CARRIÓN|PARTIDO DE LOS TRABAJADORES Y EMPRENDEDORES PTE - PERÚ	35
LA LIBERTAD|SÁNCHEZ CARRIÓN|PARTIDO DEL BUEN GOBIERNO	1589
LA LIBERTAD|SÁNCHEZ CARRIÓN|PARTIDO DEMOCRATICO FEDERAL	77
LA LIBERTAD|SÁNCHEZ CARRIÓN|PARTIDO DEMOCRÁTICO SOMOS PERÚ	356
LA LIBERTAD|SÁNCHEZ CARRIÓN|PARTIDO DEMÓCRATA UNIDO PERÚ	387
LA LIBERTAD|SÁNCHEZ CARRIÓN|PARTIDO DEMÓCRATA VERDE	248
LA LIBERTAD|SÁNCHEZ CARRIÓN|PARTIDO FRENTE DE LA ESPERANZA 2021	553
LA LIBERTAD|SÁNCHEZ CARRIÓN|PARTIDO MORADO	117
LA LIBERTAD|SÁNCHEZ CARRIÓN|PARTIDO PATRIÓTICO DEL PERÚ	552
LA LIBERTAD|SÁNCHEZ CARRIÓN|PARTIDO PAÍS PARA TODOS	1306
LA LIBERTAD|SÁNCHEZ CARRIÓN|PARTIDO POLÍTICO COOPERACIÓN POPULAR	165
LA LIBERTAD|SÁNCHEZ CARRIÓN|PARTIDO POLÍTICO INTEGRIDAD DEMOCRÁTICA	129
LA LIBERTAD|SÁNCHEZ CARRIÓN|PARTIDO POLÍTICO NACIONAL PERÚ LIBRE	538
LA LIBERTAD|SÁNCHEZ CARRIÓN|PARTIDO POLÍTICO PERÚ ACCIÓN	109
LA LIBERTAD|SÁNCHEZ CARRIÓN|PARTIDO POLÍTICO PERÚ PRIMERO	415
LA LIBERTAD|SÁNCHEZ CARRIÓN|PARTIDO POLÍTICO PRIN	52
LA LIBERTAD|SÁNCHEZ CARRIÓN|PARTIDO SICREO	1011
LA LIBERTAD|SÁNCHEZ CARRIÓN|PERÚ MODERNO	25
LA LIBERTAD|SÁNCHEZ CARRIÓN|PODEMOS PERÚ	1732
LA LIBERTAD|SÁNCHEZ CARRIÓN|PRIMERO LA GENTE – COMUNIDAD, ECOLOGÍA, LIBERTAD Y PROGRESO	552
LA LIBERTAD|SÁNCHEZ CARRIÓN|PROGRESEMOS	155
LA LIBERTAD|SÁNCHEZ CARRIÓN|RENOVACIÓN POPULAR	1129
LA LIBERTAD|SÁNCHEZ CARRIÓN|SALVEMOS AL PERÚ	124
LA LIBERTAD|SÁNCHEZ CARRIÓN|UN CAMINO DIFERENTE	1574
LA LIBERTAD|SÁNCHEZ CARRIÓN|UNIDAD NACIONAL	32
LA LIBERTAD|SÁNCHEZ CARRIÓN|VOTOS EN BLANCO	17705
LA LIBERTAD|SÁNCHEZ CARRIÓN|VOTOS NULOS	8118
LA LIBERTAD|TRUJILLO|AHORA NACIÓN - AN	27013
LA LIBERTAD|TRUJILLO|ALIANZA ELECTORAL VENCEREMOS	2115
LA LIBERTAD|TRUJILLO|ALIANZA PARA EL PROGRESO	16023
LA LIBERTAD|TRUJILLO|AVANZA PAÍS - PARTIDO DE INTEGRACIÓN SOCIAL	1408
LA LIBERTAD|TRUJILLO|FE EN EL PERÚ	693
LA LIBERTAD|TRUJILLO|FUERZA POPULAR	104101
LA LIBERTAD|TRUJILLO|FUERZA Y LIBERTAD	792
LA LIBERTAD|TRUJILLO|JUNTOS POR EL PERÚ	17124
LA LIBERTAD|TRUJILLO|LIBERTAD POPULAR	1160
LA LIBERTAD|TRUJILLO|PARTIDO APRISTA PERUANO	18358
LA LIBERTAD|TRUJILLO|PARTIDO CÍVICO OBRAS	34270
LA LIBERTAD|TRUJILLO|PARTIDO DE LOS TRABAJADORES Y EMPRENDEDORES PTE - PERÚ	279
LA LIBERTAD|TRUJILLO|PARTIDO DEL BUEN GOBIERNO	71954
LA LIBERTAD|TRUJILLO|PARTIDO DEMOCRATICO FEDERAL	526
LA LIBERTAD|TRUJILLO|PARTIDO DEMOCRÁTICO SOMOS PERÚ	2876
LA LIBERTAD|TRUJILLO|PARTIDO DEMÓCRATA UNIDO PERÚ	1829
LA LIBERTAD|TRUJILLO|PARTIDO DEMÓCRATA VERDE	1474
LA LIBERTAD|TRUJILLO|PARTIDO FRENTE DE LA ESPERANZA 2021	9912
LA LIBERTAD|TRUJILLO|PARTIDO MORADO	2832
LA LIBERTAD|TRUJILLO|PARTIDO PATRIÓTICO DEL PERÚ	4546
LA LIBERTAD|TRUJILLO|PARTIDO PAÍS PARA TODOS	51280
LA LIBERTAD|TRUJILLO|PARTIDO POLÍTICO COOPERACIÓN POPULAR	1855
LA LIBERTAD|TRUJILLO|PARTIDO POLÍTICO INTEGRIDAD DEMOCRÁTICA	2520
LA LIBERTAD|TRUJILLO|PARTIDO POLÍTICO NACIONAL PERÚ LIBRE	1881
LA LIBERTAD|TRUJILLO|PARTIDO POLÍTICO PERÚ ACCIÓN	924
LA LIBERTAD|TRUJILLO|PARTIDO POLÍTICO PERÚ PRIMERO	3847
LA LIBERTAD|TRUJILLO|PARTIDO POLÍTICO PRIN	441
LA LIBERTAD|TRUJILLO|PARTIDO SICREO	25502
LA LIBERTAD|TRUJILLO|PERÚ MODERNO	222
LA LIBERTAD|TRUJILLO|PODEMOS PERÚ	7725
LA LIBERTAD|TRUJILLO|PRIMERO LA GENTE – COMUNIDAD, ECOLOGÍA, LIBERTAD Y PROGRESO	23360
LA LIBERTAD|TRUJILLO|PROGRESEMOS	1403
LA LIBERTAD|TRUJILLO|RENOVACIÓN POPULAR	62005
LA LIBERTAD|TRUJILLO|SALVEMOS AL PERÚ	274
LA LIBERTAD|TRUJILLO|UN CAMINO DIFERENTE	62400
LA LIBERTAD|TRUJILLO|UNIDAD NACIONAL	1981
LA LIBERTAD|TRUJILLO|VOTOS EN BLANCO	65375
LA LIBERTAD|TRUJILLO|VOTOS NULOS	32709
LA LIBERTAD|VIRÚ|AHORA NACIÓN - AN	1089
LA LIBERTAD|VIRÚ|ALIANZA ELECTORAL VENCEREMOS	420
LA LIBERTAD|VIRÚ|ALIANZA PARA EL PROGRESO	1441
LA LIBERTAD|VIRÚ|AVANZA PAÍS - PARTIDO DE INTEGRACIÓN SOCIAL	52
LA LIBERTAD|VIRÚ|FE EN EL PERÚ	70
LA LIBERTAD|VIRÚ|FUERZA POPULAR	8585
LA LIBERTAD|VIRÚ|FUERZA Y LIBERTAD	47
LA LIBERTAD|VIRÚ|JUNTOS POR EL PERÚ	8569
LA LIBERTAD|VIRÚ|LIBERTAD POPULAR	75
LA LIBERTAD|VIRÚ|PARTIDO APRISTA PERUANO	1189
LA LIBERTAD|VIRÚ|PARTIDO CÍVICO OBRAS	6187
LA LIBERTAD|VIRÚ|PARTIDO DE LOS TRABAJADORES Y EMPRENDEDORES PTE - PERÚ	34
LA LIBERTAD|VIRÚ|PARTIDO DEL BUEN GOBIERNO	2690
LA LIBERTAD|VIRÚ|PARTIDO DEMOCRATICO FEDERAL	50
LA LIBERTAD|VIRÚ|PARTIDO DEMOCRÁTICO SOMOS PERÚ	234
LA LIBERTAD|VIRÚ|PARTIDO DEMÓCRATA UNIDO PERÚ	464
LA LIBERTAD|VIRÚ|PARTIDO DEMÓCRATA VERDE	205
LA LIBERTAD|VIRÚ|PARTIDO FRENTE DE LA ESPERANZA 2021	792
LA LIBERTAD|VIRÚ|PARTIDO MORADO	107
LA LIBERTAD|VIRÚ|PARTIDO PATRIÓTICO DEL PERÚ	633
LA LIBERTAD|VIRÚ|PARTIDO PAÍS PARA TODOS	3152
LA LIBERTAD|VIRÚ|PARTIDO POLÍTICO COOPERACIÓN POPULAR	114
LA LIBERTAD|VIRÚ|PARTIDO POLÍTICO INTEGRIDAD DEMOCRÁTICA	169
LA LIBERTAD|VIRÚ|PARTIDO POLÍTICO NACIONAL PERÚ LIBRE	377
LA LIBERTAD|VIRÚ|PARTIDO POLÍTICO PERÚ ACCIÓN	125
LA LIBERTAD|VIRÚ|PARTIDO POLÍTICO PERÚ PRIMERO	518
LA LIBERTAD|VIRÚ|PARTIDO POLÍTICO PRIN	16
LA LIBERTAD|VIRÚ|PARTIDO SICREO	1920
LA LIBERTAD|VIRÚ|PERÚ MODERNO	14
LA LIBERTAD|VIRÚ|PODEMOS PERÚ	1623
LA LIBERTAD|VIRÚ|PRIMERO LA GENTE – COMUNIDAD, ECOLOGÍA, LIBERTAD Y PROGRESO	933
LA LIBERTAD|VIRÚ|PROGRESEMOS	162
LA LIBERTAD|VIRÚ|RENOVACIÓN POPULAR	1711
LA LIBERTAD|VIRÚ|SALVEMOS AL PERÚ	44
LA LIBERTAD|VIRÚ|UN CAMINO DIFERENTE	6835
LA LIBERTAD|VIRÚ|UNIDAD NACIONAL	88
LA LIBERTAD|VIRÚ|VOTOS EN BLANCO	11840
LA LIBERTAD|VIRÚ|VOTOS NULOS	4512
LAMBAYEQUE|CHICLAYO|AHORA NACIÓN - AN	22318
LAMBAYEQUE|CHICLAYO|ALIANZA ELECTORAL VENCEREMOS	2543
LAMBAYEQUE|CHICLAYO|ALIANZA PARA EL PROGRESO	9261
LAMBAYEQUE|CHICLAYO|AVANZA PAÍS - PARTIDO DE INTEGRACIÓN SOCIAL	981
LAMBAYEQUE|CHICLAYO|FE EN EL PERÚ	464
LAMBAYEQUE|CHICLAYO|FUERZA POPULAR	111748
LAMBAYEQUE|CHICLAYO|FUERZA Y LIBERTAD	543
LAMBAYEQUE|CHICLAYO|JUNTOS POR EL PERÚ	36925
LAMBAYEQUE|CHICLAYO|LIBERTAD POPULAR	904
LAMBAYEQUE|CHICLAYO|PARTIDO APRISTA PERUANO	8702
LAMBAYEQUE|CHICLAYO|PARTIDO CÍVICO OBRAS	32225
LAMBAYEQUE|CHICLAYO|PARTIDO DE LOS TRABAJADORES Y EMPRENDEDORES PTE - PERÚ	299
LAMBAYEQUE|CHICLAYO|PARTIDO DEL BUEN GOBIERNO	55284
LAMBAYEQUE|CHICLAYO|PARTIDO DEMOCRATICO FEDERAL	717
LAMBAYEQUE|CHICLAYO|PARTIDO DEMOCRÁTICO SOMOS PERÚ	4163
LAMBAYEQUE|CHICLAYO|PARTIDO DEMÓCRATA UNIDO PERÚ	1332
LAMBAYEQUE|CHICLAYO|PARTIDO DEMÓCRATA VERDE	1442
LAMBAYEQUE|CHICLAYO|PARTIDO FRENTE DE LA ESPERANZA 2021	7171
LAMBAYEQUE|CHICLAYO|PARTIDO MORADO	2956
LAMBAYEQUE|CHICLAYO|PARTIDO PATRIÓTICO DEL PERÚ	4377
LAMBAYEQUE|CHICLAYO|PARTIDO PAÍS PARA TODOS	47907
LAMBAYEQUE|CHICLAYO|PARTIDO POLÍTICO COOPERACIÓN POPULAR	2733
LAMBAYEQUE|CHICLAYO|PARTIDO POLÍTICO INTEGRIDAD DEMOCRÁTICA	2437
LAMBAYEQUE|CHICLAYO|PARTIDO POLÍTICO NACIONAL PERÚ LIBRE	2077
LAMBAYEQUE|CHICLAYO|PARTIDO POLÍTICO PERÚ ACCIÓN	733
LAMBAYEQUE|CHICLAYO|PARTIDO POLÍTICO PERÚ PRIMERO	6630
LAMBAYEQUE|CHICLAYO|PARTIDO POLÍTICO PRIN	220
LAMBAYEQUE|CHICLAYO|PARTIDO SICREO	15888
LAMBAYEQUE|CHICLAYO|PERÚ MODERNO	289
LAMBAYEQUE|CHICLAYO|PODEMOS PERÚ	5174
LAMBAYEQUE|CHICLAYO|PRIMERO LA GENTE – COMUNIDAD, ECOLOGÍA, LIBERTAD Y PROGRESO	16884
LAMBAYEQUE|CHICLAYO|PROGRESEMOS	1155
LAMBAYEQUE|CHICLAYO|RENOVACIÓN POPULAR	48861
LAMBAYEQUE|CHICLAYO|SALVEMOS AL PERÚ	372
LAMBAYEQUE|CHICLAYO|UN CAMINO DIFERENTE	2426
LAMBAYEQUE|CHICLAYO|UNIDAD NACIONAL	2147
LAMBAYEQUE|CHICLAYO|VOTOS EN BLANCO	57123
LAMBAYEQUE|CHICLAYO|VOTOS NULOS	33413
LAMBAYEQUE|FERREÑAFE|AHORA NACIÓN - AN	1908
LAMBAYEQUE|FERREÑAFE|ALIANZA ELECTORAL VENCEREMOS	189
LAMBAYEQUE|FERREÑAFE|ALIANZA PARA EL PROGRESO	1598
LAMBAYEQUE|FERREÑAFE|AVANZA PAÍS - PARTIDO DE INTEGRACIÓN SOCIAL	69
LAMBAYEQUE|FERREÑAFE|FE EN EL PERÚ	77
LAMBAYEQUE|FERREÑAFE|FUERZA POPULAR	12209
LAMBAYEQUE|FERREÑAFE|FUERZA Y LIBERTAD	65
LAMBAYEQUE|FERREÑAFE|JUNTOS POR EL PERÚ	10579
LAMBAYEQUE|FERREÑAFE|LIBERTAD POPULAR	87
LAMBAYEQUE|FERREÑAFE|PARTIDO APRISTA PERUANO	1391
LAMBAYEQUE|FERREÑAFE|PARTIDO CÍVICO OBRAS	3332
LAMBAYEQUE|FERREÑAFE|PARTIDO DE LOS TRABAJADORES Y EMPRENDEDORES PTE - PERÚ	18
LAMBAYEQUE|FERREÑAFE|PARTIDO DEL BUEN GOBIERNO	3104
LAMBAYEQUE|FERREÑAFE|PARTIDO DEMOCRATICO FEDERAL	58
LAMBAYEQUE|FERREÑAFE|PARTIDO DEMOCRÁTICO SOMOS PERÚ	938
LAMBAYEQUE|FERREÑAFE|PARTIDO DEMÓCRATA UNIDO PERÚ	188
LAMBAYEQUE|FERREÑAFE|PARTIDO DEMÓCRATA VERDE	136
LAMBAYEQUE|FERREÑAFE|PARTIDO FRENTE DE LA ESPERANZA 2021	561
LAMBAYEQUE|FERREÑAFE|PARTIDO MORADO	184
LAMBAYEQUE|FERREÑAFE|PARTIDO PATRIÓTICO DEL PERÚ	515
LAMBAYEQUE|FERREÑAFE|PARTIDO PAÍS PARA TODOS	3126
LAMBAYEQUE|FERREÑAFE|PARTIDO POLÍTICO COOPERACIÓN POPULAR	262
LAMBAYEQUE|FERREÑAFE|PARTIDO POLÍTICO INTEGRIDAD DEMOCRÁTICA	144
LAMBAYEQUE|FERREÑAFE|PARTIDO POLÍTICO NACIONAL PERÚ LIBRE	328
LAMBAYEQUE|FERREÑAFE|PARTIDO POLÍTICO PERÚ ACCIÓN	84
LAMBAYEQUE|FERREÑAFE|PARTIDO POLÍTICO PERÚ PRIMERO	875
LAMBAYEQUE|FERREÑAFE|PARTIDO POLÍTICO PRIN	48
LAMBAYEQUE|FERREÑAFE|PARTIDO SICREO	1028
LAMBAYEQUE|FERREÑAFE|PERÚ MODERNO	124
LAMBAYEQUE|FERREÑAFE|PODEMOS PERÚ	682
LAMBAYEQUE|FERREÑAFE|PRIMERO LA GENTE – COMUNIDAD, ECOLOGÍA, LIBERTAD Y PROGRESO	905
LAMBAYEQUE|FERREÑAFE|PROGRESEMOS	107
LAMBAYEQUE|FERREÑAFE|RENOVACIÓN POPULAR	2325
LAMBAYEQUE|FERREÑAFE|SALVEMOS AL PERÚ	80
LAMBAYEQUE|FERREÑAFE|UN CAMINO DIFERENTE	148
LAMBAYEQUE|FERREÑAFE|UNIDAD NACIONAL	137
LAMBAYEQUE|FERREÑAFE|VOTOS EN BLANCO	10044
LAMBAYEQUE|FERREÑAFE|VOTOS NULOS	3706
LAMBAYEQUE|LAMBAYEQUE|AHORA NACIÓN - AN	5569
LAMBAYEQUE|LAMBAYEQUE|ALIANZA ELECTORAL VENCEREMOS	641
LAMBAYEQUE|LAMBAYEQUE|ALIANZA PARA EL PROGRESO	3680
LAMBAYEQUE|LAMBAYEQUE|AVANZA PAÍS - PARTIDO DE INTEGRACIÓN SOCIAL	599
LAMBAYEQUE|LAMBAYEQUE|FE EN EL PERÚ	267
LAMBAYEQUE|LAMBAYEQUE|FUERZA POPULAR	52146
LAMBAYEQUE|LAMBAYEQUE|FUERZA Y LIBERTAD	145
LAMBAYEQUE|LAMBAYEQUE|JUNTOS POR EL PERÚ	24140
LAMBAYEQUE|LAMBAYEQUE|LIBERTAD POPULAR	217
LAMBAYEQUE|LAMBAYEQUE|PARTIDO APRISTA PERUANO	5327
LAMBAYEQUE|LAMBAYEQUE|PARTIDO CÍVICO OBRAS	14506
LAMBAYEQUE|LAMBAYEQUE|PARTIDO DE LOS TRABAJADORES Y EMPRENDEDORES PTE - PERÚ	81
LAMBAYEQUE|LAMBAYEQUE|PARTIDO DEL BUEN GOBIERNO	10519
LAMBAYEQUE|LAMBAYEQUE|PARTIDO DEMOCRATICO FEDERAL	186
LAMBAYEQUE|LAMBAYEQUE|PARTIDO DEMOCRÁTICO SOMOS PERÚ	1667
LAMBAYEQUE|LAMBAYEQUE|PARTIDO DEMÓCRATA UNIDO PERÚ	442
LAMBAYEQUE|LAMBAYEQUE|PARTIDO DEMÓCRATA VERDE	614
LAMBAYEQUE|LAMBAYEQUE|PARTIDO FRENTE DE LA ESPERANZA 2021	2507
LAMBAYEQUE|LAMBAYEQUE|PARTIDO MORADO	816
LAMBAYEQUE|LAMBAYEQUE|PARTIDO PATRIÓTICO DEL PERÚ	1822
LAMBAYEQUE|LAMBAYEQUE|PARTIDO PAÍS PARA TODOS	10625
LAMBAYEQUE|LAMBAYEQUE|PARTIDO POLÍTICO COOPERACIÓN POPULAR	885
LAMBAYEQUE|LAMBAYEQUE|PARTIDO POLÍTICO INTEGRIDAD DEMOCRÁTICA	501
LAMBAYEQUE|LAMBAYEQUE|PARTIDO POLÍTICO NACIONAL PERÚ LIBRE	719
LAMBAYEQUE|LAMBAYEQUE|PARTIDO POLÍTICO PERÚ ACCIÓN	301
LAMBAYEQUE|LAMBAYEQUE|PARTIDO POLÍTICO PERÚ PRIMERO	1814
LAMBAYEQUE|LAMBAYEQUE|PARTIDO POLÍTICO PRIN	93
LAMBAYEQUE|LAMBAYEQUE|PARTIDO SICREO	3286
LAMBAYEQUE|LAMBAYEQUE|PERÚ MODERNO	67
LAMBAYEQUE|LAMBAYEQUE|PODEMOS PERÚ	3743
LAMBAYEQUE|LAMBAYEQUE|PRIMERO LA GENTE – COMUNIDAD, ECOLOGÍA, LIBERTAD Y PROGRESO	3054
LAMBAYEQUE|LAMBAYEQUE|PROGRESEMOS	273
LAMBAYEQUE|LAMBAYEQUE|RENOVACIÓN POPULAR	6119
LAMBAYEQUE|LAMBAYEQUE|SALVEMOS AL PERÚ	189
LAMBAYEQUE|LAMBAYEQUE|UN CAMINO DIFERENTE	894
LAMBAYEQUE|LAMBAYEQUE|UNIDAD NACIONAL	862
LAMBAYEQUE|LAMBAYEQUE|VOTOS EN BLANCO	33237
LAMBAYEQUE|LAMBAYEQUE|VOTOS NULOS	13127
LIMA|BARRANCA|AHORA NACIÓN - AN	4735
LIMA|BARRANCA|ALIANZA ELECTORAL VENCEREMOS	495
LIMA|BARRANCA|ALIANZA PARA EL PROGRESO	934
LIMA|BARRANCA|AVANZA PAÍS - PARTIDO DE INTEGRACIÓN SOCIAL	125
LIMA|BARRANCA|FE EN EL PERÚ	116
LIMA|BARRANCA|FUERZA POPULAR	19875
LIMA|BARRANCA|FUERZA Y LIBERTAD	80
LIMA|BARRANCA|JUNTOS POR EL PERÚ	5681
LIMA|BARRANCA|LIBERTAD POPULAR	144
LIMA|BARRANCA|PARTIDO APRISTA PERUANO	741
LIMA|BARRANCA|PARTIDO CÍVICO OBRAS	8529
LIMA|BARRANCA|PARTIDO DE LOS TRABAJADORES Y EMPRENDEDORES PTE - PERÚ	60
LIMA|BARRANCA|PARTIDO DEL BUEN GOBIERNO	7206
LIMA|BARRANCA|PARTIDO DEMOCRATICO FEDERAL	182
LIMA|BARRANCA|PARTIDO DEMOCRÁTICO SOMOS PERÚ	507
LIMA|BARRANCA|PARTIDO DEMÓCRATA UNIDO PERÚ	551
LIMA|BARRANCA|PARTIDO DEMÓCRATA VERDE	613
LIMA|BARRANCA|PARTIDO FRENTE DE LA ESPERANZA 2021	1101
LIMA|BARRANCA|PARTIDO MORADO	325
LIMA|BARRANCA|PARTIDO PATRIÓTICO DEL PERÚ	662
LIMA|BARRANCA|PARTIDO PAÍS PARA TODOS	7765
LIMA|BARRANCA|PARTIDO POLÍTICO COOPERACIÓN POPULAR	459
LIMA|BARRANCA|PARTIDO POLÍTICO INTEGRIDAD DEMOCRÁTICA	288
LIMA|BARRANCA|PARTIDO POLÍTICO NACIONAL PERÚ LIBRE	467
LIMA|BARRANCA|PARTIDO POLÍTICO PERÚ ACCIÓN	182
LIMA|BARRANCA|PARTIDO POLÍTICO PERÚ PRIMERO	678
LIMA|BARRANCA|PARTIDO POLÍTICO PRIN	96
LIMA|BARRANCA|PARTIDO SICREO	2986
LIMA|BARRANCA|PERÚ MODERNO	49
LIMA|BARRANCA|PODEMOS PERÚ	1615
LIMA|BARRANCA|PRIMERO LA GENTE – COMUNIDAD, ECOLOGÍA, LIBERTAD Y PROGRESO	1983
LIMA|BARRANCA|PROGRESEMOS	329
LIMA|BARRANCA|RENOVACIÓN POPULAR	6272
LIMA|BARRANCA|SALVEMOS AL PERÚ	92
LIMA|BARRANCA|UN CAMINO DIFERENTE	380
LIMA|BARRANCA|UNIDAD NACIONAL	210
LIMA|BARRANCA|VOTOS EN BLANCO	13233
LIMA|BARRANCA|VOTOS NULOS	5174
LIMA|CAJATAMBO|AHORA NACIÓN - AN	196
LIMA|CAJATAMBO|ALIANZA ELECTORAL VENCEREMOS	27
LIMA|CAJATAMBO|ALIANZA PARA EL PROGRESO	51
LIMA|CAJATAMBO|AVANZA PAÍS - PARTIDO DE INTEGRACIÓN SOCIAL	1
LIMA|CAJATAMBO|FE EN EL PERÚ	10
LIMA|CAJATAMBO|FUERZA POPULAR	920
LIMA|CAJATAMBO|FUERZA Y LIBERTAD	6
LIMA|CAJATAMBO|JUNTOS POR EL PERÚ	304
LIMA|CAJATAMBO|LIBERTAD POPULAR	3
LIMA|CAJATAMBO|PARTIDO APRISTA PERUANO	12
LIMA|CAJATAMBO|PARTIDO CÍVICO OBRAS	256
LIMA|CAJATAMBO|PARTIDO DE LOS TRABAJADORES Y EMPRENDEDORES PTE - PERÚ	8
LIMA|CAJATAMBO|PARTIDO DEL BUEN GOBIERNO	86
LIMA|CAJATAMBO|PARTIDO DEMOCRATICO FEDERAL	5
LIMA|CAJATAMBO|PARTIDO DEMOCRÁTICO SOMOS PERÚ	15
LIMA|CAJATAMBO|PARTIDO DEMÓCRATA UNIDO PERÚ	29
LIMA|CAJATAMBO|PARTIDO DEMÓCRATA VERDE	10
LIMA|CAJATAMBO|PARTIDO FRENTE DE LA ESPERANZA 2021	33
LIMA|CAJATAMBO|PARTIDO MORADO	56
LIMA|CAJATAMBO|PARTIDO PATRIÓTICO DEL PERÚ	23
LIMA|CAJATAMBO|PARTIDO PAÍS PARA TODOS	105
LIMA|CAJATAMBO|PARTIDO POLÍTICO COOPERACIÓN POPULAR	14
LIMA|CAJATAMBO|PARTIDO POLÍTICO INTEGRIDAD DEMOCRÁTICA	7
LIMA|CAJATAMBO|PARTIDO POLÍTICO NACIONAL PERÚ LIBRE	21
LIMA|CAJATAMBO|PARTIDO POLÍTICO PERÚ ACCIÓN	8
LIMA|CAJATAMBO|PARTIDO POLÍTICO PERÚ PRIMERO	11
LIMA|CAJATAMBO|PARTIDO POLÍTICO PRIN	2
LIMA|CAJATAMBO|PARTIDO SICREO	32
LIMA|CAJATAMBO|PERÚ MODERNO	0
LIMA|CAJATAMBO|PODEMOS PERÚ	48
LIMA|CAJATAMBO|PRIMERO LA GENTE – COMUNIDAD, ECOLOGÍA, LIBERTAD Y PROGRESO	55
LIMA|CAJATAMBO|PROGRESEMOS	5
LIMA|CAJATAMBO|RENOVACIÓN POPULAR	136
LIMA|CAJATAMBO|SALVEMOS AL PERÚ	7
LIMA|CAJATAMBO|UN CAMINO DIFERENTE	12
LIMA|CAJATAMBO|UNIDAD NACIONAL	4
LIMA|CAJATAMBO|VOTOS EN BLANCO	653
LIMA|CAJATAMBO|VOTOS NULOS	257
LIMA|CANTA|AHORA NACIÓN - AN	906
LIMA|CANTA|ALIANZA ELECTORAL VENCEREMOS	85
LIMA|CANTA|ALIANZA PARA EL PROGRESO	83
LIMA|CANTA|AVANZA PAÍS - PARTIDO DE INTEGRACIÓN SOCIAL	4
LIMA|CANTA|FE EN EL PERÚ	9
LIMA|CANTA|FUERZA POPULAR	2144
LIMA|CANTA|FUERZA Y LIBERTAD	7
LIMA|CANTA|JUNTOS POR EL PERÚ	918
LIMA|CANTA|LIBERTAD POPULAR	10
LIMA|CANTA|PARTIDO APRISTA PERUANO	74
LIMA|CANTA|PARTIDO CÍVICO OBRAS	987
LIMA|CANTA|PARTIDO DE LOS TRABAJADORES Y EMPRENDEDORES PTE - PERÚ	4
LIMA|CANTA|PARTIDO DEL BUEN GOBIERNO	516
LIMA|CANTA|PARTIDO DEMOCRATICO FEDERAL	11
LIMA|CANTA|PARTIDO DEMOCRÁTICO SOMOS PERÚ	70
LIMA|CANTA|PARTIDO DEMÓCRATA UNIDO PERÚ	46
LIMA|CANTA|PARTIDO DEMÓCRATA VERDE	28
LIMA|CANTA|PARTIDO FRENTE DE LA ESPERANZA 2021	91
LIMA|CANTA|PARTIDO MORADO	34
LIMA|CANTA|PARTIDO PATRIÓTICO DEL PERÚ	81
LIMA|CANTA|PARTIDO PAÍS PARA TODOS	495
LIMA|CANTA|PARTIDO POLÍTICO COOPERACIÓN POPULAR	55
LIMA|CANTA|PARTIDO POLÍTICO INTEGRIDAD DEMOCRÁTICA	20
LIMA|CANTA|PARTIDO POLÍTICO NACIONAL PERÚ LIBRE	50
LIMA|CANTA|PARTIDO POLÍTICO PERÚ ACCIÓN	29
LIMA|CANTA|PARTIDO POLÍTICO PERÚ PRIMERO	37
LIMA|CANTA|PARTIDO POLÍTICO PRIN	7
LIMA|CANTA|PARTIDO SICREO	207
LIMA|CANTA|PERÚ MODERNO	3
LIMA|CANTA|PODEMOS PERÚ	112
LIMA|CANTA|PRIMERO LA GENTE – COMUNIDAD, ECOLOGÍA, LIBERTAD Y PROGRESO	144
LIMA|CANTA|PROGRESEMOS	27
LIMA|CANTA|RENOVACIÓN POPULAR	511
LIMA|CANTA|SALVEMOS AL PERÚ	4
LIMA|CANTA|UN CAMINO DIFERENTE	20
LIMA|CANTA|UNIDAD NACIONAL	13
LIMA|CANTA|VOTOS EN BLANCO	1642
LIMA|CANTA|VOTOS NULOS	557
LIMA|CAÑETE|AHORA NACIÓN - AN	8122
LIMA|CAÑETE|ALIANZA ELECTORAL VENCEREMOS	570
LIMA|CAÑETE|ALIANZA PARA EL PROGRESO	1332
LIMA|CAÑETE|AVANZA PAÍS - PARTIDO DE INTEGRACIÓN SOCIAL	233
LIMA|CAÑETE|FE EN EL PERÚ	215
LIMA|CAÑETE|FUERZA POPULAR	31702
LIMA|CAÑETE|FUERZA Y LIBERTAD	187
LIMA|CAÑETE|JUNTOS POR EL PERÚ	8869
LIMA|CAÑETE|LIBERTAD POPULAR	327
LIMA|CAÑETE|PARTIDO APRISTA PERUANO	992
LIMA|CAÑETE|PARTIDO CÍVICO OBRAS	13705
LIMA|CAÑETE|PARTIDO DE LOS TRABAJADORES Y EMPRENDEDORES PTE - PERÚ	100
LIMA|CAÑETE|PARTIDO DEL BUEN GOBIERNO	12662
LIMA|CAÑETE|PARTIDO DEMOCRATICO FEDERAL	258
LIMA|CAÑETE|PARTIDO DEMOCRÁTICO SOMOS PERÚ	1284
LIMA|CAÑETE|PARTIDO DEMÓCRATA UNIDO PERÚ	1036
LIMA|CAÑETE|PARTIDO DEMÓCRATA VERDE	520
LIMA|CAÑETE|PARTIDO FRENTE DE LA ESPERANZA 2021	3014
LIMA|CAÑETE|PARTIDO MORADO	663
LIMA|CAÑETE|PARTIDO PATRIÓTICO DEL PERÚ	1001
LIMA|CAÑETE|PARTIDO PAÍS PARA TODOS	16807
LIMA|CAÑETE|PARTIDO POLÍTICO COOPERACIÓN POPULAR	841
LIMA|CAÑETE|PARTIDO POLÍTICO INTEGRIDAD DEMOCRÁTICA	640
LIMA|CAÑETE|PARTIDO POLÍTICO NACIONAL PERÚ LIBRE	845
LIMA|CAÑETE|PARTIDO POLÍTICO PERÚ ACCIÓN	263
LIMA|CAÑETE|PARTIDO POLÍTICO PERÚ PRIMERO	1977
LIMA|CAÑETE|PARTIDO POLÍTICO PRIN	140
LIMA|CAÑETE|PARTIDO SICREO	5364
LIMA|CAÑETE|PERÚ MODERNO	83
LIMA|CAÑETE|PODEMOS PERÚ	3283
LIMA|CAÑETE|PRIMERO LA GENTE – COMUNIDAD, ECOLOGÍA, LIBERTAD Y PROGRESO	4036
LIMA|CAÑETE|PROGRESEMOS	826
LIMA|CAÑETE|RENOVACIÓN POPULAR	11767
LIMA|CAÑETE|SALVEMOS AL PERÚ	169
LIMA|CAÑETE|UN CAMINO DIFERENTE	354
LIMA|CAÑETE|UNIDAD NACIONAL	455
LIMA|CAÑETE|VOTOS EN BLANCO	20064
LIMA|CAÑETE|VOTOS NULOS	7701
LIMA|HUARAL|AHORA NACIÓN - AN	5115
LIMA|HUARAL|ALIANZA ELECTORAL VENCEREMOS	554
LIMA|HUARAL|ALIANZA PARA EL PROGRESO	854
LIMA|HUARAL|AVANZA PAÍS - PARTIDO DE INTEGRACIÓN SOCIAL	133
LIMA|HUARAL|FE EN EL PERÚ	137
LIMA|HUARAL|FUERZA POPULAR	27117
LIMA|HUARAL|FUERZA Y LIBERTAD	155
LIMA|HUARAL|JUNTOS POR EL PERÚ	10183
LIMA|HUARAL|LIBERTAD POPULAR	270
LIMA|HUARAL|PARTIDO APRISTA PERUANO	696
LIMA|HUARAL|PARTIDO CÍVICO OBRAS	10814
LIMA|HUARAL|PARTIDO DE LOS TRABAJADORES Y EMPRENDEDORES PTE - PERÚ	75
LIMA|HUARAL|PARTIDO DEL BUEN GOBIERNO	10735
LIMA|HUARAL|PARTIDO DEMOCRATICO FEDERAL	270
LIMA|HUARAL|PARTIDO DEMOCRÁTICO SOMOS PERÚ	1031
LIMA|HUARAL|PARTIDO DEMÓCRATA UNIDO PERÚ	614
LIMA|HUARAL|PARTIDO DEMÓCRATA VERDE	501
LIMA|HUARAL|PARTIDO FRENTE DE LA ESPERANZA 2021	1711
LIMA|HUARAL|PARTIDO MORADO	449
LIMA|HUARAL|PARTIDO PATRIÓTICO DEL PERÚ	983
LIMA|HUARAL|PARTIDO PAÍS PARA TODOS	11034
LIMA|HUARAL|PARTIDO POLÍTICO COOPERACIÓN POPULAR	542
LIMA|HUARAL|PARTIDO POLÍTICO INTEGRIDAD DEMOCRÁTICA	426
LIMA|HUARAL|PARTIDO POLÍTICO NACIONAL PERÚ LIBRE	620
LIMA|HUARAL|PARTIDO POLÍTICO PERÚ ACCIÓN	214
LIMA|HUARAL|PARTIDO POLÍTICO PERÚ PRIMERO	786
LIMA|HUARAL|PARTIDO POLÍTICO PRIN	173
LIMA|HUARAL|PARTIDO SICREO	3901
LIMA|HUARAL|PERÚ MODERNO	75
LIMA|HUARAL|PODEMOS PERÚ	2057
LIMA|HUARAL|PRIMERO LA GENTE – COMUNIDAD, ECOLOGÍA, LIBERTAD Y PROGRESO	2998
LIMA|HUARAL|PROGRESEMOS	532
LIMA|HUARAL|RENOVACIÓN POPULAR	9146
LIMA|HUARAL|SALVEMOS AL PERÚ	140
LIMA|HUARAL|UN CAMINO DIFERENTE	368
LIMA|HUARAL|UNIDAD NACIONAL	388
LIMA|HUARAL|VOTOS EN BLANCO	16841
LIMA|HUARAL|VOTOS NULOS	7767
LIMA|HUAROCHIRÍ|AHORA NACIÓN - AN	4397
LIMA|HUAROCHIRÍ|ALIANZA ELECTORAL VENCEREMOS	442
LIMA|HUAROCHIRÍ|ALIANZA PARA EL PROGRESO	728
LIMA|HUAROCHIRÍ|AVANZA PAÍS - PARTIDO DE INTEGRACIÓN SOCIAL	62
LIMA|HUAROCHIRÍ|FE EN EL PERÚ	183
LIMA|HUAROCHIRÍ|FUERZA POPULAR	13512
LIMA|HUAROCHIRÍ|FUERZA Y LIBERTAD	80
LIMA|HUAROCHIRÍ|JUNTOS POR EL PERÚ	5484
LIMA|HUAROCHIRÍ|LIBERTAD POPULAR	141
LIMA|HUAROCHIRÍ|PARTIDO APRISTA PERUANO	378
LIMA|HUAROCHIRÍ|PARTIDO CÍVICO OBRAS	8416
LIMA|HUAROCHIRÍ|PARTIDO DE LOS TRABAJADORES Y EMPRENDEDORES PTE - PERÚ	46
LIMA|HUAROCHIRÍ|PARTIDO DEL BUEN GOBIERNO	4933
LIMA|HUAROCHIRÍ|PARTIDO DEMOCRATICO FEDERAL	89
LIMA|HUAROCHIRÍ|PARTIDO DEMOCRÁTICO SOMOS PERÚ	427
LIMA|HUAROCHIRÍ|PARTIDO DEMÓCRATA UNIDO PERÚ	589
LIMA|HUAROCHIRÍ|PARTIDO DEMÓCRATA VERDE	249
LIMA|HUAROCHIRÍ|PARTIDO FRENTE DE LA ESPERANZA 2021	1072
LIMA|HUAROCHIRÍ|PARTIDO MORADO	311
LIMA|HUAROCHIRÍ|PARTIDO PATRIÓTICO DEL PERÚ	520
LIMA|HUAROCHIRÍ|PARTIDO PAÍS PARA TODOS	4461
LIMA|HUAROCHIRÍ|PARTIDO POLÍTICO COOPERACIÓN POPULAR	586
LIMA|HUAROCHIRÍ|PARTIDO POLÍTICO INTEGRIDAD DEMOCRÁTICA	198
LIMA|HUAROCHIRÍ|PARTIDO POLÍTICO NACIONAL PERÚ LIBRE	459
LIMA|HUAROCHIRÍ|PARTIDO POLÍTICO PERÚ ACCIÓN	124
LIMA|HUAROCHIRÍ|PARTIDO POLÍTICO PERÚ PRIMERO	376
LIMA|HUAROCHIRÍ|PARTIDO POLÍTICO PRIN	104
LIMA|HUAROCHIRÍ|PARTIDO SICREO	2112
LIMA|HUAROCHIRÍ|PERÚ MODERNO	34
LIMA|HUAROCHIRÍ|PODEMOS PERÚ	928
LIMA|HUAROCHIRÍ|PRIMERO LA GENTE – COMUNIDAD, ECOLOGÍA, LIBERTAD Y PROGRESO	1580
LIMA|HUAROCHIRÍ|PROGRESEMOS	294
LIMA|HUAROCHIRÍ|RENOVACIÓN POPULAR	5991
LIMA|HUAROCHIRÍ|SALVEMOS AL PERÚ	56
LIMA|HUAROCHIRÍ|UN CAMINO DIFERENTE	164
LIMA|HUAROCHIRÍ|UNIDAD NACIONAL	137
LIMA|HUAROCHIRÍ|VOTOS EN BLANCO	8825
LIMA|HUAROCHIRÍ|VOTOS NULOS	3168
LIMA|HUAURA|AHORA NACIÓN - AN	9635
LIMA|HUAURA|ALIANZA ELECTORAL VENCEREMOS	858
LIMA|HUAURA|ALIANZA PARA EL PROGRESO	979
LIMA|HUAURA|AVANZA PAÍS - PARTIDO DE INTEGRACIÓN SOCIAL	122
LIMA|HUAURA|FE EN EL PERÚ	239
LIMA|HUAURA|FUERZA POPULAR	27294
LIMA|HUAURA|FUERZA Y LIBERTAD	150
LIMA|HUAURA|JUNTOS POR EL PERÚ	9066
LIMA|HUAURA|LIBERTAD POPULAR	250
LIMA|HUAURA|PARTIDO APRISTA PERUANO	1165
LIMA|HUAURA|PARTIDO CÍVICO OBRAS	15735
LIMA|HUAURA|PARTIDO DE LOS TRABAJADORES Y EMPRENDEDORES PTE - PERÚ	90
LIMA|HUAURA|PARTIDO DEL BUEN GOBIERNO	13382
LIMA|HUAURA|PARTIDO DEMOCRATICO FEDERAL	248
LIMA|HUAURA|PARTIDO DEMOCRÁTICO SOMOS PERÚ	1741
LIMA|HUAURA|PARTIDO DEMÓCRATA UNIDO PERÚ	928
LIMA|HUAURA|PARTIDO DEMÓCRATA VERDE	469
LIMA|HUAURA|PARTIDO FRENTE DE LA ESPERANZA 2021	1912
LIMA|HUAURA|PARTIDO MORADO	526
LIMA|HUAURA|PARTIDO PATRIÓTICO DEL PERÚ	1106
LIMA|HUAURA|PARTIDO PAÍS PARA TODOS	11552
LIMA|HUAURA|PARTIDO POLÍTICO COOPERACIÓN POPULAR	874
LIMA|HUAURA|PARTIDO POLÍTICO INTEGRIDAD DEMOCRÁTICA	459
LIMA|HUAURA|PARTIDO POLÍTICO NACIONAL PERÚ LIBRE	514
LIMA|HUAURA|PARTIDO POLÍTICO PERÚ ACCIÓN	279
LIMA|HUAURA|PARTIDO POLÍTICO PERÚ PRIMERO	758
LIMA|HUAURA|PARTIDO POLÍTICO PRIN	260
LIMA|HUAURA|PARTIDO SICREO	4574
LIMA|HUAURA|PERÚ MODERNO	90
LIMA|HUAURA|PODEMOS PERÚ	2125
LIMA|HUAURA|PRIMERO LA GENTE – COMUNIDAD, ECOLOGÍA, LIBERTAD Y PROGRESO	3933
LIMA|HUAURA|PROGRESEMOS	1037
LIMA|HUAURA|RENOVACIÓN POPULAR	10953
LIMA|HUAURA|SALVEMOS AL PERÚ	95
LIMA|HUAURA|UN CAMINO DIFERENTE	588
LIMA|HUAURA|UNIDAD NACIONAL	411
LIMA|HUAURA|VOTOS EN BLANCO	18236
LIMA|HUAURA|VOTOS NULOS	7936
LIMA|LIMA|AHORA NACIÓN - AN	378717
LIMA|LIMA|ALIANZA ELECTORAL VENCEREMOS	20339
LIMA|LIMA|ALIANZA PARA EL PROGRESO	26264
LIMA|LIMA|AVANZA PAÍS - PARTIDO DE INTEGRACIÓN SOCIAL	10774
LIMA|LIMA|FE EN EL PERÚ	5216
LIMA|LIMA|FUERZA POPULAR	960270
LIMA|LIMA|FUERZA Y LIBERTAD	6771
LIMA|LIMA|JUNTOS POR EL PERÚ	154718
LIMA|LIMA|LIBERTAD POPULAR	13750
LIMA|LIMA|PARTIDO APRISTA PERUANO	46091
LIMA|LIMA|PARTIDO CÍVICO OBRAS	493615
LIMA|LIMA|PARTIDO DE LOS TRABAJADORES Y EMPRENDEDORES PTE - PERÚ	2973
LIMA|LIMA|PARTIDO DEL BUEN GOBIERNO	866508
LIMA|LIMA|PARTIDO DEMOCRATICO FEDERAL	5304
LIMA|LIMA|PARTIDO DEMOCRÁTICO SOMOS PERÚ	38906
LIMA|LIMA|PARTIDO DEMÓCRATA UNIDO PERÚ	25170
LIMA|LIMA|PARTIDO DEMÓCRATA VERDE	14037
LIMA|LIMA|PARTIDO FRENTE DE LA ESPERANZA 2021	76284
LIMA|LIMA|PARTIDO MORADO	30002
LIMA|LIMA|PARTIDO PATRIÓTICO DEL PERÚ	34057
LIMA|LIMA|PARTIDO PAÍS PARA TODOS	488844
LIMA|LIMA|PARTIDO POLÍTICO COOPERACIÓN POPULAR	28506
LIMA|LIMA|PARTIDO POLÍTICO INTEGRIDAD DEMOCRÁTICA	26054
LIMA|LIMA|PARTIDO POLÍTICO NACIONAL PERÚ LIBRE	14430
LIMA|LIMA|PARTIDO POLÍTICO PERÚ ACCIÓN	7857
LIMA|LIMA|PARTIDO POLÍTICO PERÚ PRIMERO	25187
LIMA|LIMA|PARTIDO POLÍTICO PRIN	3428
LIMA|LIMA|PARTIDO SICREO	218972
LIMA|LIMA|PERÚ MODERNO	2813
LIMA|LIMA|PODEMOS PERÚ	48301
LIMA|LIMA|PRIMERO LA GENTE – COMUNIDAD, ECOLOGÍA, LIBERTAD Y PROGRESO	242929
LIMA|LIMA|PROGRESEMOS	18280
LIMA|LIMA|RENOVACIÓN POPULAR	1163285
LIMA|LIMA|SALVEMOS AL PERÚ	2598
LIMA|LIMA|UN CAMINO DIFERENTE	9445
LIMA|LIMA|UNIDAD NACIONAL	32162
LIMA|LIMA|VOTOS EN BLANCO	470910
LIMA|LIMA|VOTOS NULOS	230663
LIMA|OYÓN|AHORA NACIÓN - AN	457
LIMA|OYÓN|ALIANZA ELECTORAL VENCEREMOS	53
LIMA|OYÓN|ALIANZA PARA EL PROGRESO	90
LIMA|OYÓN|AVANZA PAÍS - PARTIDO DE INTEGRACIÓN SOCIAL	12
LIMA|OYÓN|FE EN EL PERÚ	24
LIMA|OYÓN|FUERZA POPULAR	1863
LIMA|OYÓN|FUERZA Y LIBERTAD	4
LIMA|OYÓN|JUNTOS POR EL PERÚ	860
LIMA|OYÓN|LIBERTAD POPULAR	13
LIMA|OYÓN|PARTIDO APRISTA PERUANO	70
LIMA|OYÓN|PARTIDO CÍVICO OBRAS	1116
LIMA|OYÓN|PARTIDO DE LOS TRABAJADORES Y EMPRENDEDORES PTE - PERÚ	10
LIMA|OYÓN|PARTIDO DEL BUEN GOBIERNO	476
LIMA|OYÓN|PARTIDO DEMOCRATICO FEDERAL	16
LIMA|OYÓN|PARTIDO DEMOCRÁTICO SOMOS PERÚ	76
LIMA|OYÓN|PARTIDO DEMÓCRATA UNIDO PERÚ	56
LIMA|OYÓN|PARTIDO DEMÓCRATA VERDE	36
LIMA|OYÓN|PARTIDO FRENTE DE LA ESPERANZA 2021	131
LIMA|OYÓN|PARTIDO MORADO	32
LIMA|OYÓN|PARTIDO PATRIÓTICO DEL PERÚ	74
LIMA|OYÓN|PARTIDO PAÍS PARA TODOS	330
LIMA|OYÓN|PARTIDO POLÍTICO COOPERACIÓN POPULAR	97
LIMA|OYÓN|PARTIDO POLÍTICO INTEGRIDAD DEMOCRÁTICA	20
LIMA|OYÓN|PARTIDO POLÍTICO NACIONAL PERÚ LIBRE	46
LIMA|OYÓN|PARTIDO POLÍTICO PERÚ ACCIÓN	40
LIMA|OYÓN|PARTIDO POLÍTICO PERÚ PRIMERO	47
LIMA|OYÓN|PARTIDO POLÍTICO PRIN	7
LIMA|OYÓN|PARTIDO SICREO	217
LIMA|OYÓN|PERÚ MODERNO	3
LIMA|OYÓN|PODEMOS PERÚ	182
LIMA|OYÓN|PRIMERO LA GENTE – COMUNIDAD, ECOLOGÍA, LIBERTAD Y PROGRESO	147
LIMA|OYÓN|PROGRESEMOS	37
LIMA|OYÓN|RENOVACIÓN POPULAR	394
LIMA|OYÓN|SALVEMOS AL PERÚ	9
LIMA|OYÓN|UN CAMINO DIFERENTE	11
LIMA|OYÓN|UNIDAD NACIONAL	11
LIMA|OYÓN|VOTOS EN BLANCO	1586
LIMA|OYÓN|VOTOS NULOS	536
LIMA|YAUYOS|AHORA NACIÓN - AN	1368
LIMA|YAUYOS|ALIANZA ELECTORAL VENCEREMOS	117
LIMA|YAUYOS|ALIANZA PARA EL PROGRESO	166
LIMA|YAUYOS|AVANZA PAÍS - PARTIDO DE INTEGRACIÓN SOCIAL	13
LIMA|YAUYOS|FE EN EL PERÚ	35
LIMA|YAUYOS|FUERZA POPULAR	2865
LIMA|YAUYOS|FUERZA Y LIBERTAD	15
LIMA|YAUYOS|JUNTOS POR EL PERÚ	2934
LIMA|YAUYOS|LIBERTAD POPULAR	18
LIMA|YAUYOS|PARTIDO APRISTA PERUANO	67
LIMA|YAUYOS|PARTIDO CÍVICO OBRAS	1401
LIMA|YAUYOS|PARTIDO DE LOS TRABAJADORES Y EMPRENDEDORES PTE - PERÚ	11
LIMA|YAUYOS|PARTIDO DEL BUEN GOBIERNO	558
LIMA|YAUYOS|PARTIDO DEMOCRATICO FEDERAL	15
LIMA|YAUYOS|PARTIDO DEMOCRÁTICO SOMOS PERÚ	120
LIMA|YAUYOS|PARTIDO DEMÓCRATA UNIDO PERÚ	124
LIMA|YAUYOS|PARTIDO DEMÓCRATA VERDE	70
LIMA|YAUYOS|PARTIDO FRENTE DE LA ESPERANZA 2021	317
LIMA|YAUYOS|PARTIDO MORADO	39
LIMA|YAUYOS|PARTIDO PATRIÓTICO DEL PERÚ	112
LIMA|YAUYOS|PARTIDO PAÍS PARA TODOS	556
LIMA|YAUYOS|PARTIDO POLÍTICO COOPERACIÓN POPULAR	113
LIMA|YAUYOS|PARTIDO POLÍTICO INTEGRIDAD DEMOCRÁTICA	38
LIMA|YAUYOS|PARTIDO POLÍTICO NACIONAL PERÚ LIBRE	149
LIMA|YAUYOS|PARTIDO POLÍTICO PERÚ ACCIÓN	32
LIMA|YAUYOS|PARTIDO POLÍTICO PERÚ PRIMERO	86
LIMA|YAUYOS|PARTIDO POLÍTICO PRIN	20
LIMA|YAUYOS|PARTIDO SICREO	183
LIMA|YAUYOS|PERÚ MODERNO	15
LIMA|YAUYOS|PODEMOS PERÚ	286
LIMA|YAUYOS|PRIMERO LA GENTE – COMUNIDAD, ECOLOGÍA, LIBERTAD Y PROGRESO	217
LIMA|YAUYOS|PROGRESEMOS	55
LIMA|YAUYOS|RENOVACIÓN POPULAR	641
LIMA|YAUYOS|SALVEMOS AL PERÚ	26
LIMA|YAUYOS|UN CAMINO DIFERENTE	25
LIMA|YAUYOS|UNIDAD NACIONAL	24
LIMA|YAUYOS|VOTOS EN BLANCO	2403
LIMA|YAUYOS|VOTOS NULOS	849
LORETO|ALTO AMAZONAS|AHORA NACIÓN - AN	2383
LORETO|ALTO AMAZONAS|ALIANZA ELECTORAL VENCEREMOS	628
LORETO|ALTO AMAZONAS|ALIANZA PARA EL PROGRESO	6981
LORETO|ALTO AMAZONAS|AVANZA PAÍS - PARTIDO DE INTEGRACIÓN SOCIAL	75
LORETO|ALTO AMAZONAS|FE EN EL PERÚ	69
LORETO|ALTO AMAZONAS|FUERZA POPULAR	7728
LORETO|ALTO AMAZONAS|FUERZA Y LIBERTAD	54
LORETO|ALTO AMAZONAS|JUNTOS POR EL PERÚ	9963
LORETO|ALTO AMAZONAS|LIBERTAD POPULAR	92
LORETO|ALTO AMAZONAS|PARTIDO APRISTA PERUANO	304
LORETO|ALTO AMAZONAS|PARTIDO CÍVICO OBRAS	3192
LORETO|ALTO AMAZONAS|PARTIDO DE LOS TRABAJADORES Y EMPRENDEDORES PTE - PERÚ	63
LORETO|ALTO AMAZONAS|PARTIDO DEL BUEN GOBIERNO	1438
LORETO|ALTO AMAZONAS|PARTIDO DEMOCRATICO FEDERAL	63
LORETO|ALTO AMAZONAS|PARTIDO DEMOCRÁTICO SOMOS PERÚ	1907
LORETO|ALTO AMAZONAS|PARTIDO DEMÓCRATA UNIDO PERÚ	296
LORETO|ALTO AMAZONAS|PARTIDO DEMÓCRATA VERDE	212
LORETO|ALTO AMAZONAS|PARTIDO FRENTE DE LA ESPERANZA 2021	394
LORETO|ALTO AMAZONAS|PARTIDO MORADO	165
LORETO|ALTO AMAZONAS|PARTIDO PATRIÓTICO DEL PERÚ	476
LORETO|ALTO AMAZONAS|PARTIDO PAÍS PARA TODOS	3037
LORETO|ALTO AMAZONAS|PARTIDO POLÍTICO COOPERACIÓN POPULAR	276
LORETO|ALTO AMAZONAS|PARTIDO POLÍTICO INTEGRIDAD DEMOCRÁTICA	127
LORETO|ALTO AMAZONAS|PARTIDO POLÍTICO NACIONAL PERÚ LIBRE	794
LORETO|ALTO AMAZONAS|PARTIDO POLÍTICO PERÚ ACCIÓN	114
LORETO|ALTO AMAZONAS|PARTIDO POLÍTICO PERÚ PRIMERO	1141
LORETO|ALTO AMAZONAS|PARTIDO POLÍTICO PRIN	34
LORETO|ALTO AMAZONAS|PARTIDO SICREO	730
LORETO|ALTO AMAZONAS|PERÚ MODERNO	204
LORETO|ALTO AMAZONAS|PODEMOS PERÚ	1024
LORETO|ALTO AMAZONAS|PRIMERO LA GENTE – COMUNIDAD, ECOLOGÍA, LIBERTAD Y PROGRESO	681
LORETO|ALTO AMAZONAS|PROGRESEMOS	103
LORETO|ALTO AMAZONAS|RENOVACIÓN POPULAR	2483
LORETO|ALTO AMAZONAS|SALVEMOS AL PERÚ	135
LORETO|ALTO AMAZONAS|UN CAMINO DIFERENTE	105
LORETO|ALTO AMAZONAS|UNIDAD NACIONAL	93
LORETO|ALTO AMAZONAS|VOTOS EN BLANCO	13431
LORETO|ALTO AMAZONAS|VOTOS NULOS	4792
LORETO|DATEM DEL MARAÑÓN|AHORA NACIÓN - AN	313
LORETO|DATEM DEL MARAÑÓN|ALIANZA ELECTORAL VENCEREMOS	239
LORETO|DATEM DEL MARAÑÓN|ALIANZA PARA EL PROGRESO	1208
LORETO|DATEM DEL MARAÑÓN|AVANZA PAÍS - PARTIDO DE INTEGRACIÓN SOCIAL	31
LORETO|DATEM DEL MARAÑÓN|FE EN EL PERÚ	23
LORETO|DATEM DEL MARAÑÓN|FUERZA POPULAR	2753
LORETO|DATEM DEL MARAÑÓN|FUERZA Y LIBERTAD	18
LORETO|DATEM DEL MARAÑÓN|JUNTOS POR EL PERÚ	7142
LORETO|DATEM DEL MARAÑÓN|LIBERTAD POPULAR	22
LORETO|DATEM DEL MARAÑÓN|PARTIDO APRISTA PERUANO	113
LORETO|DATEM DEL MARAÑÓN|PARTIDO CÍVICO OBRAS	368
LORETO|DATEM DEL MARAÑÓN|PARTIDO DE LOS TRABAJADORES Y EMPRENDEDORES PTE - PERÚ	15
LORETO|DATEM DEL MARAÑÓN|PARTIDO DEL BUEN GOBIERNO	132
LORETO|DATEM DEL MARAÑÓN|PARTIDO DEMOCRATICO FEDERAL	14
LORETO|DATEM DEL MARAÑÓN|PARTIDO DEMOCRÁTICO SOMOS PERÚ	787
LORETO|DATEM DEL MARAÑÓN|PARTIDO DEMÓCRATA UNIDO PERÚ	41
LORETO|DATEM DEL MARAÑÓN|PARTIDO DEMÓCRATA VERDE	103
LORETO|DATEM DEL MARAÑÓN|PARTIDO FRENTE DE LA ESPERANZA 2021	69
LORETO|DATEM DEL MARAÑÓN|PARTIDO MORADO	39
LORETO|DATEM DEL MARAÑÓN|PARTIDO PATRIÓTICO DEL PERÚ	115
LORETO|DATEM DEL MARAÑÓN|PARTIDO PAÍS PARA TODOS	326
LORETO|DATEM DEL MARAÑÓN|PARTIDO POLÍTICO COOPERACIÓN POPULAR	221
LORETO|DATEM DEL MARAÑÓN|PARTIDO POLÍTICO INTEGRIDAD DEMOCRÁTICA	38
LORETO|DATEM DEL MARAÑÓN|PARTIDO POLÍTICO NACIONAL PERÚ LIBRE	184
LORETO|DATEM DEL MARAÑÓN|PARTIDO POLÍTICO PERÚ ACCIÓN	29
LORETO|DATEM DEL MARAÑÓN|PARTIDO POLÍTICO PERÚ PRIMERO	587
LORETO|DATEM DEL MARAÑÓN|PARTIDO POLÍTICO PRIN	18
LORETO|DATEM DEL MARAÑÓN|PARTIDO SICREO	75
LORETO|DATEM DEL MARAÑÓN|PERÚ MODERNO	57
LORETO|DATEM DEL MARAÑÓN|PODEMOS PERÚ	404
LORETO|DATEM DEL MARAÑÓN|PRIMERO LA GENTE – COMUNIDAD, ECOLOGÍA, LIBERTAD Y PROGRESO	78
LORETO|DATEM DEL MARAÑÓN|PROGRESEMOS	68
LORETO|DATEM DEL MARAÑÓN|RENOVACIÓN POPULAR	458
LORETO|DATEM DEL MARAÑÓN|SALVEMOS AL PERÚ	71
LORETO|DATEM DEL MARAÑÓN|UN CAMINO DIFERENTE	13
LORETO|DATEM DEL MARAÑÓN|UNIDAD NACIONAL	207
LORETO|DATEM DEL MARAÑÓN|VOTOS EN BLANCO	5591
LORETO|DATEM DEL MARAÑÓN|VOTOS NULOS	1665
LORETO|LORETO|AHORA NACIÓN - AN	517
LORETO|LORETO|ALIANZA ELECTORAL VENCEREMOS	108
LORETO|LORETO|ALIANZA PARA EL PROGRESO	2300
LORETO|LORETO|AVANZA PAÍS - PARTIDO DE INTEGRACIÓN SOCIAL	14
LORETO|LORETO|FE EN EL PERÚ	154
LORETO|LORETO|FUERZA POPULAR	6798
LORETO|LORETO|FUERZA Y LIBERTAD	50
LORETO|LORETO|JUNTOS POR EL PERÚ	2316
LORETO|LORETO|LIBERTAD POPULAR	36
LORETO|LORETO|PARTIDO APRISTA PERUANO	61
LORETO|LORETO|PARTIDO CÍVICO OBRAS	858
LORETO|LORETO|PARTIDO DE LOS TRABAJADORES Y EMPRENDEDORES PTE - PERÚ	12
LORETO|LORETO|PARTIDO DEL BUEN GOBIERNO	254
LORETO|LORETO|PARTIDO DEMOCRATICO FEDERAL	25
LORETO|LORETO|PARTIDO DEMOCRÁTICO SOMOS PERÚ	1763
LORETO|LORETO|PARTIDO DEMÓCRATA UNIDO PERÚ	66
LORETO|LORETO|PARTIDO DEMÓCRATA VERDE	163
LORETO|LORETO|PARTIDO FRENTE DE LA ESPERANZA 2021	104
LORETO|LORETO|PARTIDO MORADO	74
LORETO|LORETO|PARTIDO PATRIÓTICO DEL PERÚ	129
LORETO|LORETO|PARTIDO PAÍS PARA TODOS	1211
LORETO|LORETO|PARTIDO POLÍTICO COOPERACIÓN POPULAR	91
LORETO|LORETO|PARTIDO POLÍTICO INTEGRIDAD DEMOCRÁTICA	30
LORETO|LORETO|PARTIDO POLÍTICO NACIONAL PERÚ LIBRE	219
LORETO|LORETO|PARTIDO POLÍTICO PERÚ ACCIÓN	48
LORETO|LORETO|PARTIDO POLÍTICO PERÚ PRIMERO	1384
LORETO|LORETO|PARTIDO POLÍTICO PRIN	17
LORETO|LORETO|PARTIDO SICREO	167
LORETO|LORETO|PERÚ MODERNO	61
LORETO|LORETO|PODEMOS PERÚ	688
LORETO|LORETO|PRIMERO LA GENTE – COMUNIDAD, ECOLOGÍA, LIBERTAD Y PROGRESO	213
LORETO|LORETO|PROGRESEMOS	61
LORETO|LORETO|RENOVACIÓN POPULAR	1050
LORETO|LORETO|SALVEMOS AL PERÚ	57
LORETO|LORETO|UN CAMINO DIFERENTE	38
LORETO|LORETO|UNIDAD NACIONAL	22
LORETO|LORETO|VOTOS EN BLANCO	6013
LORETO|LORETO|VOTOS NULOS	1815
LORETO|MARISCAL RAMÓN CASTILLA|AHORA NACIÓN - AN	215
LORETO|MARISCAL RAMÓN CASTILLA|ALIANZA ELECTORAL VENCEREMOS	74
LORETO|MARISCAL RAMÓN CASTILLA|ALIANZA PARA EL PROGRESO	467
LORETO|MARISCAL RAMÓN CASTILLA|AVANZA PAÍS - PARTIDO DE INTEGRACIÓN SOCIAL	27
LORETO|MARISCAL RAMÓN CASTILLA|FE EN EL PERÚ	19
LORETO|MARISCAL RAMÓN CASTILLA|FUERZA POPULAR	8342
LORETO|MARISCAL RAMÓN CASTILLA|FUERZA Y LIBERTAD	52
LORETO|MARISCAL RAMÓN CASTILLA|JUNTOS POR EL PERÚ	941
LORETO|MARISCAL RAMÓN CASTILLA|LIBERTAD POPULAR	21
LORETO|MARISCAL RAMÓN CASTILLA|PARTIDO APRISTA PERUANO	47
LORETO|MARISCAL RAMÓN CASTILLA|PARTIDO CÍVICO OBRAS	293
LORETO|MARISCAL RAMÓN CASTILLA|PARTIDO DE LOS TRABAJADORES Y EMPRENDEDORES PTE - PERÚ	5
LORETO|MARISCAL RAMÓN CASTILLA|PARTIDO DEL BUEN GOBIERNO	102
LORETO|MARISCAL RAMÓN CASTILLA|PARTIDO DEMOCRATICO FEDERAL	13
LORETO|MARISCAL RAMÓN CASTILLA|PARTIDO DEMOCRÁTICO SOMOS PERÚ	733
LORETO|MARISCAL RAMÓN CASTILLA|PARTIDO DEMÓCRATA UNIDO PERÚ	37
LORETO|MARISCAL RAMÓN CASTILLA|PARTIDO DEMÓCRATA VERDE	82
LORETO|MARISCAL RAMÓN CASTILLA|PARTIDO FRENTE DE LA ESPERANZA 2021	45
LORETO|MARISCAL RAMÓN CASTILLA|PARTIDO MORADO	26
LORETO|MARISCAL RAMÓN CASTILLA|PARTIDO PATRIÓTICO DEL PERÚ	95
LORETO|MARISCAL RAMÓN CASTILLA|PARTIDO PAÍS PARA TODOS	583
LORETO|MARISCAL RAMÓN CASTILLA|PARTIDO POLÍTICO COOPERACIÓN POPULAR	40
LORETO|MARISCAL RAMÓN CASTILLA|PARTIDO POLÍTICO INTEGRIDAD DEMOCRÁTICA	19
LORETO|MARISCAL RAMÓN CASTILLA|PARTIDO POLÍTICO NACIONAL PERÚ LIBRE	124
LORETO|MARISCAL RAMÓN CASTILLA|PARTIDO POLÍTICO PERÚ ACCIÓN	33
LORETO|MARISCAL RAMÓN CASTILLA|PARTIDO POLÍTICO PERÚ PRIMERO	571
LORETO|MARISCAL RAMÓN CASTILLA|PARTIDO POLÍTICO PRIN	7
LORETO|MARISCAL RAMÓN CASTILLA|PARTIDO SICREO	76
LORETO|MARISCAL RAMÓN CASTILLA|PERÚ MODERNO	8
LORETO|MARISCAL RAMÓN CASTILLA|PODEMOS PERÚ	199
LORETO|MARISCAL RAMÓN CASTILLA|PRIMERO LA GENTE – COMUNIDAD, ECOLOGÍA, LIBERTAD Y PROGRESO	147
LORETO|MARISCAL RAMÓN CASTILLA|PROGRESEMOS	31
LORETO|MARISCAL RAMÓN CASTILLA|RENOVACIÓN POPULAR	1028
LORETO|MARISCAL RAMÓN CASTILLA|SALVEMOS AL PERÚ	44
LORETO|MARISCAL RAMÓN CASTILLA|UN CAMINO DIFERENTE	18
LORETO|MARISCAL RAMÓN CASTILLA|UNIDAD NACIONAL	25
LORETO|MARISCAL RAMÓN CASTILLA|VOTOS EN BLANCO	11356
LORETO|MARISCAL RAMÓN CASTILLA|VOTOS NULOS	1988
LORETO|MAYNAS|AHORA NACIÓN - AN	10436
LORETO|MAYNAS|ALIANZA ELECTORAL VENCEREMOS	883
LORETO|MAYNAS|ALIANZA PARA EL PROGRESO	8763
LORETO|MAYNAS|AVANZA PAÍS - PARTIDO DE INTEGRACIÓN SOCIAL	422
LORETO|MAYNAS|FE EN EL PERÚ	375
LORETO|MAYNAS|FUERZA POPULAR	56723
LORETO|MAYNAS|FUERZA Y LIBERTAD	634
LORETO|MAYNAS|JUNTOS POR EL PERÚ	7214
LORETO|MAYNAS|LIBERTAD POPULAR	743
LORETO|MAYNAS|PARTIDO APRISTA PERUANO	1947
LORETO|MAYNAS|PARTIDO CÍVICO OBRAS	8164
LORETO|MAYNAS|PARTIDO DE LOS TRABAJADORES Y EMPRENDEDORES PTE - PERÚ	198
LORETO|MAYNAS|PARTIDO DEL BUEN GOBIERNO	9905
LORETO|MAYNAS|PARTIDO DEMOCRATICO FEDERAL	258
LORETO|MAYNAS|PARTIDO DEMOCRÁTICO SOMOS PERÚ	14211
LORETO|MAYNAS|PARTIDO DEMÓCRATA UNIDO PERÚ	518
LORETO|MAYNAS|PARTIDO DEMÓCRATA VERDE	1102
LORETO|MAYNAS|PARTIDO FRENTE DE LA ESPERANZA 2021	2144
LORETO|MAYNAS|PARTIDO MORADO	1118
LORETO|MAYNAS|PARTIDO PATRIÓTICO DEL PERÚ	993
LORETO|MAYNAS|PARTIDO PAÍS PARA TODOS	33825
LORETO|MAYNAS|PARTIDO POLÍTICO COOPERACIÓN POPULAR	1571
LORETO|MAYNAS|PARTIDO POLÍTICO INTEGRIDAD DEMOCRÁTICA	525
LORETO|MAYNAS|PARTIDO POLÍTICO NACIONAL PERÚ LIBRE	1158
LORETO|MAYNAS|PARTIDO POLÍTICO PERÚ ACCIÓN	350
LORETO|MAYNAS|PARTIDO POLÍTICO PERÚ PRIMERO	4370
LORETO|MAYNAS|PARTIDO POLÍTICO PRIN	132
LORETO|MAYNAS|PARTIDO SICREO	4163
LORETO|MAYNAS|PERÚ MODERNO	363
LORETO|MAYNAS|PODEMOS PERÚ	5269
LORETO|MAYNAS|PRIMERO LA GENTE – COMUNIDAD, ECOLOGÍA, LIBERTAD Y PROGRESO	4778
LORETO|MAYNAS|PROGRESEMOS	936
LORETO|MAYNAS|RENOVACIÓN POPULAR	15027
LORETO|MAYNAS|SALVEMOS AL PERÚ	375
LORETO|MAYNAS|UN CAMINO DIFERENTE	285
LORETO|MAYNAS|UNIDAD NACIONAL	724
LORETO|MAYNAS|VOTOS EN BLANCO	37962
LORETO|MAYNAS|VOTOS NULOS	13933
LORETO|PUTUMAYO|AHORA NACIÓN - AN	39
LORETO|PUTUMAYO|ALIANZA ELECTORAL VENCEREMOS	6
LORETO|PUTUMAYO|ALIANZA PARA EL PROGRESO	409
LORETO|PUTUMAYO|AVANZA PAÍS - PARTIDO DE INTEGRACIÓN SOCIAL	1
LORETO|PUTUMAYO|FE EN EL PERÚ	2
LORETO|PUTUMAYO|FUERZA POPULAR	1014
LORETO|PUTUMAYO|FUERZA Y LIBERTAD	2
LORETO|PUTUMAYO|JUNTOS POR EL PERÚ	98
LORETO|PUTUMAYO|LIBERTAD POPULAR	4
LORETO|PUTUMAYO|PARTIDO APRISTA PERUANO	7
LORETO|PUTUMAYO|PARTIDO CÍVICO OBRAS	31
LORETO|PUTUMAYO|PARTIDO DE LOS TRABAJADORES Y EMPRENDEDORES PTE - PERÚ	1
LORETO|PUTUMAYO|PARTIDO DEL BUEN GOBIERNO	11
LORETO|PUTUMAYO|PARTIDO DEMOCRATICO FEDERAL	6
LORETO|PUTUMAYO|PARTIDO DEMOCRÁTICO SOMOS PERÚ	68
LORETO|PUTUMAYO|PARTIDO DEMÓCRATA UNIDO PERÚ	4
LORETO|PUTUMAYO|PARTIDO DEMÓCRATA VERDE	9
LORETO|PUTUMAYO|PARTIDO FRENTE DE LA ESPERANZA 2021	8
LORETO|PUTUMAYO|PARTIDO MORADO	0
LORETO|PUTUMAYO|PARTIDO PATRIÓTICO DEL PERÚ	10
LORETO|PUTUMAYO|PARTIDO PAÍS PARA TODOS	62
LORETO|PUTUMAYO|PARTIDO POLÍTICO COOPERACIÓN POPULAR	4
LORETO|PUTUMAYO|PARTIDO POLÍTICO INTEGRIDAD DEMOCRÁTICA	1
LORETO|PUTUMAYO|PARTIDO POLÍTICO NACIONAL PERÚ LIBRE	13
LORETO|PUTUMAYO|PARTIDO POLÍTICO PERÚ ACCIÓN	2
LORETO|PUTUMAYO|PARTIDO POLÍTICO PERÚ PRIMERO	34
LORETO|PUTUMAYO|PARTIDO POLÍTICO PRIN	4
LORETO|PUTUMAYO|PARTIDO SICREO	5
LORETO|PUTUMAYO|PERÚ MODERNO	8
LORETO|PUTUMAYO|PODEMOS PERÚ	29
LORETO|PUTUMAYO|PRIMERO LA GENTE – COMUNIDAD, ECOLOGÍA, LIBERTAD Y PROGRESO	6
LORETO|PUTUMAYO|PROGRESEMOS	5
LORETO|PUTUMAYO|RENOVACIÓN POPULAR	80
LORETO|PUTUMAYO|SALVEMOS AL PERÚ	2
LORETO|PUTUMAYO|UN CAMINO DIFERENTE	7
LORETO|PUTUMAYO|UNIDAD NACIONAL	4
LORETO|PUTUMAYO|VOTOS EN BLANCO	497
LORETO|PUTUMAYO|VOTOS NULOS	115
LORETO|REQUENA|AHORA NACIÓN - AN	435
LORETO|REQUENA|ALIANZA ELECTORAL VENCEREMOS	80
LORETO|REQUENA|ALIANZA PARA EL PROGRESO	2715
LORETO|REQUENA|AVANZA PAÍS - PARTIDO DE INTEGRACIÓN SOCIAL	15
LORETO|REQUENA|FE EN EL PERÚ	18
LORETO|REQUENA|FUERZA POPULAR	7534
LORETO|REQUENA|FUERZA Y LIBERTAD	30
LORETO|REQUENA|JUNTOS POR EL PERÚ	2743
LORETO|REQUENA|LIBERTAD POPULAR	25
LORETO|REQUENA|PARTIDO APRISTA PERUANO	71
LORETO|REQUENA|PARTIDO CÍVICO OBRAS	588
LORETO|REQUENA|PARTIDO DE LOS TRABAJADORES Y EMPRENDEDORES PTE - PERÚ	8
LORETO|REQUENA|PARTIDO DEL BUEN GOBIERNO	166
LORETO|REQUENA|PARTIDO DEMOCRATICO FEDERAL	11
LORETO|REQUENA|PARTIDO DEMOCRÁTICO SOMOS PERÚ	2869
LORETO|REQUENA|PARTIDO DEMÓCRATA UNIDO PERÚ	91
LORETO|REQUENA|PARTIDO DEMÓCRATA VERDE	265
LORETO|REQUENA|PARTIDO FRENTE DE LA ESPERANZA 2021	69
LORETO|REQUENA|PARTIDO MORADO	30
LORETO|REQUENA|PARTIDO PATRIÓTICO DEL PERÚ	99
LORETO|REQUENA|PARTIDO PAÍS PARA TODOS	777
LORETO|REQUENA|PARTIDO POLÍTICO COOPERACIÓN POPULAR	57
LORETO|REQUENA|PARTIDO POLÍTICO INTEGRIDAD DEMOCRÁTICA	45
LORETO|REQUENA|PARTIDO POLÍTICO NACIONAL PERÚ LIBRE	114
LORETO|REQUENA|PARTIDO POLÍTICO PERÚ ACCIÓN	27
LORETO|REQUENA|PARTIDO POLÍTICO PERÚ PRIMERO	497
LORETO|REQUENA|PARTIDO POLÍTICO PRIN	7
LORETO|REQUENA|PARTIDO SICREO	131
LORETO|REQUENA|PERÚ MODERNO	38
LORETO|REQUENA|PODEMOS PERÚ	497
LORETO|REQUENA|PRIMERO LA GENTE – COMUNIDAD, ECOLOGÍA, LIBERTAD Y PROGRESO	127
LORETO|REQUENA|PROGRESEMOS	44
LORETO|REQUENA|RENOVACIÓN POPULAR	1642
LORETO|REQUENA|SALVEMOS AL PERÚ	55
LORETO|REQUENA|UN CAMINO DIFERENTE	14
LORETO|REQUENA|UNIDAD NACIONAL	13
LORETO|REQUENA|VOTOS EN BLANCO	4774
LORETO|REQUENA|VOTOS NULOS	1170
LORETO|UCAYALI|AHORA NACIÓN - AN	353
LORETO|UCAYALI|ALIANZA ELECTORAL VENCEREMOS	84
LORETO|UCAYALI|ALIANZA PARA EL PROGRESO	1056
LORETO|UCAYALI|AVANZA PAÍS - PARTIDO DE INTEGRACIÓN SOCIAL	17
LORETO|UCAYALI|FE EN EL PERÚ	47
LORETO|UCAYALI|FUERZA POPULAR	5923
LORETO|UCAYALI|FUERZA Y LIBERTAD	96
LORETO|UCAYALI|JUNTOS POR EL PERÚ	3238
LORETO|UCAYALI|LIBERTAD POPULAR	30
LORETO|UCAYALI|PARTIDO APRISTA PERUANO	152
LORETO|UCAYALI|PARTIDO CÍVICO OBRAS	770
LORETO|UCAYALI|PARTIDO DE LOS TRABAJADORES Y EMPRENDEDORES PTE - PERÚ	11
LORETO|UCAYALI|PARTIDO DEL BUEN GOBIERNO	225
LORETO|UCAYALI|PARTIDO DEMOCRATICO FEDERAL	13
LORETO|UCAYALI|PARTIDO DEMOCRÁTICO SOMOS PERÚ	1337
LORETO|UCAYALI|PARTIDO DEMÓCRATA UNIDO PERÚ	238
LORETO|UCAYALI|PARTIDO DEMÓCRATA VERDE	81
LORETO|UCAYALI|PARTIDO FRENTE DE LA ESPERANZA 2021	84
LORETO|UCAYALI|PARTIDO MORADO	38
LORETO|UCAYALI|PARTIDO PATRIÓTICO DEL PERÚ	130
LORETO|UCAYALI|PARTIDO PAÍS PARA TODOS	623
LORETO|UCAYALI|PARTIDO POLÍTICO COOPERACIÓN POPULAR	108
LORETO|UCAYALI|PARTIDO POLÍTICO INTEGRIDAD DEMOCRÁTICA	17
LORETO|UCAYALI|PARTIDO POLÍTICO NACIONAL PERÚ LIBRE	171
LORETO|UCAYALI|PARTIDO POLÍTICO PERÚ ACCIÓN	37
LORETO|UCAYALI|PARTIDO POLÍTICO PERÚ PRIMERO	287
LORETO|UCAYALI|PARTIDO POLÍTICO PRIN	13
LORETO|UCAYALI|PARTIDO SICREO	116
LORETO|UCAYALI|PERÚ MODERNO	78
LORETO|UCAYALI|PODEMOS PERÚ	684
LORETO|UCAYALI|PRIMERO LA GENTE – COMUNIDAD, ECOLOGÍA, LIBERTAD Y PROGRESO	124
LORETO|UCAYALI|PROGRESEMOS	62
LORETO|UCAYALI|RENOVACIÓN POPULAR	1067
LORETO|UCAYALI|SALVEMOS AL PERÚ	43
LORETO|UCAYALI|UN CAMINO DIFERENTE	26
LORETO|UCAYALI|UNIDAD NACIONAL	24
LORETO|UCAYALI|VOTOS EN BLANCO	5734
LORETO|UCAYALI|VOTOS NULOS	1603
MADRE DE DIOS|MANÚ|AHORA NACIÓN - AN	563
MADRE DE DIOS|MANÚ|ALIANZA ELECTORAL VENCEREMOS	156
MADRE DE DIOS|MANÚ|ALIANZA PARA EL PROGRESO	68
MADRE DE DIOS|MANÚ|AVANZA PAÍS - PARTIDO DE INTEGRACIÓN SOCIAL	11
MADRE DE DIOS|MANÚ|FE EN EL PERÚ	14
MADRE DE DIOS|MANÚ|FUERZA POPULAR	890
MADRE DE DIOS|MANÚ|FUERZA Y LIBERTAD	10
MADRE DE DIOS|MANÚ|JUNTOS POR EL PERÚ	3031
MADRE DE DIOS|MANÚ|LIBERTAD POPULAR	11
MADRE DE DIOS|MANÚ|PARTIDO APRISTA PERUANO	24
MADRE DE DIOS|MANÚ|PARTIDO CÍVICO OBRAS	1175
MADRE DE DIOS|MANÚ|PARTIDO DE LOS TRABAJADORES Y EMPRENDEDORES PTE - PERÚ	5
MADRE DE DIOS|MANÚ|PARTIDO DEL BUEN GOBIERNO	239
MADRE DE DIOS|MANÚ|PARTIDO DEMOCRATICO FEDERAL	12
MADRE DE DIOS|MANÚ|PARTIDO DEMOCRÁTICO SOMOS PERÚ	138
MADRE DE DIOS|MANÚ|PARTIDO DEMÓCRATA UNIDO PERÚ	149
MADRE DE DIOS|MANÚ|PARTIDO DEMÓCRATA VERDE	52
MADRE DE DIOS|MANÚ|PARTIDO FRENTE DE LA ESPERANZA 2021	230
MADRE DE DIOS|MANÚ|PARTIDO MORADO	13
MADRE DE DIOS|MANÚ|PARTIDO PATRIÓTICO DEL PERÚ	132
MADRE DE DIOS|MANÚ|PARTIDO PAÍS PARA TODOS	247
MADRE DE DIOS|MANÚ|PARTIDO POLÍTICO COOPERACIÓN POPULAR	276
MADRE DE DIOS|MANÚ|PARTIDO POLÍTICO INTEGRIDAD DEMOCRÁTICA	10
MADRE DE DIOS|MANÚ|PARTIDO POLÍTICO NACIONAL PERÚ LIBRE	156
MADRE DE DIOS|MANÚ|PARTIDO POLÍTICO PERÚ ACCIÓN	15
MADRE DE DIOS|MANÚ|PARTIDO POLÍTICO PERÚ PRIMERO	44
MADRE DE DIOS|MANÚ|PARTIDO POLÍTICO PRIN	5
MADRE DE DIOS|MANÚ|PARTIDO SICREO	145
MADRE DE DIOS|MANÚ|PERÚ MODERNO	4
MADRE DE DIOS|MANÚ|PODEMOS PERÚ	132
MADRE DE DIOS|MANÚ|PRIMERO LA GENTE – COMUNIDAD, ECOLOGÍA, LIBERTAD Y PROGRESO	96
MADRE DE DIOS|MANÚ|PROGRESEMOS	152
MADRE DE DIOS|MANÚ|RENOVACIÓN POPULAR	122
MADRE DE DIOS|MANÚ|SALVEMOS AL PERÚ	11
MADRE DE DIOS|MANÚ|UN CAMINO DIFERENTE	13
MADRE DE DIOS|MANÚ|UNIDAD NACIONAL	21
MADRE DE DIOS|MANÚ|VOTOS EN BLANCO	2135
MADRE DE DIOS|MANÚ|VOTOS NULOS	576
MADRE DE DIOS|TAHUAMANÚ|AHORA NACIÓN - AN	638
MADRE DE DIOS|TAHUAMANÚ|ALIANZA ELECTORAL VENCEREMOS	42
MADRE DE DIOS|TAHUAMANÚ|ALIANZA PARA EL PROGRESO	122
MADRE DE DIOS|TAHUAMANÚ|AVANZA PAÍS - PARTIDO DE INTEGRACIÓN SOCIAL	13
MADRE DE DIOS|TAHUAMANÚ|FE EN EL PERÚ	5
MADRE DE DIOS|TAHUAMANÚ|FUERZA POPULAR	1024
MADRE DE DIOS|TAHUAMANÚ|FUERZA Y LIBERTAD	7
MADRE DE DIOS|TAHUAMANÚ|JUNTOS POR EL PERÚ	1068
MADRE DE DIOS|TAHUAMANÚ|LIBERTAD POPULAR	9
MADRE DE DIOS|TAHUAMANÚ|PARTIDO APRISTA PERUANO	114
MADRE DE DIOS|TAHUAMANÚ|PARTIDO CÍVICO OBRAS	545
MADRE DE DIOS|TAHUAMANÚ|PARTIDO DE LOS TRABAJADORES Y EMPRENDEDORES PTE - PERÚ	5
MADRE DE DIOS|TAHUAMANÚ|PARTIDO DEL BUEN GOBIERNO	149
MADRE DE DIOS|TAHUAMANÚ|PARTIDO DEMOCRATICO FEDERAL	6
MADRE DE DIOS|TAHUAMANÚ|PARTIDO DEMOCRÁTICO SOMOS PERÚ	31
MADRE DE DIOS|TAHUAMANÚ|PARTIDO DEMÓCRATA UNIDO PERÚ	80
MADRE DE DIOS|TAHUAMANÚ|PARTIDO DEMÓCRATA VERDE	25
MADRE DE DIOS|TAHUAMANÚ|PARTIDO FRENTE DE LA ESPERANZA 2021	95
MADRE DE DIOS|TAHUAMANÚ|PARTIDO MORADO	9
MADRE DE DIOS|TAHUAMANÚ|PARTIDO PATRIÓTICO DEL PERÚ	45
MADRE DE DIOS|TAHUAMANÚ|PARTIDO PAÍS PARA TODOS	228
MADRE DE DIOS|TAHUAMANÚ|PARTIDO POLÍTICO COOPERACIÓN POPULAR	62
MADRE DE DIOS|TAHUAMANÚ|PARTIDO POLÍTICO INTEGRIDAD DEMOCRÁTICA	5
MADRE DE DIOS|TAHUAMANÚ|PARTIDO POLÍTICO NACIONAL PERÚ LIBRE	54
MADRE DE DIOS|TAHUAMANÚ|PARTIDO POLÍTICO PERÚ ACCIÓN	10
MADRE DE DIOS|TAHUAMANÚ|PARTIDO POLÍTICO PERÚ PRIMERO	28
MADRE DE DIOS|TAHUAMANÚ|PARTIDO POLÍTICO PRIN	0
MADRE DE DIOS|TAHUAMANÚ|PARTIDO SICREO	89
MADRE DE DIOS|TAHUAMANÚ|PERÚ MODERNO	9
MADRE DE DIOS|TAHUAMANÚ|PODEMOS PERÚ	112
MADRE DE DIOS|TAHUAMANÚ|PRIMERO LA GENTE – COMUNIDAD, ECOLOGÍA, LIBERTAD Y PROGRESO	62
MADRE DE DIOS|TAHUAMANÚ|PROGRESEMOS	46
MADRE DE DIOS|TAHUAMANÚ|RENOVACIÓN POPULAR	149
MADRE DE DIOS|TAHUAMANÚ|SALVEMOS AL PERÚ	14
MADRE DE DIOS|TAHUAMANÚ|UN CAMINO DIFERENTE	10
MADRE DE DIOS|TAHUAMANÚ|UNIDAD NACIONAL	29
MADRE DE DIOS|TAHUAMANÚ|VOTOS EN BLANCO	1626
MADRE DE DIOS|TAHUAMANÚ|VOTOS NULOS	405
MADRE DE DIOS|TAMBOPATA|AHORA NACIÓN - AN	5173
MADRE DE DIOS|TAMBOPATA|ALIANZA ELECTORAL VENCEREMOS	575
MADRE DE DIOS|TAMBOPATA|ALIANZA PARA EL PROGRESO	939
MADRE DE DIOS|TAMBOPATA|AVANZA PAÍS - PARTIDO DE INTEGRACIÓN SOCIAL	304
MADRE DE DIOS|TAMBOPATA|FE EN EL PERÚ	75
MADRE DE DIOS|TAMBOPATA|FUERZA POPULAR	8735
MADRE DE DIOS|TAMBOPATA|FUERZA Y LIBERTAD	117
MADRE DE DIOS|TAMBOPATA|JUNTOS POR EL PERÚ	14305
MADRE DE DIOS|TAMBOPATA|LIBERTAD POPULAR	109
MADRE DE DIOS|TAMBOPATA|PARTIDO APRISTA PERUANO	396
MADRE DE DIOS|TAMBOPATA|PARTIDO CÍVICO OBRAS	9780
MADRE DE DIOS|TAMBOPATA|PARTIDO DE LOS TRABAJADORES Y EMPRENDEDORES PTE - PERÚ	45
MADRE DE DIOS|TAMBOPATA|PARTIDO DEL BUEN GOBIERNO	3705
MADRE DE DIOS|TAMBOPATA|PARTIDO DEMOCRATICO FEDERAL	109
MADRE DE DIOS|TAMBOPATA|PARTIDO DEMOCRÁTICO SOMOS PERÚ	557
MADRE DE DIOS|TAMBOPATA|PARTIDO DEMÓCRATA UNIDO PERÚ	692
MADRE DE DIOS|TAMBOPATA|PARTIDO DEMÓCRATA VERDE	314
MADRE DE DIOS|TAMBOPATA|PARTIDO FRENTE DE LA ESPERANZA 2021	2237
MADRE DE DIOS|TAMBOPATA|PARTIDO MORADO	195
MADRE DE DIOS|TAMBOPATA|PARTIDO PATRIÓTICO DEL PERÚ	890
MADRE DE DIOS|TAMBOPATA|PARTIDO PAÍS PARA TODOS	4503
MADRE DE DIOS|TAMBOPATA|PARTIDO POLÍTICO COOPERACIÓN POPULAR	1389
MADRE DE DIOS|TAMBOPATA|PARTIDO POLÍTICO INTEGRIDAD DEMOCRÁTICA	164
MADRE DE DIOS|TAMBOPATA|PARTIDO POLÍTICO NACIONAL PERÚ LIBRE	760
MADRE DE DIOS|TAMBOPATA|PARTIDO POLÍTICO PERÚ ACCIÓN	160
MADRE DE DIOS|TAMBOPATA|PARTIDO POLÍTICO PERÚ PRIMERO	688
MADRE DE DIOS|TAMBOPATA|PARTIDO POLÍTICO PRIN	35
MADRE DE DIOS|TAMBOPATA|PARTIDO SICREO	2290
MADRE DE DIOS|TAMBOPATA|PERÚ MODERNO	73
MADRE DE DIOS|TAMBOPATA|PODEMOS PERÚ	1124
MADRE DE DIOS|TAMBOPATA|PRIMERO LA GENTE – COMUNIDAD, ECOLOGÍA, LIBERTAD Y PROGRESO	1611
MADRE DE DIOS|TAMBOPATA|PROGRESEMOS	539
MADRE DE DIOS|TAMBOPATA|RENOVACIÓN POPULAR	2400
MADRE DE DIOS|TAMBOPATA|SALVEMOS AL PERÚ	79
MADRE DE DIOS|TAMBOPATA|UN CAMINO DIFERENTE	148
MADRE DE DIOS|TAMBOPATA|UNIDAD NACIONAL	259
MADRE DE DIOS|TAMBOPATA|VOTOS EN BLANCO	14131
MADRE DE DIOS|TAMBOPATA|VOTOS NULOS	4040
MOQUEGUA|GENERAL SÁNCHEZ CERRO|AHORA NACIÓN - AN	791
MOQUEGUA|GENERAL SÁNCHEZ CERRO|ALIANZA ELECTORAL VENCEREMOS	211
MOQUEGUA|GENERAL SÁNCHEZ CERRO|ALIANZA PARA EL PROGRESO	69
MOQUEGUA|GENERAL SÁNCHEZ CERRO|AVANZA PAÍS - PARTIDO DE INTEGRACIÓN SOCIAL	14
MOQUEGUA|GENERAL SÁNCHEZ CERRO|FE EN EL PERÚ	15
MOQUEGUA|GENERAL SÁNCHEZ CERRO|FUERZA POPULAR	549
MOQUEGUA|GENERAL SÁNCHEZ CERRO|FUERZA Y LIBERTAD	14
MOQUEGUA|GENERAL SÁNCHEZ CERRO|JUNTOS POR EL PERÚ	2225
MOQUEGUA|GENERAL SÁNCHEZ CERRO|LIBERTAD POPULAR	11
MOQUEGUA|GENERAL SÁNCHEZ CERRO|PARTIDO APRISTA PERUANO	37
MOQUEGUA|GENERAL SÁNCHEZ CERRO|PARTIDO CÍVICO OBRAS	1031
MOQUEGUA|GENERAL SÁNCHEZ CERRO|PARTIDO DE LOS TRABAJADORES Y EMPRENDEDORES PTE - PERÚ	5
MOQUEGUA|GENERAL SÁNCHEZ CERRO|PARTIDO DEL BUEN GOBIERNO	677
MOQUEGUA|GENERAL SÁNCHEZ CERRO|PARTIDO DEMOCRATICO FEDERAL	20
MOQUEGUA|GENERAL SÁNCHEZ CERRO|PARTIDO DEMOCRÁTICO SOMOS PERÚ	44
MOQUEGUA|GENERAL SÁNCHEZ CERRO|PARTIDO DEMÓCRATA UNIDO PERÚ	113
MOQUEGUA|GENERAL SÁNCHEZ CERRO|PARTIDO DEMÓCRATA VERDE	62
MOQUEGUA|GENERAL SÁNCHEZ CERRO|PARTIDO FRENTE DE LA ESPERANZA 2021	234
MOQUEGUA|GENERAL SÁNCHEZ CERRO|PARTIDO MORADO	36
MOQUEGUA|GENERAL SÁNCHEZ CERRO|PARTIDO PATRIÓTICO DEL PERÚ	96
MOQUEGUA|GENERAL SÁNCHEZ CERRO|PARTIDO PAÍS PARA TODOS	245
MOQUEGUA|GENERAL SÁNCHEZ CERRO|PARTIDO POLÍTICO COOPERACIÓN POPULAR	313
MOQUEGUA|GENERAL SÁNCHEZ CERRO|PARTIDO POLÍTICO INTEGRIDAD DEMOCRÁTICA	10
MOQUEGUA|GENERAL SÁNCHEZ CERRO|PARTIDO POLÍTICO NACIONAL PERÚ LIBRE	110
MOQUEGUA|GENERAL SÁNCHEZ CERRO|PARTIDO POLÍTICO PERÚ ACCIÓN	17
MOQUEGUA|GENERAL SÁNCHEZ CERRO|PARTIDO POLÍTICO PERÚ PRIMERO	873
MOQUEGUA|GENERAL SÁNCHEZ CERRO|PARTIDO POLÍTICO PRIN	38
MOQUEGUA|GENERAL SÁNCHEZ CERRO|PARTIDO SICREO	199
MOQUEGUA|GENERAL SÁNCHEZ CERRO|PERÚ MODERNO	3
MOQUEGUA|GENERAL SÁNCHEZ CERRO|PODEMOS PERÚ	210
MOQUEGUA|GENERAL SÁNCHEZ CERRO|PRIMERO LA GENTE – COMUNIDAD, ECOLOGÍA, LIBERTAD Y PROGRESO	189
MOQUEGUA|GENERAL SÁNCHEZ CERRO|PROGRESEMOS	67
MOQUEGUA|GENERAL SÁNCHEZ CERRO|RENOVACIÓN POPULAR	160
MOQUEGUA|GENERAL SÁNCHEZ CERRO|SALVEMOS AL PERÚ	19
MOQUEGUA|GENERAL SÁNCHEZ CERRO|UN CAMINO DIFERENTE	18
MOQUEGUA|GENERAL SÁNCHEZ CERRO|UNIDAD NACIONAL	20
MOQUEGUA|GENERAL SÁNCHEZ CERRO|VOTOS EN BLANCO	1415
MOQUEGUA|GENERAL SÁNCHEZ CERRO|VOTOS NULOS	511
MOQUEGUA|ILO|AHORA NACIÓN - AN	4175
MOQUEGUA|ILO|ALIANZA ELECTORAL VENCEREMOS	496
MOQUEGUA|ILO|ALIANZA PARA EL PROGRESO	206
MOQUEGUA|ILO|AVANZA PAÍS - PARTIDO DE INTEGRACIÓN SOCIAL	59
MOQUEGUA|ILO|FE EN EL PERÚ	41
MOQUEGUA|ILO|FUERZA POPULAR	4080
MOQUEGUA|ILO|FUERZA Y LIBERTAD	56
MOQUEGUA|ILO|JUNTOS POR EL PERÚ	4938
MOQUEGUA|ILO|LIBERTAD POPULAR	88
MOQUEGUA|ILO|PARTIDO APRISTA PERUANO	300
MOQUEGUA|ILO|PARTIDO CÍVICO OBRAS	6230
MOQUEGUA|ILO|PARTIDO DE LOS TRABAJADORES Y EMPRENDEDORES PTE - PERÚ	38
MOQUEGUA|ILO|PARTIDO DEL BUEN GOBIERNO	5645
MOQUEGUA|ILO|PARTIDO DEMOCRATICO FEDERAL	100
MOQUEGUA|ILO|PARTIDO DEMOCRÁTICO SOMOS PERÚ	495
MOQUEGUA|ILO|PARTIDO DEMÓCRATA UNIDO PERÚ	588
MOQUEGUA|ILO|PARTIDO DEMÓCRATA VERDE	167
MOQUEGUA|ILO|PARTIDO FRENTE DE LA ESPERANZA 2021	2082
MOQUEGUA|ILO|PARTIDO MORADO	233
MOQUEGUA|ILO|PARTIDO PATRIÓTICO DEL PERÚ	432
MOQUEGUA|ILO|PARTIDO PAÍS PARA TODOS	3194
MOQUEGUA|ILO|PARTIDO POLÍTICO COOPERACIÓN POPULAR	1885
MOQUEGUA|ILO|PARTIDO POLÍTICO INTEGRIDAD DEMOCRÁTICA	168
MOQUEGUA|ILO|PARTIDO POLÍTICO NACIONAL PERÚ LIBRE	280
MOQUEGUA|ILO|PARTIDO POLÍTICO PERÚ ACCIÓN	91
MOQUEGUA|ILO|PARTIDO POLÍTICO PERÚ PRIMERO	1145
MOQUEGUA|ILO|PARTIDO POLÍTICO PRIN	24
MOQUEGUA|ILO|PARTIDO SICREO	2122
MOQUEGUA|ILO|PERÚ MODERNO	58
MOQUEGUA|ILO|PODEMOS PERÚ	680
MOQUEGUA|ILO|PRIMERO LA GENTE – COMUNIDAD, ECOLOGÍA, LIBERTAD Y PROGRESO	2580
MOQUEGUA|ILO|PROGRESEMOS	527
MOQUEGUA|ILO|RENOVACIÓN POPULAR	3924
MOQUEGUA|ILO|SALVEMOS AL PERÚ	36
MOQUEGUA|ILO|UN CAMINO DIFERENTE	144
MOQUEGUA|ILO|UNIDAD NACIONAL	228
MOQUEGUA|ILO|VOTOS EN BLANCO	5250
MOQUEGUA|ILO|VOTOS NULOS	2090
MOQUEGUA|MARISCAL NIETO|AHORA NACIÓN - AN	7004
MOQUEGUA|MARISCAL NIETO|ALIANZA ELECTORAL VENCEREMOS	882
MOQUEGUA|MARISCAL NIETO|ALIANZA PARA EL PROGRESO	334
MOQUEGUA|MARISCAL NIETO|AVANZA PAÍS - PARTIDO DE INTEGRACIÓN SOCIAL	54
MOQUEGUA|MARISCAL NIETO|FE EN EL PERÚ	51
MOQUEGUA|MARISCAL NIETO|FUERZA POPULAR	2928
MOQUEGUA|MARISCAL NIETO|FUERZA Y LIBERTAD	97
MOQUEGUA|MARISCAL NIETO|JUNTOS POR EL PERÚ	7492
MOQUEGUA|MARISCAL NIETO|LIBERTAD POPULAR	80
MOQUEGUA|MARISCAL NIETO|PARTIDO APRISTA PERUANO	248
MOQUEGUA|MARISCAL NIETO|PARTIDO CÍVICO OBRAS	6621
MOQUEGUA|MARISCAL NIETO|PARTIDO DE LOS TRABAJADORES Y EMPRENDEDORES PTE - PERÚ	57
MOQUEGUA|MARISCAL NIETO|PARTIDO DEL BUEN GOBIERNO	5566
MOQUEGUA|MARISCAL NIETO|PARTIDO DEMOCRATICO FEDERAL	85
MOQUEGUA|MARISCAL NIETO|PARTIDO DEMOCRÁTICO SOMOS PERÚ	186
MOQUEGUA|MARISCAL NIETO|PARTIDO DEMÓCRATA UNIDO PERÚ	629
MOQUEGUA|MARISCAL NIETO|PARTIDO DEMÓCRATA VERDE	185
MOQUEGUA|MARISCAL NIETO|PARTIDO FRENTE DE LA ESPERANZA 2021	2565
MOQUEGUA|MARISCAL NIETO|PARTIDO MORADO	329
MOQUEGUA|MARISCAL NIETO|PARTIDO PATRIÓTICO DEL PERÚ	563
MOQUEGUA|MARISCAL NIETO|PARTIDO PAÍS PARA TODOS	2705
MOQUEGUA|MARISCAL NIETO|PARTIDO POLÍTICO COOPERACIÓN POPULAR	3068
MOQUEGUA|MARISCAL NIETO|PARTIDO POLÍTICO INTEGRIDAD DEMOCRÁTICA	135
MOQUEGUA|MARISCAL NIETO|PARTIDO POLÍTICO NACIONAL PERÚ LIBRE	583
MOQUEGUA|MARISCAL NIETO|PARTIDO POLÍTICO PERÚ ACCIÓN	111
MOQUEGUA|MARISCAL NIETO|PARTIDO POLÍTICO PERÚ PRIMERO	5063
MOQUEGUA|MARISCAL NIETO|PARTIDO POLÍTICO PRIN	78
MOQUEGUA|MARISCAL NIETO|PARTIDO SICREO	2533
MOQUEGUA|MARISCAL NIETO|PERÚ MODERNO	57
MOQUEGUA|MARISCAL NIETO|PODEMOS PERÚ	965
MOQUEGUA|MARISCAL NIETO|PRIMERO LA GENTE – COMUNIDAD, ECOLOGÍA, LIBERTAD Y PROGRESO	3028
MOQUEGUA|MARISCAL NIETO|PROGRESEMOS	412
MOQUEGUA|MARISCAL NIETO|RENOVACIÓN POPULAR	2513
MOQUEGUA|MARISCAL NIETO|SALVEMOS AL PERÚ	63
MOQUEGUA|MARISCAL NIETO|UN CAMINO DIFERENTE	175
MOQUEGUA|MARISCAL NIETO|UNIDAD NACIONAL	143
MOQUEGUA|MARISCAL NIETO|VOTOS EN BLANCO	5303
MOQUEGUA|MARISCAL NIETO|VOTOS NULOS	2662
OCEANÍA|AUSTRALIA|AHORA NACIÓN - AN	220
OCEANÍA|AUSTRALIA|ALIANZA ELECTORAL VENCEREMOS	8
OCEANÍA|AUSTRALIA|ALIANZA PARA EL PROGRESO	0
OCEANÍA|AUSTRALIA|AVANZA PAÍS - PARTIDO DE INTEGRACIÓN SOCIAL	2
OCEANÍA|AUSTRALIA|FE EN EL PERÚ	2
OCEANÍA|AUSTRALIA|FUERZA POPULAR	151
OCEANÍA|AUSTRALIA|FUERZA Y LIBERTAD	0
OCEANÍA|AUSTRALIA|JUNTOS POR EL PERÚ	22
OCEANÍA|AUSTRALIA|LIBERTAD POPULAR	9
OCEANÍA|AUSTRALIA|PARTIDO APRISTA PERUANO	10
OCEANÍA|AUSTRALIA|PARTIDO CÍVICO OBRAS	109
OCEANÍA|AUSTRALIA|PARTIDO DE LOS TRABAJADORES Y EMPRENDEDORES PTE - PERÚ	0
OCEANÍA|AUSTRALIA|PARTIDO DEL BUEN GOBIERNO	327
OCEANÍA|AUSTRALIA|PARTIDO DEMOCRATICO FEDERAL	2
OCEANÍA|AUSTRALIA|PARTIDO DEMOCRÁTICO SOMOS PERÚ	12
OCEANÍA|AUSTRALIA|PARTIDO DEMÓCRATA UNIDO PERÚ	8
OCEANÍA|AUSTRALIA|PARTIDO DEMÓCRATA VERDE	1
OCEANÍA|AUSTRALIA|PARTIDO FRENTE DE LA ESPERANZA 2021	11
OCEANÍA|AUSTRALIA|PARTIDO MORADO	11
OCEANÍA|AUSTRALIA|PARTIDO PATRIÓTICO DEL PERÚ	4
OCEANÍA|AUSTRALIA|PARTIDO PAÍS PARA TODOS	134
OCEANÍA|AUSTRALIA|PARTIDO POLÍTICO COOPERACIÓN POPULAR	9
OCEANÍA|AUSTRALIA|PARTIDO POLÍTICO INTEGRIDAD DEMOCRÁTICA	3
OCEANÍA|AUSTRALIA|PARTIDO POLÍTICO NACIONAL PERÚ LIBRE	4
OCEANÍA|AUSTRALIA|PARTIDO POLÍTICO PERÚ ACCIÓN	4
OCEANÍA|AUSTRALIA|PARTIDO POLÍTICO PERÚ PRIMERO	2
OCEANÍA|AUSTRALIA|PARTIDO POLÍTICO PRIN	1
OCEANÍA|AUSTRALIA|PARTIDO SICREO	23
OCEANÍA|AUSTRALIA|PERÚ MODERNO	2
OCEANÍA|AUSTRALIA|PODEMOS PERÚ	1
OCEANÍA|AUSTRALIA|PRIMERO LA GENTE – COMUNIDAD, ECOLOGÍA, LIBERTAD Y PROGRESO	139
OCEANÍA|AUSTRALIA|PROGRESEMOS	2
OCEANÍA|AUSTRALIA|RENOVACIÓN POPULAR	884
OCEANÍA|AUSTRALIA|SALVEMOS AL PERÚ	2
OCEANÍA|AUSTRALIA|UN CAMINO DIFERENTE	5
OCEANÍA|AUSTRALIA|UNIDAD NACIONAL	17
OCEANÍA|AUSTRALIA|VOTOS EN BLANCO	191
OCEANÍA|AUSTRALIA|VOTOS NULOS	49
OCEANÍA|NUEVA ZELANDA|AHORA NACIÓN - AN	11
OCEANÍA|NUEVA ZELANDA|ALIANZA ELECTORAL VENCEREMOS	1
OCEANÍA|NUEVA ZELANDA|ALIANZA PARA EL PROGRESO	1
OCEANÍA|NUEVA ZELANDA|AVANZA PAÍS - PARTIDO DE INTEGRACIÓN SOCIAL	1
OCEANÍA|NUEVA ZELANDA|FE EN EL PERÚ	0
OCEANÍA|NUEVA ZELANDA|FUERZA POPULAR	12
OCEANÍA|NUEVA ZELANDA|FUERZA Y LIBERTAD	1
OCEANÍA|NUEVA ZELANDA|JUNTOS POR EL PERÚ	1
OCEANÍA|NUEVA ZELANDA|LIBERTAD POPULAR	2
OCEANÍA|NUEVA ZELANDA|PARTIDO APRISTA PERUANO	4
OCEANÍA|NUEVA ZELANDA|PARTIDO CÍVICO OBRAS	11
OCEANÍA|NUEVA ZELANDA|PARTIDO DE LOS TRABAJADORES Y EMPRENDEDORES PTE - PERÚ	0
OCEANÍA|NUEVA ZELANDA|PARTIDO DEL BUEN GOBIERNO	42
OCEANÍA|NUEVA ZELANDA|PARTIDO DEMOCRATICO FEDERAL	0
OCEANÍA|NUEVA ZELANDA|PARTIDO DEMOCRÁTICO SOMOS PERÚ	1
OCEANÍA|NUEVA ZELANDA|PARTIDO DEMÓCRATA UNIDO PERÚ	0
OCEANÍA|NUEVA ZELANDA|PARTIDO DEMÓCRATA VERDE	0
OCEANÍA|NUEVA ZELANDA|PARTIDO FRENTE DE LA ESPERANZA 2021	3
OCEANÍA|NUEVA ZELANDA|PARTIDO MORADO	2
OCEANÍA|NUEVA ZELANDA|PARTIDO PATRIÓTICO DEL PERÚ	0
OCEANÍA|NUEVA ZELANDA|PARTIDO PAÍS PARA TODOS	12
OCEANÍA|NUEVA ZELANDA|PARTIDO POLÍTICO COOPERACIÓN POPULAR	0
OCEANÍA|NUEVA ZELANDA|PARTIDO POLÍTICO INTEGRIDAD DEMOCRÁTICA	0
OCEANÍA|NUEVA ZELANDA|PARTIDO POLÍTICO NACIONAL PERÚ LIBRE	1
OCEANÍA|NUEVA ZELANDA|PARTIDO POLÍTICO PERÚ ACCIÓN	0
OCEANÍA|NUEVA ZELANDA|PARTIDO POLÍTICO PERÚ PRIMERO	1
OCEANÍA|NUEVA ZELANDA|PARTIDO POLÍTICO PRIN	0
OCEANÍA|NUEVA ZELANDA|PARTIDO SICREO	1
OCEANÍA|NUEVA ZELANDA|PERÚ MODERNO	0
OCEANÍA|NUEVA ZELANDA|PODEMOS PERÚ	0
OCEANÍA|NUEVA ZELANDA|PRIMERO LA GENTE – COMUNIDAD, ECOLOGÍA, LIBERTAD Y PROGRESO	19
OCEANÍA|NUEVA ZELANDA|PROGRESEMOS	1
OCEANÍA|NUEVA ZELANDA|RENOVACIÓN POPULAR	99
OCEANÍA|NUEVA ZELANDA|SALVEMOS AL PERÚ	0
OCEANÍA|NUEVA ZELANDA|UN CAMINO DIFERENTE	0
OCEANÍA|NUEVA ZELANDA|UNIDAD NACIONAL	2
OCEANÍA|NUEVA ZELANDA|VOTOS EN BLANCO	17
OCEANÍA|NUEVA ZELANDA|VOTOS NULOS	5
PASCO|DANIEL ALCIDES CARRIÓN|AHORA NACIÓN - AN	1605
PASCO|DANIEL ALCIDES CARRIÓN|ALIANZA ELECTORAL VENCEREMOS	86
PASCO|DANIEL ALCIDES CARRIÓN|ALIANZA PARA EL PROGRESO	136
PASCO|DANIEL ALCIDES CARRIÓN|AVANZA PAÍS - PARTIDO DE INTEGRACIÓN SOCIAL	8
PASCO|DANIEL ALCIDES CARRIÓN|FE EN EL PERÚ	23
PASCO|DANIEL ALCIDES CARRIÓN|FUERZA POPULAR	1071
PASCO|DANIEL ALCIDES CARRIÓN|FUERZA Y LIBERTAD	19
PASCO|DANIEL ALCIDES CARRIÓN|JUNTOS POR EL PERÚ	5320
PASCO|DANIEL ALCIDES CARRIÓN|LIBERTAD POPULAR	13
PASCO|DANIEL ALCIDES CARRIÓN|PARTIDO APRISTA PERUANO	45
PASCO|DANIEL ALCIDES CARRIÓN|PARTIDO CÍVICO OBRAS	2072
PASCO|DANIEL ALCIDES CARRIÓN|PARTIDO DE LOS TRABAJADORES Y EMPRENDEDORES PTE - PERÚ	10
PASCO|DANIEL ALCIDES CARRIÓN|PARTIDO DEL BUEN GOBIERNO	350
PASCO|DANIEL ALCIDES CARRIÓN|PARTIDO DEMOCRATICO FEDERAL	20
PASCO|DANIEL ALCIDES CARRIÓN|PARTIDO DEMOCRÁTICO SOMOS PERÚ	239
PASCO|DANIEL ALCIDES CARRIÓN|PARTIDO DEMÓCRATA UNIDO PERÚ	106
PASCO|DANIEL ALCIDES CARRIÓN|PARTIDO DEMÓCRATA VERDE	78
PASCO|DANIEL ALCIDES CARRIÓN|PARTIDO FRENTE DE LA ESPERANZA 2021	588
PASCO|DANIEL ALCIDES CARRIÓN|PARTIDO MORADO	36
PASCO|DANIEL ALCIDES CARRIÓN|PARTIDO PATRIÓTICO DEL PERÚ	187
PASCO|DANIEL ALCIDES CARRIÓN|PARTIDO PAÍS PARA TODOS	272
PASCO|DANIEL ALCIDES CARRIÓN|PARTIDO POLÍTICO COOPERACIÓN POPULAR	250
PASCO|DANIEL ALCIDES CARRIÓN|PARTIDO POLÍTICO INTEGRIDAD DEMOCRÁTICA	14
PASCO|DANIEL ALCIDES CARRIÓN|PARTIDO POLÍTICO NACIONAL PERÚ LIBRE	135
PASCO|DANIEL ALCIDES CARRIÓN|PARTIDO POLÍTICO PERÚ ACCIÓN	22
PASCO|DANIEL ALCIDES CARRIÓN|PARTIDO POLÍTICO PERÚ PRIMERO	120
PASCO|DANIEL ALCIDES CARRIÓN|PARTIDO POLÍTICO PRIN	12
PASCO|DANIEL ALCIDES CARRIÓN|PARTIDO SICREO	234
PASCO|DANIEL ALCIDES CARRIÓN|PERÚ MODERNO	4
PASCO|DANIEL ALCIDES CARRIÓN|PODEMOS PERÚ	661
PASCO|DANIEL ALCIDES CARRIÓN|PRIMERO LA GENTE – COMUNIDAD, ECOLOGÍA, LIBERTAD Y PROGRESO	139
PASCO|DANIEL ALCIDES CARRIÓN|PROGRESEMOS	34
PASCO|DANIEL ALCIDES CARRIÓN|RENOVACIÓN POPULAR	321
PASCO|DANIEL ALCIDES CARRIÓN|SALVEMOS AL PERÚ	14
PASCO|DANIEL ALCIDES CARRIÓN|UN CAMINO DIFERENTE	14
PASCO|DANIEL ALCIDES CARRIÓN|UNIDAD NACIONAL	15
PASCO|DANIEL ALCIDES CARRIÓN|VOTOS EN BLANCO	2366
PASCO|DANIEL ALCIDES CARRIÓN|VOTOS NULOS	875
PASCO|OXAPAMPA|AHORA NACIÓN - AN	1607
PASCO|OXAPAMPA|ALIANZA ELECTORAL VENCEREMOS	226
PASCO|OXAPAMPA|ALIANZA PARA EL PROGRESO	675
PASCO|OXAPAMPA|AVANZA PAÍS - PARTIDO DE INTEGRACIÓN SOCIAL	31
PASCO|OXAPAMPA|FE EN EL PERÚ	69
PASCO|OXAPAMPA|FUERZA POPULAR	13367
PASCO|OXAPAMPA|FUERZA Y LIBERTAD	84
PASCO|OXAPAMPA|JUNTOS POR EL PERÚ	6437
PASCO|OXAPAMPA|LIBERTAD POPULAR	67
PASCO|OXAPAMPA|PARTIDO APRISTA PERUANO	160
PASCO|OXAPAMPA|PARTIDO CÍVICO OBRAS	3592
PASCO|OXAPAMPA|PARTIDO DE LOS TRABAJADORES Y EMPRENDEDORES PTE - PERÚ	33
PASCO|OXAPAMPA|PARTIDO DEL BUEN GOBIERNO	1420
PASCO|OXAPAMPA|PARTIDO DEMOCRATICO FEDERAL	49
PASCO|OXAPAMPA|PARTIDO DEMOCRÁTICO SOMOS PERÚ	440
PASCO|OXAPAMPA|PARTIDO DEMÓCRATA UNIDO PERÚ	450
PASCO|OXAPAMPA|PARTIDO DEMÓCRATA VERDE	194
PASCO|OXAPAMPA|PARTIDO FRENTE DE LA ESPERANZA 2021	656
PASCO|OXAPAMPA|PARTIDO MORADO	152
PASCO|OXAPAMPA|PARTIDO PATRIÓTICO DEL PERÚ	471
PASCO|OXAPAMPA|PARTIDO PAÍS PARA TODOS	1400
PASCO|OXAPAMPA|PARTIDO POLÍTICO COOPERACIÓN POPULAR	346
PASCO|OXAPAMPA|PARTIDO POLÍTICO INTEGRIDAD DEMOCRÁTICA	140
PASCO|OXAPAMPA|PARTIDO POLÍTICO NACIONAL PERÚ LIBRE	361
PASCO|OXAPAMPA|PARTIDO POLÍTICO PERÚ ACCIÓN	84
PASCO|OXAPAMPA|PARTIDO POLÍTICO PERÚ PRIMERO	357
PASCO|OXAPAMPA|PARTIDO POLÍTICO PRIN	42
PASCO|OXAPAMPA|PARTIDO SICREO	765
PASCO|OXAPAMPA|PERÚ MODERNO	13
PASCO|OXAPAMPA|PODEMOS PERÚ	1445
PASCO|OXAPAMPA|PRIMERO LA GENTE – COMUNIDAD, ECOLOGÍA, LIBERTAD Y PROGRESO	515
PASCO|OXAPAMPA|PROGRESEMOS	97
PASCO|OXAPAMPA|RENOVACIÓN POPULAR	4819
PASCO|OXAPAMPA|SALVEMOS AL PERÚ	42
PASCO|OXAPAMPA|UN CAMINO DIFERENTE	100
PASCO|OXAPAMPA|UNIDAD NACIONAL	63
PASCO|OXAPAMPA|VOTOS EN BLANCO	11402
PASCO|OXAPAMPA|VOTOS NULOS	3008
PASCO|PASCO|AHORA NACIÓN - AN	7069
PASCO|PASCO|ALIANZA ELECTORAL VENCEREMOS	353
PASCO|PASCO|ALIANZA PARA EL PROGRESO	839
PASCO|PASCO|AVANZA PAÍS - PARTIDO DE INTEGRACIÓN SOCIAL	81
PASCO|PASCO|FE EN EL PERÚ	98
PASCO|PASCO|FUERZA POPULAR	7404
PASCO|PASCO|FUERZA Y LIBERTAD	99
PASCO|PASCO|JUNTOS POR EL PERÚ	9849
PASCO|PASCO|LIBERTAD POPULAR	143
PASCO|PASCO|PARTIDO APRISTA PERUANO	276
PASCO|PASCO|PARTIDO CÍVICO OBRAS	8191
PASCO|PASCO|PARTIDO DE LOS TRABAJADORES Y EMPRENDEDORES PTE - PERÚ	60
PASCO|PASCO|PARTIDO DEL BUEN GOBIERNO	3413
PASCO|PASCO|PARTIDO DEMOCRATICO FEDERAL	114
PASCO|PASCO|PARTIDO DEMOCRÁTICO SOMOS PERÚ	1162
PASCO|PASCO|PARTIDO DEMÓCRATA UNIDO PERÚ	387
PASCO|PASCO|PARTIDO DEMÓCRATA VERDE	327
PASCO|PASCO|PARTIDO FRENTE DE LA ESPERANZA 2021	3722
PASCO|PASCO|PARTIDO MORADO	313
PASCO|PASCO|PARTIDO PATRIÓTICO DEL PERÚ	753
PASCO|PASCO|PARTIDO PAÍS PARA TODOS	3066
PASCO|PASCO|PARTIDO POLÍTICO COOPERACIÓN POPULAR	1715
PASCO|PASCO|PARTIDO POLÍTICO INTEGRIDAD DEMOCRÁTICA	206
PASCO|PASCO|PARTIDO POLÍTICO NACIONAL PERÚ LIBRE	502
PASCO|PASCO|PARTIDO POLÍTICO PERÚ ACCIÓN	175
PASCO|PASCO|PARTIDO POLÍTICO PERÚ PRIMERO	630
PASCO|PASCO|PARTIDO POLÍTICO PRIN	40
PASCO|PASCO|PARTIDO SICREO	2217
PASCO|PASCO|PERÚ MODERNO	21
PASCO|PASCO|PODEMOS PERÚ	3188
PASCO|PASCO|PRIMERO LA GENTE – COMUNIDAD, ECOLOGÍA, LIBERTAD Y PROGRESO	1439
PASCO|PASCO|PROGRESEMOS	179
PASCO|PASCO|RENOVACIÓN POPULAR	2510
PASCO|PASCO|SALVEMOS AL PERÚ	58
PASCO|PASCO|UN CAMINO DIFERENTE	107
PASCO|PASCO|UNIDAD NACIONAL	107
PASCO|PASCO|VOTOS EN BLANCO	8374
PASCO|PASCO|VOTOS NULOS	4164
PIURA|AYABACA|AHORA NACIÓN - AN	1700
PIURA|AYABACA|ALIANZA ELECTORAL VENCEREMOS	621
PIURA|AYABACA|ALIANZA PARA EL PROGRESO	377
PIURA|AYABACA|AVANZA PAÍS - PARTIDO DE INTEGRACIÓN SOCIAL	23
PIURA|AYABACA|FE EN EL PERÚ	67
PIURA|AYABACA|FUERZA POPULAR	5459
PIURA|AYABACA|FUERZA Y LIBERTAD	62
PIURA|AYABACA|JUNTOS POR EL PERÚ	18285
PIURA|AYABACA|LIBERTAD POPULAR	45
PIURA|AYABACA|PARTIDO APRISTA PERUANO	159
PIURA|AYABACA|PARTIDO CÍVICO OBRAS	3116
PIURA|AYABACA|PARTIDO DE LOS TRABAJADORES Y EMPRENDEDORES PTE - PERÚ	21
PIURA|AYABACA|PARTIDO DEL BUEN GOBIERNO	847
PIURA|AYABACA|PARTIDO DEMOCRATICO FEDERAL	36
PIURA|AYABACA|PARTIDO DEMOCRÁTICO SOMOS PERÚ	179
PIURA|AYABACA|PARTIDO DEMÓCRATA UNIDO PERÚ	339
PIURA|AYABACA|PARTIDO DEMÓCRATA VERDE	151
PIURA|AYABACA|PARTIDO FRENTE DE LA ESPERANZA 2021	201
PIURA|AYABACA|PARTIDO MORADO	35
PIURA|AYABACA|PARTIDO PATRIÓTICO DEL PERÚ	461
PIURA|AYABACA|PARTIDO PAÍS PARA TODOS	776
PIURA|AYABACA|PARTIDO POLÍTICO COOPERACIÓN POPULAR	111
PIURA|AYABACA|PARTIDO POLÍTICO INTEGRIDAD DEMOCRÁTICA	74
PIURA|AYABACA|PARTIDO POLÍTICO NACIONAL PERÚ LIBRE	239
PIURA|AYABACA|PARTIDO POLÍTICO PERÚ ACCIÓN	70
PIURA|AYABACA|PARTIDO POLÍTICO PERÚ PRIMERO	405
PIURA|AYABACA|PARTIDO POLÍTICO PRIN	28
PIURA|AYABACA|PARTIDO SICREO	353
PIURA|AYABACA|PERÚ MODERNO	21
PIURA|AYABACA|PODEMOS PERÚ	1444
PIURA|AYABACA|PRIMERO LA GENTE – COMUNIDAD, ECOLOGÍA, LIBERTAD Y PROGRESO	331
PIURA|AYABACA|PROGRESEMOS	114
PIURA|AYABACA|RENOVACIÓN POPULAR	736
PIURA|AYABACA|SALVEMOS AL PERÚ	106
PIURA|AYABACA|UN CAMINO DIFERENTE	137
PIURA|AYABACA|UNIDAD NACIONAL	43
PIURA|AYABACA|VOTOS EN BLANCO	10138
PIURA|AYABACA|VOTOS NULOS	3322
PIURA|HUANCABAMBA|AHORA NACIÓN - AN	1427
PIURA|HUANCABAMBA|ALIANZA ELECTORAL VENCEREMOS	1010
PIURA|HUANCABAMBA|ALIANZA PARA EL PROGRESO	502
PIURA|HUANCABAMBA|AVANZA PAÍS - PARTIDO DE INTEGRACIÓN SOCIAL	18
PIURA|HUANCABAMBA|FE EN EL PERÚ	85
PIURA|HUANCABAMBA|FUERZA POPULAR	6920
PIURA|HUANCABAMBA|FUERZA Y LIBERTAD	21
PIURA|HUANCABAMBA|JUNTOS POR EL PERÚ	21039
PIURA|HUANCABAMBA|LIBERTAD POPULAR	55
PIURA|HUANCABAMBA|PARTIDO APRISTA PERUANO	537
PIURA|HUANCABAMBA|PARTIDO CÍVICO OBRAS	2872
PIURA|HUANCABAMBA|PARTIDO DE LOS TRABAJADORES Y EMPRENDEDORES PTE - PERÚ	21
PIURA|HUANCABAMBA|PARTIDO DEL BUEN GOBIERNO	903
PIURA|HUANCABAMBA|PARTIDO DEMOCRATICO FEDERAL	58
PIURA|HUANCABAMBA|PARTIDO DEMOCRÁTICO SOMOS PERÚ	152
PIURA|HUANCABAMBA|PARTIDO DEMÓCRATA UNIDO PERÚ	379
PIURA|HUANCABAMBA|PARTIDO DEMÓCRATA VERDE	177
PIURA|HUANCABAMBA|PARTIDO FRENTE DE LA ESPERANZA 2021	215
PIURA|HUANCABAMBA|PARTIDO MORADO	69
PIURA|HUANCABAMBA|PARTIDO PATRIÓTICO DEL PERÚ	379
PIURA|HUANCABAMBA|PARTIDO PAÍS PARA TODOS	608
PIURA|HUANCABAMBA|PARTIDO POLÍTICO COOPERACIÓN POPULAR	112
PIURA|HUANCABAMBA|PARTIDO POLÍTICO INTEGRIDAD DEMOCRÁTICA	93
PIURA|HUANCABAMBA|PARTIDO POLÍTICO NACIONAL PERÚ LIBRE	325
PIURA|HUANCABAMBA|PARTIDO POLÍTICO PERÚ ACCIÓN	82
PIURA|HUANCABAMBA|PARTIDO POLÍTICO PERÚ PRIMERO	1228
PIURA|HUANCABAMBA|PARTIDO POLÍTICO PRIN	28
PIURA|HUANCABAMBA|PARTIDO SICREO	342
PIURA|HUANCABAMBA|PERÚ MODERNO	19
PIURA|HUANCABAMBA|PODEMOS PERÚ	1567
PIURA|HUANCABAMBA|PRIMERO LA GENTE – COMUNIDAD, ECOLOGÍA, LIBERTAD Y PROGRESO	304
PIURA|HUANCABAMBA|PROGRESEMOS	85
PIURA|HUANCABAMBA|RENOVACIÓN POPULAR	843
PIURA|HUANCABAMBA|SALVEMOS AL PERÚ	163
PIURA|HUANCABAMBA|UN CAMINO DIFERENTE	233
PIURA|HUANCABAMBA|UNIDAD NACIONAL	51
PIURA|HUANCABAMBA|VOTOS EN BLANCO	10600
PIURA|HUANCABAMBA|VOTOS NULOS	4907
PIURA|MORROPÓN|AHORA NACIÓN - AN	3123
PIURA|MORROPÓN|ALIANZA ELECTORAL VENCEREMOS	1058
PIURA|MORROPÓN|ALIANZA PARA EL PROGRESO	1424
PIURA|MORROPÓN|AVANZA PAÍS - PARTIDO DE INTEGRACIÓN SOCIAL	108
PIURA|MORROPÓN|FE EN EL PERÚ	120
PIURA|MORROPÓN|FUERZA POPULAR	27256
PIURA|MORROPÓN|FUERZA Y LIBERTAD	145
PIURA|MORROPÓN|JUNTOS POR EL PERÚ	10673
PIURA|MORROPÓN|LIBERTAD POPULAR	183
PIURA|MORROPÓN|PARTIDO APRISTA PERUANO	1449
PIURA|MORROPÓN|PARTIDO CÍVICO OBRAS	5883
PIURA|MORROPÓN|PARTIDO DE LOS TRABAJADORES Y EMPRENDEDORES PTE - PERÚ	42
PIURA|MORROPÓN|PARTIDO DEL BUEN GOBIERNO	4132
PIURA|MORROPÓN|PARTIDO DEMOCRATICO FEDERAL	111
PIURA|MORROPÓN|PARTIDO DEMOCRÁTICO SOMOS PERÚ	1390
PIURA|MORROPÓN|PARTIDO DEMÓCRATA UNIDO PERÚ	466
PIURA|MORROPÓN|PARTIDO DEMÓCRATA VERDE	376
PIURA|MORROPÓN|PARTIDO FRENTE DE LA ESPERANZA 2021	608
PIURA|MORROPÓN|PARTIDO MORADO	154
PIURA|MORROPÓN|PARTIDO PATRIÓTICO DEL PERÚ	904
PIURA|MORROPÓN|PARTIDO PAÍS PARA TODOS	4835
PIURA|MORROPÓN|PARTIDO POLÍTICO COOPERACIÓN POPULAR	292
PIURA|MORROPÓN|PARTIDO POLÍTICO INTEGRIDAD DEMOCRÁTICA	210
PIURA|MORROPÓN|PARTIDO POLÍTICO NACIONAL PERÚ LIBRE	401
PIURA|MORROPÓN|PARTIDO POLÍTICO PERÚ ACCIÓN	159
PIURA|MORROPÓN|PARTIDO POLÍTICO PERÚ PRIMERO	1100
PIURA|MORROPÓN|PARTIDO POLÍTICO PRIN	66
PIURA|MORROPÓN|PARTIDO SICREO	1279
PIURA|MORROPÓN|PERÚ MODERNO	47
PIURA|MORROPÓN|PODEMOS PERÚ	2025
PIURA|MORROPÓN|PRIMERO LA GENTE – COMUNIDAD, ECOLOGÍA, LIBERTAD Y PROGRESO	1315
PIURA|MORROPÓN|PROGRESEMOS	211
PIURA|MORROPÓN|RENOVACIÓN POPULAR	4415
PIURA|MORROPÓN|SALVEMOS AL PERÚ	176
PIURA|MORROPÓN|UN CAMINO DIFERENTE	291
PIURA|MORROPÓN|UNIDAD NACIONAL	175
PIURA|MORROPÓN|VOTOS EN BLANCO	20809
PIURA|MORROPÓN|VOTOS NULOS	6959
PIURA|PAITA|AHORA NACIÓN - AN	2259
PIURA|PAITA|ALIANZA ELECTORAL VENCEREMOS	265
PIURA|PAITA|ALIANZA PARA EL PROGRESO	1311
PIURA|PAITA|AVANZA PAÍS - PARTIDO DE INTEGRACIÓN SOCIAL	65
PIURA|PAITA|FE EN EL PERÚ	77
PIURA|PAITA|FUERZA POPULAR	16214
PIURA|PAITA|FUERZA Y LIBERTAD	86
PIURA|PAITA|JUNTOS POR EL PERÚ	4323
PIURA|PAITA|LIBERTAD POPULAR	162
PIURA|PAITA|PARTIDO APRISTA PERUANO	608
PIURA|PAITA|PARTIDO CÍVICO OBRAS	5458
PIURA|PAITA|PARTIDO DE LOS TRABAJADORES Y EMPRENDEDORES PTE - PERÚ	35
PIURA|PAITA|PARTIDO DEL BUEN GOBIERNO	6330
PIURA|PAITA|PARTIDO DEMOCRATICO FEDERAL	148
PIURA|PAITA|PARTIDO DEMOCRÁTICO SOMOS PERÚ	687
PIURA|PAITA|PARTIDO DEMÓCRATA UNIDO PERÚ	346
PIURA|PAITA|PARTIDO DEMÓCRATA VERDE	237
PIURA|PAITA|PARTIDO FRENTE DE LA ESPERANZA 2021	1160
PIURA|PAITA|PARTIDO MORADO	221
PIURA|PAITA|PARTIDO PATRIÓTICO DEL PERÚ	1022
PIURA|PAITA|PARTIDO PAÍS PARA TODOS	8460
PIURA|PAITA|PARTIDO POLÍTICO COOPERACIÓN POPULAR	349
PIURA|PAITA|PARTIDO POLÍTICO INTEGRIDAD DEMOCRÁTICA	223
PIURA|PAITA|PARTIDO POLÍTICO NACIONAL PERÚ LIBRE	321
PIURA|PAITA|PARTIDO POLÍTICO PERÚ ACCIÓN	173
PIURA|PAITA|PARTIDO POLÍTICO PERÚ PRIMERO	1141
PIURA|PAITA|PARTIDO POLÍTICO PRIN	59
PIURA|PAITA|PARTIDO SICREO	2008
PIURA|PAITA|PERÚ MODERNO	17
PIURA|PAITA|PODEMOS PERÚ	2125
PIURA|PAITA|PRIMERO LA GENTE – COMUNIDAD, ECOLOGÍA, LIBERTAD Y PROGRESO	1928
PIURA|PAITA|PROGRESEMOS	275
PIURA|PAITA|RENOVACIÓN POPULAR	2290
PIURA|PAITA|SALVEMOS AL PERÚ	64
PIURA|PAITA|UN CAMINO DIFERENTE	507
PIURA|PAITA|UNIDAD NACIONAL	130
PIURA|PAITA|VOTOS EN BLANCO	12720
PIURA|PAITA|VOTOS NULOS	6594
PIURA|PIURA|AHORA NACIÓN - AN	19954
PIURA|PIURA|ALIANZA ELECTORAL VENCEREMOS	2392
PIURA|PIURA|ALIANZA PARA EL PROGRESO	6536
PIURA|PIURA|AVANZA PAÍS - PARTIDO DE INTEGRACIÓN SOCIAL	533
PIURA|PIURA|FE EN EL PERÚ	475
PIURA|PIURA|FUERZA POPULAR	104537
PIURA|PIURA|FUERZA Y LIBERTAD	660
PIURA|PIURA|JUNTOS POR EL PERÚ	30798
PIURA|PIURA|LIBERTAD POPULAR	731
PIURA|PIURA|PARTIDO APRISTA PERUANO	5088
PIURA|PIURA|PARTIDO CÍVICO OBRAS	27083
PIURA|PIURA|PARTIDO DE LOS TRABAJADORES Y EMPRENDEDORES PTE - PERÚ	272
PIURA|PIURA|PARTIDO DEL BUEN GOBIERNO	41284
PIURA|PIURA|PARTIDO DEMOCRATICO FEDERAL	435
PIURA|PIURA|PARTIDO DEMOCRÁTICO SOMOS PERÚ	2591
PIURA|PIURA|PARTIDO DEMÓCRATA UNIDO PERÚ	1479
PIURA|PIURA|PARTIDO DEMÓCRATA VERDE	1251
PIURA|PIURA|PARTIDO FRENTE DE LA ESPERANZA 2021	5315
PIURA|PIURA|PARTIDO MORADO	1500
PIURA|PIURA|PARTIDO PATRIÓTICO DEL PERÚ	4105
PIURA|PIURA|PARTIDO PAÍS PARA TODOS	44858
PIURA|PIURA|PARTIDO POLÍTICO COOPERACIÓN POPULAR	2003
PIURA|PIURA|PARTIDO POLÍTICO INTEGRIDAD DEMOCRÁTICA	1987
PIURA|PIURA|PARTIDO POLÍTICO NACIONAL PERÚ LIBRE	1879
PIURA|PIURA|PARTIDO POLÍTICO PERÚ ACCIÓN	824
PIURA|PIURA|PARTIDO POLÍTICO PERÚ PRIMERO	8069
PIURA|PIURA|PARTIDO POLÍTICO PRIN	251
PIURA|PIURA|PARTIDO SICREO	12420
PIURA|PIURA|PERÚ MODERNO	149
PIURA|PIURA|PODEMOS PERÚ	6509
PIURA|PIURA|PRIMERO LA GENTE – COMUNIDAD, ECOLOGÍA, LIBERTAD Y PROGRESO	16797
PIURA|PIURA|PROGRESEMOS	1779
PIURA|PIURA|RENOVACIÓN POPULAR	36128
PIURA|PIURA|SALVEMOS AL PERÚ	495
PIURA|PIURA|UN CAMINO DIFERENTE	1944
PIURA|PIURA|UNIDAD NACIONAL	1296
PIURA|PIURA|VOTOS EN BLANCO	71347
PIURA|PIURA|VOTOS NULOS	34351
PIURA|SECHURA|AHORA NACIÓN - AN	1973
PIURA|SECHURA|ALIANZA ELECTORAL VENCEREMOS	1042
PIURA|SECHURA|ALIANZA PARA EL PROGRESO	996
PIURA|SECHURA|AVANZA PAÍS - PARTIDO DE INTEGRACIÓN SOCIAL	48
PIURA|SECHURA|FE EN EL PERÚ	29
PIURA|SECHURA|FUERZA POPULAR	11079
PIURA|SECHURA|FUERZA Y LIBERTAD	36
PIURA|SECHURA|JUNTOS POR EL PERÚ	2755
PIURA|SECHURA|LIBERTAD POPULAR	32
PIURA|SECHURA|PARTIDO APRISTA PERUANO	925
PIURA|SECHURA|PARTIDO CÍVICO OBRAS	4809
PIURA|SECHURA|PARTIDO DE LOS TRABAJADORES Y EMPRENDEDORES PTE - PERÚ	21
PIURA|SECHURA|PARTIDO DEL BUEN GOBIERNO	3602
PIURA|SECHURA|PARTIDO DEMOCRATICO FEDERAL	47
PIURA|SECHURA|PARTIDO DEMOCRÁTICO SOMOS PERÚ	234
PIURA|SECHURA|PARTIDO DEMÓCRATA UNIDO PERÚ	585
PIURA|SECHURA|PARTIDO DEMÓCRATA VERDE	170
PIURA|SECHURA|PARTIDO FRENTE DE LA ESPERANZA 2021	631
PIURA|SECHURA|PARTIDO MORADO	74
PIURA|SECHURA|PARTIDO PATRIÓTICO DEL PERÚ	632
PIURA|SECHURA|PARTIDO PAÍS PARA TODOS	2711
PIURA|SECHURA|PARTIDO POLÍTICO COOPERACIÓN POPULAR	279
PIURA|SECHURA|PARTIDO POLÍTICO INTEGRIDAD DEMOCRÁTICA	66
PIURA|SECHURA|PARTIDO POLÍTICO NACIONAL PERÚ LIBRE	168
PIURA|SECHURA|PARTIDO POLÍTICO PERÚ ACCIÓN	90
PIURA|SECHURA|PARTIDO POLÍTICO PERÚ PRIMERO	514
PIURA|SECHURA|PARTIDO POLÍTICO PRIN	16
PIURA|SECHURA|PARTIDO SICREO	1319
PIURA|SECHURA|PERÚ MODERNO	13
PIURA|SECHURA|PODEMOS PERÚ	1732
PIURA|SECHURA|PRIMERO LA GENTE – COMUNIDAD, ECOLOGÍA, LIBERTAD Y PROGRESO	905
PIURA|SECHURA|PROGRESEMOS	82
PIURA|SECHURA|RENOVACIÓN POPULAR	784
PIURA|SECHURA|SALVEMOS AL PERÚ	36
PIURA|SECHURA|UN CAMINO DIFERENTE	137
PIURA|SECHURA|UNIDAD NACIONAL	63
PIURA|SECHURA|VOTOS EN BLANCO	7939
PIURA|SECHURA|VOTOS NULOS	3129
PIURA|SULLANA|AHORA NACIÓN - AN	5936
PIURA|SULLANA|ALIANZA ELECTORAL VENCEREMOS	528
PIURA|SULLANA|ALIANZA PARA EL PROGRESO	2512
PIURA|SULLANA|AVANZA PAÍS - PARTIDO DE INTEGRACIÓN SOCIAL	208
PIURA|SULLANA|FE EN EL PERÚ	156
PIURA|SULLANA|FUERZA POPULAR	57241
PIURA|SULLANA|FUERZA Y LIBERTAD	269
PIURA|SULLANA|JUNTOS POR EL PERÚ	8062
PIURA|SULLANA|LIBERTAD POPULAR	477
PIURA|SULLANA|PARTIDO APRISTA PERUANO	1636
PIURA|SULLANA|PARTIDO CÍVICO OBRAS	9486
PIURA|SULLANA|PARTIDO DE LOS TRABAJADORES Y EMPRENDEDORES PTE - PERÚ	85
PIURA|SULLANA|PARTIDO DEL BUEN GOBIERNO	11997
PIURA|SULLANA|PARTIDO DEMOCRATICO FEDERAL	169
PIURA|SULLANA|PARTIDO DEMOCRÁTICO SOMOS PERÚ	802
PIURA|SULLANA|PARTIDO DEMÓCRATA UNIDO PERÚ	431
PIURA|SULLANA|PARTIDO DEMÓCRATA VERDE	594
PIURA|SULLANA|PARTIDO FRENTE DE LA ESPERANZA 2021	1859
PIURA|SULLANA|PARTIDO MORADO	397
PIURA|SULLANA|PARTIDO PATRIÓTICO DEL PERÚ	1340
PIURA|SULLANA|PARTIDO PAÍS PARA TODOS	21489
PIURA|SULLANA|PARTIDO POLÍTICO COOPERACIÓN POPULAR	852
PIURA|SULLANA|PARTIDO POLÍTICO INTEGRIDAD DEMOCRÁTICA	699
PIURA|SULLANA|PARTIDO POLÍTICO NACIONAL PERÚ LIBRE	581
PIURA|SULLANA|PARTIDO POLÍTICO PERÚ ACCIÓN	305
PIURA|SULLANA|PARTIDO POLÍTICO PERÚ PRIMERO	2771
PIURA|SULLANA|PARTIDO POLÍTICO PRIN	307
PIURA|SULLANA|PARTIDO SICREO	4055
PIURA|SULLANA|PERÚ MODERNO	67
PIURA|SULLANA|PODEMOS PERÚ	2502
PIURA|SULLANA|PRIMERO LA GENTE – COMUNIDAD, ECOLOGÍA, LIBERTAD Y PROGRESO	4235
PIURA|SULLANA|PROGRESEMOS	487
PIURA|SULLANA|RENOVACIÓN POPULAR	8839
PIURA|SULLANA|SALVEMOS AL PERÚ	169
PIURA|SULLANA|UN CAMINO DIFERENTE	812
PIURA|SULLANA|UNIDAD NACIONAL	644
PIURA|SULLANA|VOTOS EN BLANCO	34057
PIURA|SULLANA|VOTOS NULOS	16748
PIURA|TALARA|AHORA NACIÓN - AN	4019
PIURA|TALARA|ALIANZA ELECTORAL VENCEREMOS	459
PIURA|TALARA|ALIANZA PARA EL PROGRESO	1633
PIURA|TALARA|AVANZA PAÍS - PARTIDO DE INTEGRACIÓN SOCIAL	260
PIURA|TALARA|FE EN EL PERÚ	75
PIURA|TALARA|FUERZA POPULAR	14098
PIURA|TALARA|FUERZA Y LIBERTAD	101
PIURA|TALARA|JUNTOS POR EL PERÚ	2395
PIURA|TALARA|LIBERTAD POPULAR	130
PIURA|TALARA|PARTIDO APRISTA PERUANO	632
PIURA|TALARA|PARTIDO CÍVICO OBRAS	5615
PIURA|TALARA|PARTIDO DE LOS TRABAJADORES Y EMPRENDEDORES PTE - PERÚ	52
PIURA|TALARA|PARTIDO DEL BUEN GOBIERNO	7044
PIURA|TALARA|PARTIDO DEMOCRATICO FEDERAL	294
PIURA|TALARA|PARTIDO DEMOCRÁTICO SOMOS PERÚ	518
PIURA|TALARA|PARTIDO DEMÓCRATA UNIDO PERÚ	215
PIURA|TALARA|PARTIDO DEMÓCRATA VERDE	292
PIURA|TALARA|PARTIDO FRENTE DE LA ESPERANZA 2021	954
PIURA|TALARA|PARTIDO MORADO	202
PIURA|TALARA|PARTIDO PATRIÓTICO DEL PERÚ	770
PIURA|TALARA|PARTIDO PAÍS PARA TODOS	8677
PIURA|TALARA|PARTIDO POLÍTICO COOPERACIÓN POPULAR	653
PIURA|TALARA|PARTIDO POLÍTICO INTEGRIDAD DEMOCRÁTICA	379
PIURA|TALARA|PARTIDO POLÍTICO NACIONAL PERÚ LIBRE	193
PIURA|TALARA|PARTIDO POLÍTICO PERÚ ACCIÓN	167
PIURA|TALARA|PARTIDO POLÍTICO PERÚ PRIMERO	1125
PIURA|TALARA|PARTIDO POLÍTICO PRIN	152
PIURA|TALARA|PARTIDO SICREO	1922
PIURA|TALARA|PERÚ MODERNO	35
PIURA|TALARA|PODEMOS PERÚ	1758
PIURA|TALARA|PRIMERO LA GENTE – COMUNIDAD, ECOLOGÍA, LIBERTAD Y PROGRESO	3024
PIURA|TALARA|PROGRESEMOS	279
PIURA|TALARA|RENOVACIÓN POPULAR	4146
PIURA|TALARA|SALVEMOS AL PERÚ	76
PIURA|TALARA|UN CAMINO DIFERENTE	403
PIURA|TALARA|UNIDAD NACIONAL	231
PIURA|TALARA|VOTOS EN BLANCO	12376
PIURA|TALARA|VOTOS NULOS	6250
PUNO|AZÁNGARO|AHORA NACIÓN - AN	5197
PUNO|AZÁNGARO|ALIANZA ELECTORAL VENCEREMOS	5424
PUNO|AZÁNGARO|ALIANZA PARA EL PROGRESO	437
PUNO|AZÁNGARO|AVANZA PAÍS - PARTIDO DE INTEGRACIÓN SOCIAL	40
PUNO|AZÁNGARO|FE EN EL PERÚ	111
PUNO|AZÁNGARO|FUERZA POPULAR	1560
PUNO|AZÁNGARO|FUERZA Y LIBERTAD	47
PUNO|AZÁNGARO|JUNTOS POR EL PERÚ	24883
PUNO|AZÁNGARO|LIBERTAD POPULAR	65
PUNO|AZÁNGARO|PARTIDO APRISTA PERUANO	65
PUNO|AZÁNGARO|PARTIDO CÍVICO OBRAS	15555
PUNO|AZÁNGARO|PARTIDO DE LOS TRABAJADORES Y EMPRENDEDORES PTE - PERÚ	92
PUNO|AZÁNGARO|PARTIDO DEL BUEN GOBIERNO	1569
PUNO|AZÁNGARO|PARTIDO DEMOCRATICO FEDERAL	79
PUNO|AZÁNGARO|PARTIDO DEMOCRÁTICO SOMOS PERÚ	97
PUNO|AZÁNGARO|PARTIDO DEMÓCRATA UNIDO PERÚ	1200
PUNO|AZÁNGARO|PARTIDO DEMÓCRATA VERDE	297
PUNO|AZÁNGARO|PARTIDO FRENTE DE LA ESPERANZA 2021	2337
PUNO|AZÁNGARO|PARTIDO MORADO	135
PUNO|AZÁNGARO|PARTIDO PATRIÓTICO DEL PERÚ	536
PUNO|AZÁNGARO|PARTIDO PAÍS PARA TODOS	507
PUNO|AZÁNGARO|PARTIDO POLÍTICO COOPERACIÓN POPULAR	5803
PUNO|AZÁNGARO|PARTIDO POLÍTICO INTEGRIDAD DEMOCRÁTICA	37
PUNO|AZÁNGARO|PARTIDO POLÍTICO NACIONAL PERÚ LIBRE	445
PUNO|AZÁNGARO|PARTIDO POLÍTICO PERÚ ACCIÓN	123
PUNO|AZÁNGARO|PARTIDO POLÍTICO PERÚ PRIMERO	295
PUNO|AZÁNGARO|PARTIDO POLÍTICO PRIN	63
PUNO|AZÁNGARO|PARTIDO SICREO	1369
PUNO|AZÁNGARO|PERÚ MODERNO	17
PUNO|AZÁNGARO|PODEMOS PERÚ	619
PUNO|AZÁNGARO|PRIMERO LA GENTE – COMUNIDAD, ECOLOGÍA, LIBERTAD Y PROGRESO	503
PUNO|AZÁNGARO|PROGRESEMOS	288
PUNO|AZÁNGARO|RENOVACIÓN POPULAR	643
PUNO|AZÁNGARO|SALVEMOS AL PERÚ	80
PUNO|AZÁNGARO|UN CAMINO DIFERENTE	56
PUNO|AZÁNGARO|UNIDAD NACIONAL	69
PUNO|AZÁNGARO|VOTOS EN BLANCO	8434
PUNO|AZÁNGARO|VOTOS NULOS	4832
PUNO|CARABAYA|AHORA NACIÓN - AN	2069
PUNO|CARABAYA|ALIANZA ELECTORAL VENCEREMOS	550
PUNO|CARABAYA|ALIANZA PARA EL PROGRESO	139
PUNO|CARABAYA|AVANZA PAÍS - PARTIDO DE INTEGRACIÓN SOCIAL	25
PUNO|CARABAYA|FE EN EL PERÚ	56
PUNO|CARABAYA|FUERZA POPULAR	1337
PUNO|CARABAYA|FUERZA Y LIBERTAD	29
PUNO|CARABAYA|JUNTOS POR EL PERÚ	10615
PUNO|CARABAYA|LIBERTAD POPULAR	48
PUNO|CARABAYA|PARTIDO APRISTA PERUANO	47
PUNO|CARABAYA|PARTIDO CÍVICO OBRAS	6336
PUNO|CARABAYA|PARTIDO DE LOS TRABAJADORES Y EMPRENDEDORES PTE - PERÚ	18
PUNO|CARABAYA|PARTIDO DEL BUEN GOBIERNO	1021
PUNO|CARABAYA|PARTIDO DEMOCRATICO FEDERAL	41
PUNO|CARABAYA|PARTIDO DEMOCRÁTICO SOMOS PERÚ	75
PUNO|CARABAYA|PARTIDO DEMÓCRATA UNIDO PERÚ	611
PUNO|CARABAYA|PARTIDO DEMÓCRATA VERDE	199
PUNO|CARABAYA|PARTIDO FRENTE DE LA ESPERANZA 2021	1124
PUNO|CARABAYA|PARTIDO MORADO	55
PUNO|CARABAYA|PARTIDO PATRIÓTICO DEL PERÚ	293
PUNO|CARABAYA|PARTIDO PAÍS PARA TODOS	411
PUNO|CARABAYA|PARTIDO POLÍTICO COOPERACIÓN POPULAR	2907
PUNO|CARABAYA|PARTIDO POLÍTICO INTEGRIDAD DEMOCRÁTICA	38
PUNO|CARABAYA|PARTIDO POLÍTICO NACIONAL PERÚ LIBRE	245
PUNO|CARABAYA|PARTIDO POLÍTICO PERÚ ACCIÓN	72
PUNO|CARABAYA|PARTIDO POLÍTICO PERÚ PRIMERO	145
PUNO|CARABAYA|PARTIDO POLÍTICO PRIN	36
PUNO|CARABAYA|PARTIDO SICREO	963
PUNO|CARABAYA|PERÚ MODERNO	16
PUNO|CARABAYA|PODEMOS PERÚ	415
PUNO|CARABAYA|PRIMERO LA GENTE – COMUNIDAD, ECOLOGÍA, LIBERTAD Y PROGRESO	442
PUNO|CARABAYA|PROGRESEMOS	127
PUNO|CARABAYA|RENOVACIÓN POPULAR	330
PUNO|CARABAYA|SALVEMOS AL PERÚ	36
PUNO|CARABAYA|UN CAMINO DIFERENTE	41
PUNO|CARABAYA|UNIDAD NACIONAL	16
PUNO|CARABAYA|VOTOS EN BLANCO	4625
PUNO|CARABAYA|VOTOS NULOS	2608
PUNO|CHUCUITO|AHORA NACIÓN - AN	2952
PUNO|CHUCUITO|ALIANZA ELECTORAL VENCEREMOS	1416
PUNO|CHUCUITO|ALIANZA PARA EL PROGRESO	235
PUNO|CHUCUITO|AVANZA PAÍS - PARTIDO DE INTEGRACIÓN SOCIAL	50
PUNO|CHUCUITO|FE EN EL PERÚ	66
PUNO|CHUCUITO|FUERZA POPULAR	1138
PUNO|CHUCUITO|FUERZA Y LIBERTAD	54
PUNO|CHUCUITO|JUNTOS POR EL PERÚ	14110
PUNO|CHUCUITO|LIBERTAD POPULAR	70
PUNO|CHUCUITO|PARTIDO APRISTA PERUANO	71
PUNO|CHUCUITO|PARTIDO CÍVICO OBRAS	5783
PUNO|CHUCUITO|PARTIDO DE LOS TRABAJADORES Y EMPRENDEDORES PTE - PERÚ	27
PUNO|CHUCUITO|PARTIDO DEL BUEN GOBIERNO	853
PUNO|CHUCUITO|PARTIDO DEMOCRATICO FEDERAL	49
PUNO|CHUCUITO|PARTIDO DEMOCRÁTICO SOMOS PERÚ	214
PUNO|CHUCUITO|PARTIDO DEMÓCRATA UNIDO PERÚ	738
PUNO|CHUCUITO|PARTIDO DEMÓCRATA VERDE	259
PUNO|CHUCUITO|PARTIDO FRENTE DE LA ESPERANZA 2021	1242
PUNO|CHUCUITO|PARTIDO MORADO	80
PUNO|CHUCUITO|PARTIDO PATRIÓTICO DEL PERÚ	320
PUNO|CHUCUITO|PARTIDO PAÍS PARA TODOS	416
PUNO|CHUCUITO|PARTIDO POLÍTICO COOPERACIÓN POPULAR	5334
PUNO|CHUCUITO|PARTIDO POLÍTICO INTEGRIDAD DEMOCRÁTICA	32
PUNO|CHUCUITO|PARTIDO POLÍTICO NACIONAL PERÚ LIBRE	406
PUNO|CHUCUITO|PARTIDO POLÍTICO PERÚ ACCIÓN	80
PUNO|CHUCUITO|PARTIDO POLÍTICO PERÚ PRIMERO	196
PUNO|CHUCUITO|PARTIDO POLÍTICO PRIN	63
PUNO|CHUCUITO|PARTIDO SICREO	945
PUNO|CHUCUITO|PERÚ MODERNO	21
PUNO|CHUCUITO|PODEMOS PERÚ	590
PUNO|CHUCUITO|PRIMERO LA GENTE – COMUNIDAD, ECOLOGÍA, LIBERTAD Y PROGRESO	404
PUNO|CHUCUITO|PROGRESEMOS	378
PUNO|CHUCUITO|RENOVACIÓN POPULAR	395
PUNO|CHUCUITO|SALVEMOS AL PERÚ	67
PUNO|CHUCUITO|UN CAMINO DIFERENTE	45
PUNO|CHUCUITO|UNIDAD NACIONAL	49
PUNO|CHUCUITO|VOTOS EN BLANCO	5987
PUNO|CHUCUITO|VOTOS NULOS	2949
PUNO|EL COLLAO|AHORA NACIÓN - AN	3120
PUNO|EL COLLAO|ALIANZA ELECTORAL VENCEREMOS	1090
PUNO|EL COLLAO|ALIANZA PARA EL PROGRESO	236
PUNO|EL COLLAO|AVANZA PAÍS - PARTIDO DE INTEGRACIÓN SOCIAL	27
PUNO|EL COLLAO|FE EN EL PERÚ	63
PUNO|EL COLLAO|FUERZA POPULAR	957
PUNO|EL COLLAO|FUERZA Y LIBERTAD	30
PUNO|EL COLLAO|JUNTOS POR EL PERÚ	12436
PUNO|EL COLLAO|LIBERTAD POPULAR	40
PUNO|EL COLLAO|PARTIDO APRISTA PERUANO	81
PUNO|EL COLLAO|PARTIDO CÍVICO OBRAS	4843
PUNO|EL COLLAO|PARTIDO DE LOS TRABAJADORES Y EMPRENDEDORES PTE - PERÚ	24
PUNO|EL COLLAO|PARTIDO DEL BUEN GOBIERNO	765
PUNO|EL COLLAO|PARTIDO DEMOCRATICO FEDERAL	51
PUNO|EL COLLAO|PARTIDO DEMOCRÁTICO SOMOS PERÚ	323
PUNO|EL COLLAO|PARTIDO DEMÓCRATA UNIDO PERÚ	946
PUNO|EL COLLAO|PARTIDO DEMÓCRATA VERDE	355
PUNO|EL COLLAO|PARTIDO FRENTE DE LA ESPERANZA 2021	1073
PUNO|EL COLLAO|PARTIDO MORADO	81
PUNO|EL COLLAO|PARTIDO PATRIÓTICO DEL PERÚ	350
PUNO|EL COLLAO|PARTIDO PAÍS PARA TODOS	285
PUNO|EL COLLAO|PARTIDO POLÍTICO COOPERACIÓN POPULAR	3974
PUNO|EL COLLAO|PARTIDO POLÍTICO INTEGRIDAD DEMOCRÁTICA	27
PUNO|EL COLLAO|PARTIDO POLÍTICO NACIONAL PERÚ LIBRE	385
PUNO|EL COLLAO|PARTIDO POLÍTICO PERÚ ACCIÓN	64
PUNO|EL COLLAO|PARTIDO POLÍTICO PERÚ PRIMERO	145
PUNO|EL COLLAO|PARTIDO POLÍTICO PRIN	57
PUNO|EL COLLAO|PARTIDO SICREO	888
PUNO|EL COLLAO|PERÚ MODERNO	13
PUNO|EL COLLAO|PODEMOS PERÚ	495
PUNO|EL COLLAO|PRIMERO LA GENTE – COMUNIDAD, ECOLOGÍA, LIBERTAD Y PROGRESO	333
PUNO|EL COLLAO|PROGRESEMOS	136
PUNO|EL COLLAO|RENOVACIÓN POPULAR	285
PUNO|EL COLLAO|SALVEMOS AL PERÚ	60
PUNO|EL COLLAO|UN CAMINO DIFERENTE	35
PUNO|EL COLLAO|UNIDAD NACIONAL	37
PUNO|EL COLLAO|VOTOS EN BLANCO	5656
PUNO|EL COLLAO|VOTOS NULOS	2538
PUNO|HUANCANÉ|AHORA NACIÓN - AN	3753
PUNO|HUANCANÉ|ALIANZA ELECTORAL VENCEREMOS	3365
PUNO|HUANCANÉ|ALIANZA PARA EL PROGRESO	184
PUNO|HUANCANÉ|AVANZA PAÍS - PARTIDO DE INTEGRACIÓN SOCIAL	26
PUNO|HUANCANÉ|FE EN EL PERÚ	66
PUNO|HUANCANÉ|FUERZA POPULAR	869
PUNO|HUANCANÉ|FUERZA Y LIBERTAD	32
PUNO|HUANCANÉ|JUNTOS POR EL PERÚ	13062
PUNO|HUANCANÉ|LIBERTAD POPULAR	55
PUNO|HUANCANÉ|PARTIDO APRISTA PERUANO	55
PUNO|HUANCANÉ|PARTIDO CÍVICO OBRAS	5851
PUNO|HUANCANÉ|PARTIDO DE LOS TRABAJADORES Y EMPRENDEDORES PTE - PERÚ	20
PUNO|HUANCANÉ|PARTIDO DEL BUEN GOBIERNO	691
PUNO|HUANCANÉ|PARTIDO DEMOCRATICO FEDERAL	54
PUNO|HUANCANÉ|PARTIDO DEMOCRÁTICO SOMOS PERÚ	74
PUNO|HUANCANÉ|PARTIDO DEMÓCRATA UNIDO PERÚ	1263
PUNO|HUANCANÉ|PARTIDO DEMÓCRATA VERDE	190
PUNO|HUANCANÉ|PARTIDO FRENTE DE LA ESPERANZA 2021	1254
PUNO|HUANCANÉ|PARTIDO MORADO	89
PUNO|HUANCANÉ|PARTIDO PATRIÓTICO DEL PERÚ	301
PUNO|HUANCANÉ|PARTIDO PAÍS PARA TODOS	325
PUNO|HUANCANÉ|PARTIDO POLÍTICO COOPERACIÓN POPULAR	2651
PUNO|HUANCANÉ|PARTIDO POLÍTICO INTEGRIDAD DEMOCRÁTICA	33
PUNO|HUANCANÉ|PARTIDO POLÍTICO NACIONAL PERÚ LIBRE	329
PUNO|HUANCANÉ|PARTIDO POLÍTICO PERÚ ACCIÓN	58
PUNO|HUANCANÉ|PARTIDO POLÍTICO PERÚ PRIMERO	297
PUNO|HUANCANÉ|PARTIDO POLÍTICO PRIN	36
PUNO|HUANCANÉ|PARTIDO SICREO	652
PUNO|HUANCANÉ|PERÚ MODERNO	19
PUNO|HUANCANÉ|PODEMOS PERÚ	376
PUNO|HUANCANÉ|PRIMERO LA GENTE – COMUNIDAD, ECOLOGÍA, LIBERTAD Y PROGRESO	295
PUNO|HUANCANÉ|PROGRESEMOS	175
PUNO|HUANCANÉ|RENOVACIÓN POPULAR	337
PUNO|HUANCANÉ|SALVEMOS AL PERÚ	57
PUNO|HUANCANÉ|UN CAMINO DIFERENTE	39
PUNO|HUANCANÉ|UNIDAD NACIONAL	42
PUNO|HUANCANÉ|VOTOS EN BLANCO	5614
PUNO|HUANCANÉ|VOTOS NULOS	3155
PUNO|LAMPA|AHORA NACIÓN - AN	2899
PUNO|LAMPA|ALIANZA ELECTORAL VENCEREMOS	3063
PUNO|LAMPA|ALIANZA PARA EL PROGRESO	183
PUNO|LAMPA|AVANZA PAÍS - PARTIDO DE INTEGRACIÓN SOCIAL	21
PUNO|LAMPA|FE EN EL PERÚ	47
PUNO|LAMPA|FUERZA POPULAR	927
PUNO|LAMPA|FUERZA Y LIBERTAD	25
PUNO|LAMPA|JUNTOS POR EL PERÚ	7370
PUNO|LAMPA|LIBERTAD POPULAR	29
PUNO|LAMPA|PARTIDO APRISTA PERUANO	53
PUNO|LAMPA|PARTIDO CÍVICO OBRAS	4980
PUNO|LAMPA|PARTIDO DE LOS TRABAJADORES Y EMPRENDEDORES PTE - PERÚ	15
PUNO|LAMPA|PARTIDO DEL BUEN GOBIERNO	761
PUNO|LAMPA|PARTIDO DEMOCRATICO FEDERAL	42
PUNO|LAMPA|PARTIDO DEMOCRÁTICO SOMOS PERÚ	55
PUNO|LAMPA|PARTIDO DEMÓCRATA UNIDO PERÚ	430
PUNO|LAMPA|PARTIDO DEMÓCRATA VERDE	132
PUNO|LAMPA|PARTIDO FRENTE DE LA ESPERANZA 2021	1019
PUNO|LAMPA|PARTIDO MORADO	57
PUNO|LAMPA|PARTIDO PATRIÓTICO DEL PERÚ	212
PUNO|LAMPA|PARTIDO PAÍS PARA TODOS	293
PUNO|LAMPA|PARTIDO POLÍTICO COOPERACIÓN POPULAR	2554
PUNO|LAMPA|PARTIDO POLÍTICO INTEGRIDAD DEMOCRÁTICA	18
PUNO|LAMPA|PARTIDO POLÍTICO NACIONAL PERÚ LIBRE	194
PUNO|LAMPA|PARTIDO POLÍTICO PERÚ ACCIÓN	56
PUNO|LAMPA|PARTIDO POLÍTICO PERÚ PRIMERO	164
PUNO|LAMPA|PARTIDO POLÍTICO PRIN	33
PUNO|LAMPA|PARTIDO SICREO	634
PUNO|LAMPA|PERÚ MODERNO	6
PUNO|LAMPA|PODEMOS PERÚ	250
PUNO|LAMPA|PRIMERO LA GENTE – COMUNIDAD, ECOLOGÍA, LIBERTAD Y PROGRESO	251
PUNO|LAMPA|PROGRESEMOS	117
PUNO|LAMPA|RENOVACIÓN POPULAR	308
PUNO|LAMPA|SALVEMOS AL PERÚ	28
PUNO|LAMPA|UN CAMINO DIFERENTE	24
PUNO|LAMPA|UNIDAD NACIONAL	16
PUNO|LAMPA|VOTOS EN BLANCO	2774
PUNO|LAMPA|VOTOS NULOS	1609
PUNO|MELGAR|AHORA NACIÓN - AN	4482
PUNO|MELGAR|ALIANZA ELECTORAL VENCEREMOS	2524
PUNO|MELGAR|ALIANZA PARA EL PROGRESO	131
PUNO|MELGAR|AVANZA PAÍS - PARTIDO DE INTEGRACIÓN SOCIAL	20
PUNO|MELGAR|FE EN EL PERÚ	56
PUNO|MELGAR|FUERZA POPULAR	1157
PUNO|MELGAR|FUERZA Y LIBERTAD	33
PUNO|MELGAR|JUNTOS POR EL PERÚ	10063
PUNO|MELGAR|LIBERTAD POPULAR	55
PUNO|MELGAR|PARTIDO APRISTA PERUANO	55
PUNO|MELGAR|PARTIDO CÍVICO OBRAS	7966
PUNO|MELGAR|PARTIDO DE LOS TRABAJADORES Y EMPRENDEDORES PTE - PERÚ	17
PUNO|MELGAR|PARTIDO DEL BUEN GOBIERNO	1417
PUNO|MELGAR|PARTIDO DEMOCRATICO FEDERAL	45
PUNO|MELGAR|PARTIDO DEMOCRÁTICO SOMOS PERÚ	105
PUNO|MELGAR|PARTIDO DEMÓCRATA UNIDO PERÚ	580
PUNO|MELGAR|PARTIDO DEMÓCRATA VERDE	172
PUNO|MELGAR|PARTIDO FRENTE DE LA ESPERANZA 2021	1380
PUNO|MELGAR|PARTIDO MORADO	131
PUNO|MELGAR|PARTIDO PATRIÓTICO DEL PERÚ	355
PUNO|MELGAR|PARTIDO PAÍS PARA TODOS	395
PUNO|MELGAR|PARTIDO POLÍTICO COOPERACIÓN POPULAR	3579
PUNO|MELGAR|PARTIDO POLÍTICO INTEGRIDAD DEMOCRÁTICA	36
PUNO|MELGAR|PARTIDO POLÍTICO NACIONAL PERÚ LIBRE	333
PUNO|MELGAR|PARTIDO POLÍTICO PERÚ ACCIÓN	68
PUNO|MELGAR|PARTIDO POLÍTICO PERÚ PRIMERO	330
PUNO|MELGAR|PARTIDO POLÍTICO PRIN	27
PUNO|MELGAR|PARTIDO SICREO	960
PUNO|MELGAR|PERÚ MODERNO	28
PUNO|MELGAR|PODEMOS PERÚ	343
PUNO|MELGAR|PRIMERO LA GENTE – COMUNIDAD, ECOLOGÍA, LIBERTAD Y PROGRESO	433
PUNO|MELGAR|PROGRESEMOS	124
PUNO|MELGAR|RENOVACIÓN POPULAR	474
PUNO|MELGAR|SALVEMOS AL PERÚ	38
PUNO|MELGAR|UN CAMINO DIFERENTE	36
PUNO|MELGAR|UNIDAD NACIONAL	40
PUNO|MELGAR|VOTOS EN BLANCO	4090
PUNO|MELGAR|VOTOS NULOS	2409
PUNO|MOHO|AHORA NACIÓN - AN	1192
PUNO|MOHO|ALIANZA ELECTORAL VENCEREMOS	963
PUNO|MOHO|ALIANZA PARA EL PROGRESO	49
PUNO|MOHO|AVANZA PAÍS - PARTIDO DE INTEGRACIÓN SOCIAL	22
PUNO|MOHO|FE EN EL PERÚ	38
PUNO|MOHO|FUERZA POPULAR	317
PUNO|MOHO|FUERZA Y LIBERTAD	10
PUNO|MOHO|JUNTOS POR EL PERÚ	4543
PUNO|MOHO|LIBERTAD POPULAR	27
PUNO|MOHO|PARTIDO APRISTA PERUANO	13
PUNO|MOHO|PARTIDO CÍVICO OBRAS	2175
PUNO|MOHO|PARTIDO DE LOS TRABAJADORES Y EMPRENDEDORES PTE - PERÚ	14
PUNO|MOHO|PARTIDO DEL BUEN GOBIERNO	213
PUNO|MOHO|PARTIDO DEMOCRATICO FEDERAL	28
PUNO|MOHO|PARTIDO DEMOCRÁTICO SOMOS PERÚ	50
PUNO|MOHO|PARTIDO DEMÓCRATA UNIDO PERÚ	248
PUNO|MOHO|PARTIDO DEMÓCRATA VERDE	92
PUNO|MOHO|PARTIDO FRENTE DE LA ESPERANZA 2021	432
PUNO|MOHO|PARTIDO MORADO	32
PUNO|MOHO|PARTIDO PATRIÓTICO DEL PERÚ	133
PUNO|MOHO|PARTIDO PAÍS PARA TODOS	163
PUNO|MOHO|PARTIDO POLÍTICO COOPERACIÓN POPULAR	1016
PUNO|MOHO|PARTIDO POLÍTICO INTEGRIDAD DEMOCRÁTICA	11
PUNO|MOHO|PARTIDO POLÍTICO NACIONAL PERÚ LIBRE	181
PUNO|MOHO|PARTIDO POLÍTICO PERÚ ACCIÓN	33
PUNO|MOHO|PARTIDO POLÍTICO PERÚ PRIMERO	72
PUNO|MOHO|PARTIDO POLÍTICO PRIN	15
PUNO|MOHO|PARTIDO SICREO	213
PUNO|MOHO|PERÚ MODERNO	6
PUNO|MOHO|PODEMOS PERÚ	131
PUNO|MOHO|PRIMERO LA GENTE – COMUNIDAD, ECOLOGÍA, LIBERTAD Y PROGRESO	68
PUNO|MOHO|PROGRESEMOS	64
PUNO|MOHO|RENOVACIÓN POPULAR	79
PUNO|MOHO|SALVEMOS AL PERÚ	36
PUNO|MOHO|UN CAMINO DIFERENTE	12
PUNO|MOHO|UNIDAD NACIONAL	11
PUNO|MOHO|VOTOS EN BLANCO	2472
PUNO|MOHO|VOTOS NULOS	1112
PUNO|PUNO|AHORA NACIÓN - AN	17812
PUNO|PUNO|ALIANZA ELECTORAL VENCEREMOS	6064
PUNO|PUNO|ALIANZA PARA EL PROGRESO	710
PUNO|PUNO|AVANZA PAÍS - PARTIDO DE INTEGRACIÓN SOCIAL	94
PUNO|PUNO|FE EN EL PERÚ	197
PUNO|PUNO|FUERZA POPULAR	5526
PUNO|PUNO|FUERZA Y LIBERTAD	196
PUNO|PUNO|JUNTOS POR EL PERÚ	20890
PUNO|PUNO|LIBERTAD POPULAR	164
PUNO|PUNO|PARTIDO APRISTA PERUANO	419
PUNO|PUNO|PARTIDO CÍVICO OBRAS	16021
PUNO|PUNO|PARTIDO DE LOS TRABAJADORES Y EMPRENDEDORES PTE - PERÚ	97
PUNO|PUNO|PARTIDO DEL BUEN GOBIERNO	8076
PUNO|PUNO|PARTIDO DEMOCRATICO FEDERAL	198
PUNO|PUNO|PARTIDO DEMOCRÁTICO SOMOS PERÚ	592
PUNO|PUNO|PARTIDO DEMÓCRATA UNIDO PERÚ	1641
PUNO|PUNO|PARTIDO DEMÓCRATA VERDE	776
PUNO|PUNO|PARTIDO FRENTE DE LA ESPERANZA 2021	5430
PUNO|PUNO|PARTIDO MORADO	497
PUNO|PUNO|PARTIDO PATRIÓTICO DEL PERÚ	1170
PUNO|PUNO|PARTIDO PAÍS PARA TODOS	2854
PUNO|PUNO|PARTIDO POLÍTICO COOPERACIÓN POPULAR	24089
PUNO|PUNO|PARTIDO POLÍTICO INTEGRIDAD DEMOCRÁTICA	163
PUNO|PUNO|PARTIDO POLÍTICO NACIONAL PERÚ LIBRE	1117
PUNO|PUNO|PARTIDO POLÍTICO PERÚ ACCIÓN	218
PUNO|PUNO|PARTIDO POLÍTICO PERÚ PRIMERO	658
PUNO|PUNO|PARTIDO POLÍTICO PRIN	142
PUNO|PUNO|PARTIDO SICREO	4659
PUNO|PUNO|PERÚ MODERNO	58
PUNO|PUNO|PODEMOS PERÚ	889
PUNO|PUNO|PRIMERO LA GENTE – COMUNIDAD, ECOLOGÍA, LIBERTAD Y PROGRESO	2835
PUNO|PUNO|PROGRESEMOS	607
PUNO|PUNO|RENOVACIÓN POPULAR	3962
PUNO|PUNO|SALVEMOS AL PERÚ	124
PUNO|PUNO|UN CAMINO DIFERENTE	177
PUNO|PUNO|UNIDAD NACIONAL	297
PUNO|PUNO|VOTOS EN BLANCO	13026
PUNO|PUNO|VOTOS NULOS	7147
PUNO|SAN ANTONIO DE PUTINA|AHORA NACIÓN - AN	1182
PUNO|SAN ANTONIO DE PUTINA|ALIANZA ELECTORAL VENCEREMOS	593
PUNO|SAN ANTONIO DE PUTINA|ALIANZA PARA EL PROGRESO	72
PUNO|SAN ANTONIO DE PUTINA|AVANZA PAÍS - PARTIDO DE INTEGRACIÓN SOCIAL	9
PUNO|SAN ANTONIO DE PUTINA|FE EN EL PERÚ	37
PUNO|SAN ANTONIO DE PUTINA|FUERZA POPULAR	431
PUNO|SAN ANTONIO DE PUTINA|FUERZA Y LIBERTAD	10
PUNO|SAN ANTONIO DE PUTINA|JUNTOS POR EL PERÚ	5975
PUNO|SAN ANTONIO DE PUTINA|LIBERTAD POPULAR	11
PUNO|SAN ANTONIO DE PUTINA|PARTIDO APRISTA PERUANO	20
PUNO|SAN ANTONIO DE PUTINA|PARTIDO CÍVICO OBRAS	4046
PUNO|SAN ANTONIO DE PUTINA|PARTIDO DE LOS TRABAJADORES Y EMPRENDEDORES PTE - PERÚ	8
PUNO|SAN ANTONIO DE PUTINA|PARTIDO DEL BUEN GOBIERNO	443
PUNO|SAN ANTONIO DE PUTINA|PARTIDO DEMOCRATICO FEDERAL	21
PUNO|SAN ANTONIO DE PUTINA|PARTIDO DEMOCRÁTICO SOMOS PERÚ	54
PUNO|SAN ANTONIO DE PUTINA|PARTIDO DEMÓCRATA UNIDO PERÚ	326
PUNO|SAN ANTONIO DE PUTINA|PARTIDO DEMÓCRATA VERDE	60
PUNO|SAN ANTONIO DE PUTINA|PARTIDO FRENTE DE LA ESPERANZA 2021	704
PUNO|SAN ANTONIO DE PUTINA|PARTIDO MORADO	22
PUNO|SAN ANTONIO DE PUTINA|PARTIDO PATRIÓTICO DEL PERÚ	134
PUNO|SAN ANTONIO DE PUTINA|PARTIDO PAÍS PARA TODOS	130
PUNO|SAN ANTONIO DE PUTINA|PARTIDO POLÍTICO COOPERACIÓN POPULAR	1656
PUNO|SAN ANTONIO DE PUTINA|PARTIDO POLÍTICO INTEGRIDAD DEMOCRÁTICA	7
PUNO|SAN ANTONIO DE PUTINA|PARTIDO POLÍTICO NACIONAL PERÚ LIBRE	161
PUNO|SAN ANTONIO DE PUTINA|PARTIDO POLÍTICO PERÚ ACCIÓN	25
PUNO|SAN ANTONIO DE PUTINA|PARTIDO POLÍTICO PERÚ PRIMERO	67
PUNO|SAN ANTONIO DE PUTINA|PARTIDO POLÍTICO PRIN	15
PUNO|SAN ANTONIO DE PUTINA|PARTIDO SICREO	424
PUNO|SAN ANTONIO DE PUTINA|PERÚ MODERNO	5
PUNO|SAN ANTONIO DE PUTINA|PODEMOS PERÚ	172
PUNO|SAN ANTONIO DE PUTINA|PRIMERO LA GENTE – COMUNIDAD, ECOLOGÍA, LIBERTAD Y PROGRESO	147
PUNO|SAN ANTONIO DE PUTINA|PROGRESEMOS	72
PUNO|SAN ANTONIO DE PUTINA|RENOVACIÓN POPULAR	152
PUNO|SAN ANTONIO DE PUTINA|SALVEMOS AL PERÚ	20
PUNO|SAN ANTONIO DE PUTINA|UN CAMINO DIFERENTE	9
PUNO|SAN ANTONIO DE PUTINA|UNIDAD NACIONAL	9
PUNO|SAN ANTONIO DE PUTINA|VOTOS EN BLANCO	1787
PUNO|SAN ANTONIO DE PUTINA|VOTOS NULOS	1144
PUNO|SAN ROMÁN|AHORA NACIÓN - AN	25385
PUNO|SAN ROMÁN|ALIANZA ELECTORAL VENCEREMOS	7747
PUNO|SAN ROMÁN|ALIANZA PARA EL PROGRESO	1074
PUNO|SAN ROMÁN|AVANZA PAÍS - PARTIDO DE INTEGRACIÓN SOCIAL	169
PUNO|SAN ROMÁN|FE EN EL PERÚ	155
PUNO|SAN ROMÁN|FUERZA POPULAR	9135
PUNO|SAN ROMÁN|FUERZA Y LIBERTAD	246
PUNO|SAN ROMÁN|JUNTOS POR EL PERÚ	24330
PUNO|SAN ROMÁN|LIBERTAD POPULAR	183
PUNO|SAN ROMÁN|PARTIDO APRISTA PERUANO	326
PUNO|SAN ROMÁN|PARTIDO CÍVICO OBRAS	33230
PUNO|SAN ROMÁN|PARTIDO DE LOS TRABAJADORES Y EMPRENDEDORES PTE - PERÚ	139
PUNO|SAN ROMÁN|PARTIDO DEL BUEN GOBIERNO	10057
PUNO|SAN ROMÁN|PARTIDO DEMOCRATICO FEDERAL	313
PUNO|SAN ROMÁN|PARTIDO DEMOCRÁTICO SOMOS PERÚ	479
PUNO|SAN ROMÁN|PARTIDO DEMÓCRATA UNIDO PERÚ	2073
PUNO|SAN ROMÁN|PARTIDO DEMÓCRATA VERDE	631
PUNO|SAN ROMÁN|PARTIDO FRENTE DE LA ESPERANZA 2021	11980
PUNO|SAN ROMÁN|PARTIDO MORADO	773
PUNO|SAN ROMÁN|PARTIDO PATRIÓTICO DEL PERÚ	1702
PUNO|SAN ROMÁN|PARTIDO PAÍS PARA TODOS	4335
PUNO|SAN ROMÁN|PARTIDO POLÍTICO COOPERACIÓN POPULAR	15065
PUNO|SAN ROMÁN|PARTIDO POLÍTICO INTEGRIDAD DEMOCRÁTICA	268
PUNO|SAN ROMÁN|PARTIDO POLÍTICO NACIONAL PERÚ LIBRE	1045
PUNO|SAN ROMÁN|PARTIDO POLÍTICO PERÚ ACCIÓN	289
PUNO|SAN ROMÁN|PARTIDO POLÍTICO PERÚ PRIMERO	1591
PUNO|SAN ROMÁN|PARTIDO POLÍTICO PRIN	131
PUNO|SAN ROMÁN|PARTIDO SICREO	7636
PUNO|SAN ROMÁN|PERÚ MODERNO	66
PUNO|SAN ROMÁN|PODEMOS PERÚ	1309
PUNO|SAN ROMÁN|PRIMERO LA GENTE – COMUNIDAD, ECOLOGÍA, LIBERTAD Y PROGRESO	3777
PUNO|SAN ROMÁN|PROGRESEMOS	728
PUNO|SAN ROMÁN|RENOVACIÓN POPULAR	5091
PUNO|SAN ROMÁN|SALVEMOS AL PERÚ	114
PUNO|SAN ROMÁN|UN CAMINO DIFERENTE	287
PUNO|SAN ROMÁN|UNIDAD NACIONAL	246
PUNO|SAN ROMÁN|VOTOS EN BLANCO	14711
PUNO|SAN ROMÁN|VOTOS NULOS	7441
PUNO|SANDIA|AHORA NACIÓN - AN	2147
PUNO|SANDIA|ALIANZA ELECTORAL VENCEREMOS	1112
PUNO|SANDIA|ALIANZA PARA EL PROGRESO	101
PUNO|SANDIA|AVANZA PAÍS - PARTIDO DE INTEGRACIÓN SOCIAL	26
PUNO|SANDIA|FE EN EL PERÚ	73
PUNO|SANDIA|FUERZA POPULAR	1355
PUNO|SANDIA|FUERZA Y LIBERTAD	33
PUNO|SANDIA|JUNTOS POR EL PERÚ	9139
PUNO|SANDIA|LIBERTAD POPULAR	46
PUNO|SANDIA|PARTIDO APRISTA PERUANO	37
PUNO|SANDIA|PARTIDO CÍVICO OBRAS	5539
PUNO|SANDIA|PARTIDO DE LOS TRABAJADORES Y EMPRENDEDORES PTE - PERÚ	28
PUNO|SANDIA|PARTIDO DEL BUEN GOBIERNO	556
PUNO|SANDIA|PARTIDO DEMOCRATICO FEDERAL	60
PUNO|SANDIA|PARTIDO DEMOCRÁTICO SOMOS PERÚ	59
PUNO|SANDIA|PARTIDO DEMÓCRATA UNIDO PERÚ	405
PUNO|SANDIA|PARTIDO DEMÓCRATA VERDE	190
PUNO|SANDIA|PARTIDO FRENTE DE LA ESPERANZA 2021	777
PUNO|SANDIA|PARTIDO MORADO	48
PUNO|SANDIA|PARTIDO PATRIÓTICO DEL PERÚ	186
PUNO|SANDIA|PARTIDO PAÍS PARA TODOS	162
PUNO|SANDIA|PARTIDO POLÍTICO COOPERACIÓN POPULAR	2023
PUNO|SANDIA|PARTIDO POLÍTICO INTEGRIDAD DEMOCRÁTICA	22
PUNO|SANDIA|PARTIDO POLÍTICO NACIONAL PERÚ LIBRE	303
PUNO|SANDIA|PARTIDO POLÍTICO PERÚ ACCIÓN	64
PUNO|SANDIA|PARTIDO POLÍTICO PERÚ PRIMERO	182
PUNO|SANDIA|PARTIDO POLÍTICO PRIN	25
PUNO|SANDIA|PARTIDO SICREO	455
PUNO|SANDIA|PERÚ MODERNO	8
PUNO|SANDIA|PODEMOS PERÚ	315
PUNO|SANDIA|PRIMERO LA GENTE – COMUNIDAD, ECOLOGÍA, LIBERTAD Y PROGRESO	179
PUNO|SANDIA|PROGRESEMOS	119
PUNO|SANDIA|RENOVACIÓN POPULAR	171
PUNO|SANDIA|SALVEMOS AL PERÚ	37
PUNO|SANDIA|UN CAMINO DIFERENTE	25
PUNO|SANDIA|UNIDAD NACIONAL	32
PUNO|SANDIA|VOTOS EN BLANCO	4370
PUNO|SANDIA|VOTOS NULOS	2134
PUNO|YUNGUYO|AHORA NACIÓN - AN	1611
PUNO|YUNGUYO|ALIANZA ELECTORAL VENCEREMOS	227
PUNO|YUNGUYO|ALIANZA PARA EL PROGRESO	99
PUNO|YUNGUYO|AVANZA PAÍS - PARTIDO DE INTEGRACIÓN SOCIAL	17
PUNO|YUNGUYO|FE EN EL PERÚ	56
PUNO|YUNGUYO|FUERZA POPULAR	680
PUNO|YUNGUYO|FUERZA Y LIBERTAD	16
PUNO|YUNGUYO|JUNTOS POR EL PERÚ	5044
PUNO|YUNGUYO|LIBERTAD POPULAR	21
PUNO|YUNGUYO|PARTIDO APRISTA PERUANO	41
PUNO|YUNGUYO|PARTIDO CÍVICO OBRAS	2934
PUNO|YUNGUYO|PARTIDO DE LOS TRABAJADORES Y EMPRENDEDORES PTE - PERÚ	11
PUNO|YUNGUYO|PARTIDO DEL BUEN GOBIERNO	567
PUNO|YUNGUYO|PARTIDO DEMOCRATICO FEDERAL	27
PUNO|YUNGUYO|PARTIDO DEMOCRÁTICO SOMOS PERÚ	104
PUNO|YUNGUYO|PARTIDO DEMÓCRATA UNIDO PERÚ	407
PUNO|YUNGUYO|PARTIDO DEMÓCRATA VERDE	117
PUNO|YUNGUYO|PARTIDO FRENTE DE LA ESPERANZA 2021	700
PUNO|YUNGUYO|PARTIDO MORADO	56
PUNO|YUNGUYO|PARTIDO PATRIÓTICO DEL PERÚ	180
PUNO|YUNGUYO|PARTIDO PAÍS PARA TODOS	326
PUNO|YUNGUYO|PARTIDO POLÍTICO COOPERACIÓN POPULAR	1423
PUNO|YUNGUYO|PARTIDO POLÍTICO INTEGRIDAD DEMOCRÁTICA	36
PUNO|YUNGUYO|PARTIDO POLÍTICO NACIONAL PERÚ LIBRE	222
PUNO|YUNGUYO|PARTIDO POLÍTICO PERÚ ACCIÓN	44
PUNO|YUNGUYO|PARTIDO POLÍTICO PERÚ PRIMERO	87
PUNO|YUNGUYO|PARTIDO POLÍTICO PRIN	33
PUNO|YUNGUYO|PARTIDO SICREO	441
PUNO|YUNGUYO|PERÚ MODERNO	5
PUNO|YUNGUYO|PODEMOS PERÚ	234
PUNO|YUNGUYO|PRIMERO LA GENTE – COMUNIDAD, ECOLOGÍA, LIBERTAD Y PROGRESO	182
PUNO|YUNGUYO|PROGRESEMOS	96
PUNO|YUNGUYO|RENOVACIÓN POPULAR	215
PUNO|YUNGUYO|SALVEMOS AL PERÚ	56
PUNO|YUNGUYO|UN CAMINO DIFERENTE	22
PUNO|YUNGUYO|UNIDAD NACIONAL	29
PUNO|YUNGUYO|VOTOS EN BLANCO	4344
PUNO|YUNGUYO|VOTOS NULOS	1720
SAN MARTÍN|BELLAVISTA|AHORA NACIÓN - AN	847
SAN MARTÍN|BELLAVISTA|ALIANZA ELECTORAL VENCEREMOS	165
SAN MARTÍN|BELLAVISTA|ALIANZA PARA EL PROGRESO	393
SAN MARTÍN|BELLAVISTA|AVANZA PAÍS - PARTIDO DE INTEGRACIÓN SOCIAL	95
SAN MARTÍN|BELLAVISTA|FE EN EL PERÚ	57
SAN MARTÍN|BELLAVISTA|FUERZA POPULAR	4430
SAN MARTÍN|BELLAVISTA|FUERZA Y LIBERTAD	23
SAN MARTÍN|BELLAVISTA|JUNTOS POR EL PERÚ	8104
SAN MARTÍN|BELLAVISTA|LIBERTAD POPULAR	26
SAN MARTÍN|BELLAVISTA|PARTIDO APRISTA PERUANO	320
SAN MARTÍN|BELLAVISTA|PARTIDO CÍVICO OBRAS	2360
SAN MARTÍN|BELLAVISTA|PARTIDO DE LOS TRABAJADORES Y EMPRENDEDORES PTE - PERÚ	19
SAN MARTÍN|BELLAVISTA|PARTIDO DEL BUEN GOBIERNO	491
SAN MARTÍN|BELLAVISTA|PARTIDO DEMOCRATICO FEDERAL	32
SAN MARTÍN|BELLAVISTA|PARTIDO DEMOCRÁTICO SOMOS PERÚ	232
SAN MARTÍN|BELLAVISTA|PARTIDO DEMÓCRATA UNIDO PERÚ	162
SAN MARTÍN|BELLAVISTA|PARTIDO DEMÓCRATA VERDE	140
SAN MARTÍN|BELLAVISTA|PARTIDO FRENTE DE LA ESPERANZA 2021	125
SAN MARTÍN|BELLAVISTA|PARTIDO MORADO	59
SAN MARTÍN|BELLAVISTA|PARTIDO PATRIÓTICO DEL PERÚ	234
SAN MARTÍN|BELLAVISTA|PARTIDO PAÍS PARA TODOS	790
SAN MARTÍN|BELLAVISTA|PARTIDO POLÍTICO COOPERACIÓN POPULAR	99
SAN MARTÍN|BELLAVISTA|PARTIDO POLÍTICO INTEGRIDAD DEMOCRÁTICA	61
SAN MARTÍN|BELLAVISTA|PARTIDO POLÍTICO NACIONAL PERÚ LIBRE	245
SAN MARTÍN|BELLAVISTA|PARTIDO POLÍTICO PERÚ ACCIÓN	80
SAN MARTÍN|BELLAVISTA|PARTIDO POLÍTICO PERÚ PRIMERO	188
SAN MARTÍN|BELLAVISTA|PARTIDO POLÍTICO PRIN	51
SAN MARTÍN|BELLAVISTA|PARTIDO SICREO	290
SAN MARTÍN|BELLAVISTA|PERÚ MODERNO	9
SAN MARTÍN|BELLAVISTA|PODEMOS PERÚ	611
SAN MARTÍN|BELLAVISTA|PRIMERO LA GENTE – COMUNIDAD, ECOLOGÍA, LIBERTAD Y PROGRESO	220
SAN MARTÍN|BELLAVISTA|PROGRESEMOS	64
SAN MARTÍN|BELLAVISTA|RENOVACIÓN POPULAR	1287
SAN MARTÍN|BELLAVISTA|SALVEMOS AL PERÚ	45
SAN MARTÍN|BELLAVISTA|UN CAMINO DIFERENTE	91
SAN MARTÍN|BELLAVISTA|UNIDAD NACIONAL	87
SAN MARTÍN|BELLAVISTA|VOTOS EN BLANCO	7201
SAN MARTÍN|BELLAVISTA|VOTOS NULOS	2320
SAN MARTÍN|EL DORADO|AHORA NACIÓN - AN	357
SAN MARTÍN|EL DORADO|ALIANZA ELECTORAL VENCEREMOS	89
SAN MARTÍN|EL DORADO|ALIANZA PARA EL PROGRESO	225
SAN MARTÍN|EL DORADO|AVANZA PAÍS - PARTIDO DE INTEGRACIÓN SOCIAL	82
SAN MARTÍN|EL DORADO|FE EN EL PERÚ	29
SAN MARTÍN|EL DORADO|FUERZA POPULAR	3348
SAN MARTÍN|EL DORADO|FUERZA Y LIBERTAD	16
SAN MARTÍN|EL DORADO|JUNTOS POR EL PERÚ	6045
SAN MARTÍN|EL DORADO|LIBERTAD POPULAR	16
SAN MARTÍN|EL DORADO|PARTIDO APRISTA PERUANO	219
SAN MARTÍN|EL DORADO|PARTIDO CÍVICO OBRAS	1439
SAN MARTÍN|EL DORADO|PARTIDO DE LOS TRABAJADORES Y EMPRENDEDORES PTE - PERÚ	8
SAN MARTÍN|EL DORADO|PARTIDO DEL BUEN GOBIERNO	250
SAN MARTÍN|EL DORADO|PARTIDO DEMOCRATICO FEDERAL	27
SAN MARTÍN|EL DORADO|PARTIDO DEMOCRÁTICO SOMOS PERÚ	173
SAN MARTÍN|EL DORADO|PARTIDO DEMÓCRATA UNIDO PERÚ	153
SAN MARTÍN|EL DORADO|PARTIDO DEMÓCRATA VERDE	96
SAN MARTÍN|EL DORADO|PARTIDO FRENTE DE LA ESPERANZA 2021	93
SAN MARTÍN|EL DORADO|PARTIDO MORADO	42
SAN MARTÍN|EL DORADO|PARTIDO PATRIÓTICO DEL PERÚ	205
SAN MARTÍN|EL DORADO|PARTIDO PAÍS PARA TODOS	376
SAN MARTÍN|EL DORADO|PARTIDO POLÍTICO COOPERACIÓN POPULAR	55
SAN MARTÍN|EL DORADO|PARTIDO POLÍTICO INTEGRIDAD DEMOCRÁTICA	55
SAN MARTÍN|EL DORADO|PARTIDO POLÍTICO NACIONAL PERÚ LIBRE	215
SAN MARTÍN|EL DORADO|PARTIDO POLÍTICO PERÚ ACCIÓN	55
SAN MARTÍN|EL DORADO|PARTIDO POLÍTICO PERÚ PRIMERO	108
SAN MARTÍN|EL DORADO|PARTIDO POLÍTICO PRIN	21
SAN MARTÍN|EL DORADO|PARTIDO SICREO	165
SAN MARTÍN|EL DORADO|PERÚ MODERNO	28
SAN MARTÍN|EL DORADO|PODEMOS PERÚ	542
SAN MARTÍN|EL DORADO|PRIMERO LA GENTE – COMUNIDAD, ECOLOGÍA, LIBERTAD Y PROGRESO	80
SAN MARTÍN|EL DORADO|PROGRESEMOS	37
SAN MARTÍN|EL DORADO|RENOVACIÓN POPULAR	670
SAN MARTÍN|EL DORADO|SALVEMOS AL PERÚ	43
SAN MARTÍN|EL DORADO|UN CAMINO DIFERENTE	31
SAN MARTÍN|EL DORADO|UNIDAD NACIONAL	51
SAN MARTÍN|EL DORADO|VOTOS EN BLANCO	6021
SAN MARTÍN|EL DORADO|VOTOS NULOS	2300
SAN MARTÍN|HUALLAGA|AHORA NACIÓN - AN	420
SAN MARTÍN|HUALLAGA|ALIANZA ELECTORAL VENCEREMOS	87
SAN MARTÍN|HUALLAGA|ALIANZA PARA EL PROGRESO	395
SAN MARTÍN|HUALLAGA|AVANZA PAÍS - PARTIDO DE INTEGRACIÓN SOCIAL	155
SAN MARTÍN|HUALLAGA|FE EN EL PERÚ	23
SAN MARTÍN|HUALLAGA|FUERZA POPULAR	2506
SAN MARTÍN|HUALLAGA|FUERZA Y LIBERTAD	14
SAN MARTÍN|HUALLAGA|JUNTOS POR EL PERÚ	3234
SAN MARTÍN|HUALLAGA|LIBERTAD POPULAR	32
SAN MARTÍN|HUALLAGA|PARTIDO APRISTA PERUANO	139
SAN MARTÍN|HUALLAGA|PARTIDO CÍVICO OBRAS	1093
SAN MARTÍN|HUALLAGA|PARTIDO DE LOS TRABAJADORES Y EMPRENDEDORES PTE - PERÚ	6
SAN MARTÍN|HUALLAGA|PARTIDO DEL BUEN GOBIERNO	278
SAN MARTÍN|HUALLAGA|PARTIDO DEMOCRATICO FEDERAL	26
SAN MARTÍN|HUALLAGA|PARTIDO DEMOCRÁTICO SOMOS PERÚ	84
SAN MARTÍN|HUALLAGA|PARTIDO DEMÓCRATA UNIDO PERÚ	76
SAN MARTÍN|HUALLAGA|PARTIDO DEMÓCRATA VERDE	56
SAN MARTÍN|HUALLAGA|PARTIDO FRENTE DE LA ESPERANZA 2021	66
SAN MARTÍN|HUALLAGA|PARTIDO MORADO	49
SAN MARTÍN|HUALLAGA|PARTIDO PATRIÓTICO DEL PERÚ	131
SAN MARTÍN|HUALLAGA|PARTIDO PAÍS PARA TODOS	410
SAN MARTÍN|HUALLAGA|PARTIDO POLÍTICO COOPERACIÓN POPULAR	87
SAN MARTÍN|HUALLAGA|PARTIDO POLÍTICO INTEGRIDAD DEMOCRÁTICA	39
SAN MARTÍN|HUALLAGA|PARTIDO POLÍTICO NACIONAL PERÚ LIBRE	73
SAN MARTÍN|HUALLAGA|PARTIDO POLÍTICO PERÚ ACCIÓN	23
SAN MARTÍN|HUALLAGA|PARTIDO POLÍTICO PERÚ PRIMERO	55
SAN MARTÍN|HUALLAGA|PARTIDO POLÍTICO PRIN	27
SAN MARTÍN|HUALLAGA|PARTIDO SICREO	121
SAN MARTÍN|HUALLAGA|PERÚ MODERNO	2
SAN MARTÍN|HUALLAGA|PODEMOS PERÚ	259
SAN MARTÍN|HUALLAGA|PRIMERO LA GENTE – COMUNIDAD, ECOLOGÍA, LIBERTAD Y PROGRESO	88
SAN MARTÍN|HUALLAGA|PROGRESEMOS	39
SAN MARTÍN|HUALLAGA|RENOVACIÓN POPULAR	1121
SAN MARTÍN|HUALLAGA|SALVEMOS AL PERÚ	26
SAN MARTÍN|HUALLAGA|UN CAMINO DIFERENTE	31
SAN MARTÍN|HUALLAGA|UNIDAD NACIONAL	39
SAN MARTÍN|HUALLAGA|VOTOS EN BLANCO	4336
SAN MARTÍN|HUALLAGA|VOTOS NULOS	1376
SAN MARTÍN|LAMAS|AHORA NACIÓN - AN	1402
SAN MARTÍN|LAMAS|ALIANZA ELECTORAL VENCEREMOS	357
SAN MARTÍN|LAMAS|ALIANZA PARA EL PROGRESO	810
SAN MARTÍN|LAMAS|AVANZA PAÍS - PARTIDO DE INTEGRACIÓN SOCIAL	211
SAN MARTÍN|LAMAS|FE EN EL PERÚ	80
SAN MARTÍN|LAMAS|FUERZA POPULAR	11049
SAN MARTÍN|LAMAS|FUERZA Y LIBERTAD	43
SAN MARTÍN|LAMAS|JUNTOS POR EL PERÚ	9054
SAN MARTÍN|LAMAS|LIBERTAD POPULAR	69
SAN MARTÍN|LAMAS|PARTIDO APRISTA PERUANO	453
SAN MARTÍN|LAMAS|PARTIDO CÍVICO OBRAS	3332
SAN MARTÍN|LAMAS|PARTIDO DE LOS TRABAJADORES Y EMPRENDEDORES PTE - PERÚ	37
SAN MARTÍN|LAMAS|PARTIDO DEL BUEN GOBIERNO	1025
SAN MARTÍN|LAMAS|PARTIDO DEMOCRATICO FEDERAL	78
SAN MARTÍN|LAMAS|PARTIDO DEMOCRÁTICO SOMOS PERÚ	331
SAN MARTÍN|LAMAS|PARTIDO DEMÓCRATA UNIDO PERÚ	379
SAN MARTÍN|LAMAS|PARTIDO DEMÓCRATA VERDE	199
SAN MARTÍN|LAMAS|PARTIDO FRENTE DE LA ESPERANZA 2021	232
SAN MARTÍN|LAMAS|PARTIDO MORADO	99
SAN MARTÍN|LAMAS|PARTIDO PATRIÓTICO DEL PERÚ	340
SAN MARTÍN|LAMAS|PARTIDO PAÍS PARA TODOS	1404
SAN MARTÍN|LAMAS|PARTIDO POLÍTICO COOPERACIÓN POPULAR	207
SAN MARTÍN|LAMAS|PARTIDO POLÍTICO INTEGRIDAD DEMOCRÁTICA	98
SAN MARTÍN|LAMAS|PARTIDO POLÍTICO NACIONAL PERÚ LIBRE	337
SAN MARTÍN|LAMAS|PARTIDO POLÍTICO PERÚ ACCIÓN	101
SAN MARTÍN|LAMAS|PARTIDO POLÍTICO PERÚ PRIMERO	377
SAN MARTÍN|LAMAS|PARTIDO POLÍTICO PRIN	173
SAN MARTÍN|LAMAS|PARTIDO SICREO	432
SAN MARTÍN|LAMAS|PERÚ MODERNO	14
SAN MARTÍN|LAMAS|PODEMOS PERÚ	823
SAN MARTÍN|LAMAS|PRIMERO LA GENTE – COMUNIDAD, ECOLOGÍA, LIBERTAD Y PROGRESO	316
SAN MARTÍN|LAMAS|PROGRESEMOS	86
SAN MARTÍN|LAMAS|RENOVACIÓN POPULAR	1714
SAN MARTÍN|LAMAS|SALVEMOS AL PERÚ	68
SAN MARTÍN|LAMAS|UN CAMINO DIFERENTE	118
SAN MARTÍN|LAMAS|UNIDAD NACIONAL	243
SAN MARTÍN|LAMAS|VOTOS EN BLANCO	13216
SAN MARTÍN|LAMAS|VOTOS NULOS	5465
SAN MARTÍN|MARISCAL CÁCERES|AHORA NACIÓN - AN	851
SAN MARTÍN|MARISCAL CÁCERES|ALIANZA ELECTORAL VENCEREMOS	220
SAN MARTÍN|MARISCAL CÁCERES|ALIANZA PARA EL PROGRESO	532
SAN MARTÍN|MARISCAL CÁCERES|AVANZA PAÍS - PARTIDO DE INTEGRACIÓN SOCIAL	169
SAN MARTÍN|MARISCAL CÁCERES|FE EN EL PERÚ	50
SAN MARTÍN|MARISCAL CÁCERES|FUERZA POPULAR	7229
SAN MARTÍN|MARISCAL CÁCERES|FUERZA Y LIBERTAD	32
SAN MARTÍN|MARISCAL CÁCERES|JUNTOS POR EL PERÚ	5957
SAN MARTÍN|MARISCAL CÁCERES|LIBERTAD POPULAR	42
SAN MARTÍN|MARISCAL CÁCERES|PARTIDO APRISTA PERUANO	247
SAN MARTÍN|MARISCAL CÁCERES|PARTIDO CÍVICO OBRAS	3255
SAN MARTÍN|MARISCAL CÁCERES|PARTIDO DE LOS TRABAJADORES Y EMPRENDEDORES PTE - PERÚ	26
SAN MARTÍN|MARISCAL CÁCERES|PARTIDO DEL BUEN GOBIERNO	720
SAN MARTÍN|MARISCAL CÁCERES|PARTIDO DEMOCRATICO FEDERAL	47
SAN MARTÍN|MARISCAL CÁCERES|PARTIDO DEMOCRÁTICO SOMOS PERÚ	405
SAN MARTÍN|MARISCAL CÁCERES|PARTIDO DEMÓCRATA UNIDO PERÚ	279
SAN MARTÍN|MARISCAL CÁCERES|PARTIDO DEMÓCRATA VERDE	222
SAN MARTÍN|MARISCAL CÁCERES|PARTIDO FRENTE DE LA ESPERANZA 2021	204
SAN MARTÍN|MARISCAL CÁCERES|PARTIDO MORADO	82
SAN MARTÍN|MARISCAL CÁCERES|PARTIDO PATRIÓTICO DEL PERÚ	353
SAN MARTÍN|MARISCAL CÁCERES|PARTIDO PAÍS PARA TODOS	1400
SAN MARTÍN|MARISCAL CÁCERES|PARTIDO POLÍTICO COOPERACIÓN POPULAR	188
SAN MARTÍN|MARISCAL CÁCERES|PARTIDO POLÍTICO INTEGRIDAD DEMOCRÁTICA	63
SAN MARTÍN|MARISCAL CÁCERES|PARTIDO POLÍTICO NACIONAL PERÚ LIBRE	196
SAN MARTÍN|MARISCAL CÁCERES|PARTIDO POLÍTICO PERÚ ACCIÓN	69
SAN MARTÍN|MARISCAL CÁCERES|PARTIDO POLÍTICO PERÚ PRIMERO	232
SAN MARTÍN|MARISCAL CÁCERES|PARTIDO POLÍTICO PRIN	46
SAN MARTÍN|MARISCAL CÁCERES|PARTIDO SICREO	414
SAN MARTÍN|MARISCAL CÁCERES|PERÚ MODERNO	10
SAN MARTÍN|MARISCAL CÁCERES|PODEMOS PERÚ	717
SAN MARTÍN|MARISCAL CÁCERES|PRIMERO LA GENTE – COMUNIDAD, ECOLOGÍA, LIBERTAD Y PROGRESO	322
SAN MARTÍN|MARISCAL CÁCERES|PROGRESEMOS	141
SAN MARTÍN|MARISCAL CÁCERES|RENOVACIÓN POPULAR	1153
SAN MARTÍN|MARISCAL CÁCERES|SALVEMOS AL PERÚ	47
SAN MARTÍN|MARISCAL CÁCERES|UN CAMINO DIFERENTE	71
SAN MARTÍN|MARISCAL CÁCERES|UNIDAD NACIONAL	82
SAN MARTÍN|MARISCAL CÁCERES|VOTOS EN BLANCO	8333
SAN MARTÍN|MARISCAL CÁCERES|VOTOS NULOS	2829
SAN MARTÍN|MOYOBAMBA|AHORA NACIÓN - AN	2718
SAN MARTÍN|MOYOBAMBA|ALIANZA ELECTORAL VENCEREMOS	668
SAN MARTÍN|MOYOBAMBA|ALIANZA PARA EL PROGRESO	1724
SAN MARTÍN|MOYOBAMBA|AVANZA PAÍS - PARTIDO DE INTEGRACIÓN SOCIAL	386
SAN MARTÍN|MOYOBAMBA|FE EN EL PERÚ	88
SAN MARTÍN|MOYOBAMBA|FUERZA POPULAR	11390
SAN MARTÍN|MOYOBAMBA|FUERZA Y LIBERTAD	83
SAN MARTÍN|MOYOBAMBA|JUNTOS POR EL PERÚ	15800
SAN MARTÍN|MOYOBAMBA|LIBERTAD POPULAR	93
SAN MARTÍN|MOYOBAMBA|PARTIDO APRISTA PERUANO	521
SAN MARTÍN|MOYOBAMBA|PARTIDO CÍVICO OBRAS	7571
SAN MARTÍN|MOYOBAMBA|PARTIDO DE LOS TRABAJADORES Y EMPRENDEDORES PTE - PERÚ	38
SAN MARTÍN|MOYOBAMBA|PARTIDO DEL BUEN GOBIERNO	3007
SAN MARTÍN|MOYOBAMBA|PARTIDO DEMOCRATICO FEDERAL	91
SAN MARTÍN|MOYOBAMBA|PARTIDO DEMOCRÁTICO SOMOS PERÚ	483
SAN MARTÍN|MOYOBAMBA|PARTIDO DEMÓCRATA UNIDO PERÚ	399
SAN MARTÍN|MOYOBAMBA|PARTIDO DEMÓCRATA VERDE	215
SAN MARTÍN|MOYOBAMBA|PARTIDO FRENTE DE LA ESPERANZA 2021	601
SAN MARTÍN|MOYOBAMBA|PARTIDO MORADO	182
SAN MARTÍN|MOYOBAMBA|PARTIDO PATRIÓTICO DEL PERÚ	753
SAN MARTÍN|MOYOBAMBA|PARTIDO PAÍS PARA TODOS	2639
SAN MARTÍN|MOYOBAMBA|PARTIDO POLÍTICO COOPERACIÓN POPULAR	399
SAN MARTÍN|MOYOBAMBA|PARTIDO POLÍTICO INTEGRIDAD DEMOCRÁTICA	167
SAN MARTÍN|MOYOBAMBA|PARTIDO POLÍTICO NACIONAL PERÚ LIBRE	385
SAN MARTÍN|MOYOBAMBA|PARTIDO POLÍTICO PERÚ ACCIÓN	128
SAN MARTÍN|MOYOBAMBA|PARTIDO POLÍTICO PERÚ PRIMERO	444
SAN MARTÍN|MOYOBAMBA|PARTIDO POLÍTICO PRIN	58
SAN MARTÍN|MOYOBAMBA|PARTIDO SICREO	1470
SAN MARTÍN|MOYOBAMBA|PERÚ MODERNO	25
SAN MARTÍN|MOYOBAMBA|PODEMOS PERÚ	1045
SAN MARTÍN|MOYOBAMBA|PRIMERO LA GENTE – COMUNIDAD, ECOLOGÍA, LIBERTAD Y PROGRESO	1314
SAN MARTÍN|MOYOBAMBA|PROGRESEMOS	154
SAN MARTÍN|MOYOBAMBA|RENOVACIÓN POPULAR	3465
SAN MARTÍN|MOYOBAMBA|SALVEMOS AL PERÚ	72
SAN MARTÍN|MOYOBAMBA|UN CAMINO DIFERENTE	216
SAN MARTÍN|MOYOBAMBA|UNIDAD NACIONAL	293
SAN MARTÍN|MOYOBAMBA|VOTOS EN BLANCO	15209
SAN MARTÍN|MOYOBAMBA|VOTOS NULOS	5692
SAN MARTÍN|PICOTA|AHORA NACIÓN - AN	507
SAN MARTÍN|PICOTA|ALIANZA ELECTORAL VENCEREMOS	185
SAN MARTÍN|PICOTA|ALIANZA PARA EL PROGRESO	477
SAN MARTÍN|PICOTA|AVANZA PAÍS - PARTIDO DE INTEGRACIÓN SOCIAL	161
SAN MARTÍN|PICOTA|FE EN EL PERÚ	35
SAN MARTÍN|PICOTA|FUERZA POPULAR	5305
SAN MARTÍN|PICOTA|FUERZA Y LIBERTAD	24
SAN MARTÍN|PICOTA|JUNTOS POR EL PERÚ	5124
SAN MARTÍN|PICOTA|LIBERTAD POPULAR	29
SAN MARTÍN|PICOTA|PARTIDO APRISTA PERUANO	494
SAN MARTÍN|PICOTA|PARTIDO CÍVICO OBRAS	1536
SAN MARTÍN|PICOTA|PARTIDO DE LOS TRABAJADORES Y EMPRENDEDORES PTE - PERÚ	12
SAN MARTÍN|PICOTA|PARTIDO DEL BUEN GOBIERNO	587
SAN MARTÍN|PICOTA|PARTIDO DEMOCRATICO FEDERAL	30
SAN MARTÍN|PICOTA|PARTIDO DEMOCRÁTICO SOMOS PERÚ	262
SAN MARTÍN|PICOTA|PARTIDO DEMÓCRATA UNIDO PERÚ	259
SAN MARTÍN|PICOTA|PARTIDO DEMÓCRATA VERDE	94
SAN MARTÍN|PICOTA|PARTIDO FRENTE DE LA ESPERANZA 2021	121
SAN MARTÍN|PICOTA|PARTIDO MORADO	51
SAN MARTÍN|PICOTA|PARTIDO PATRIÓTICO DEL PERÚ	175
SAN MARTÍN|PICOTA|PARTIDO PAÍS PARA TODOS	741
SAN MARTÍN|PICOTA|PARTIDO POLÍTICO COOPERACIÓN POPULAR	94
SAN MARTÍN|PICOTA|PARTIDO POLÍTICO INTEGRIDAD DEMOCRÁTICA	94
SAN MARTÍN|PICOTA|PARTIDO POLÍTICO NACIONAL PERÚ LIBRE	171
SAN MARTÍN|PICOTA|PARTIDO POLÍTICO PERÚ ACCIÓN	44
SAN MARTÍN|PICOTA|PARTIDO POLÍTICO PERÚ PRIMERO	136
SAN MARTÍN|PICOTA|PARTIDO POLÍTICO PRIN	40
SAN MARTÍN|PICOTA|PARTIDO SICREO	267
SAN MARTÍN|PICOTA|PERÚ MODERNO	5
SAN MARTÍN|PICOTA|PODEMOS PERÚ	478
SAN MARTÍN|PICOTA|PRIMERO LA GENTE – COMUNIDAD, ECOLOGÍA, LIBERTAD Y PROGRESO	141
SAN MARTÍN|PICOTA|PROGRESEMOS	42
SAN MARTÍN|PICOTA|RENOVACIÓN POPULAR	896
SAN MARTÍN|PICOTA|SALVEMOS AL PERÚ	39
SAN MARTÍN|PICOTA|UN CAMINO DIFERENTE	48
SAN MARTÍN|PICOTA|UNIDAD NACIONAL	203
SAN MARTÍN|PICOTA|VOTOS EN BLANCO	5296
SAN MARTÍN|PICOTA|VOTOS NULOS	1625
SAN MARTÍN|RIOJA|AHORA NACIÓN - AN	1958
SAN MARTÍN|RIOJA|ALIANZA ELECTORAL VENCEREMOS	458
SAN MARTÍN|RIOJA|ALIANZA PARA EL PROGRESO	974
SAN MARTÍN|RIOJA|AVANZA PAÍS - PARTIDO DE INTEGRACIÓN SOCIAL	1967
SAN MARTÍN|RIOJA|FE EN EL PERÚ	88
SAN MARTÍN|RIOJA|FUERZA POPULAR	13653
SAN MARTÍN|RIOJA|FUERZA Y LIBERTAD	66
SAN MARTÍN|RIOJA|JUNTOS POR EL PERÚ	19923
SAN MARTÍN|RIOJA|LIBERTAD POPULAR	73
SAN MARTÍN|RIOJA|PARTIDO APRISTA PERUANO	333
SAN MARTÍN|RIOJA|PARTIDO CÍVICO OBRAS	8866
SAN MARTÍN|RIOJA|PARTIDO DE LOS TRABAJADORES Y EMPRENDEDORES PTE - PERÚ	34
SAN MARTÍN|RIOJA|PARTIDO DEL BUEN GOBIERNO	2033
SAN MARTÍN|RIOJA|PARTIDO DEMOCRATICO FEDERAL	85
SAN MARTÍN|RIOJA|PARTIDO DEMOCRÁTICO SOMOS PERÚ	361
SAN MARTÍN|RIOJA|PARTIDO DEMÓCRATA UNIDO PERÚ	449
SAN MARTÍN|RIOJA|PARTIDO DEMÓCRATA VERDE	200
SAN MARTÍN|RIOJA|PARTIDO FRENTE DE LA ESPERANZA 2021	760
SAN MARTÍN|RIOJA|PARTIDO MORADO	176
SAN MARTÍN|RIOJA|PARTIDO PATRIÓTICO DEL PERÚ	941
SAN MARTÍN|RIOJA|PARTIDO PAÍS PARA TODOS	1858
SAN MARTÍN|RIOJA|PARTIDO POLÍTICO COOPERACIÓN POPULAR	243
SAN MARTÍN|RIOJA|PARTIDO POLÍTICO INTEGRIDAD DEMOCRÁTICA	141
SAN MARTÍN|RIOJA|PARTIDO POLÍTICO NACIONAL PERÚ LIBRE	455
SAN MARTÍN|RIOJA|PARTIDO POLÍTICO PERÚ ACCIÓN	138
SAN MARTÍN|RIOJA|PARTIDO POLÍTICO PERÚ PRIMERO	447
SAN MARTÍN|RIOJA|PARTIDO POLÍTICO PRIN	111
SAN MARTÍN|RIOJA|PARTIDO SICREO	1371
SAN MARTÍN|RIOJA|PERÚ MODERNO	20
SAN MARTÍN|RIOJA|PODEMOS PERÚ	1100
SAN MARTÍN|RIOJA|PRIMERO LA GENTE – COMUNIDAD, ECOLOGÍA, LIBERTAD Y PROGRESO	835
SAN MARTÍN|RIOJA|PROGRESEMOS	102
SAN MARTÍN|RIOJA|RENOVACIÓN POPULAR	2056
SAN MARTÍN|RIOJA|SALVEMOS AL PERÚ	69
SAN MARTÍN|RIOJA|UN CAMINO DIFERENTE	299
SAN MARTÍN|RIOJA|UNIDAD NACIONAL	128
SAN MARTÍN|RIOJA|VOTOS EN BLANCO	14444
SAN MARTÍN|RIOJA|VOTOS NULOS	4868
SAN MARTÍN|SAN MARTÍN|AHORA NACIÓN - AN	6292
SAN MARTÍN|SAN MARTÍN|ALIANZA ELECTORAL VENCEREMOS	805
SAN MARTÍN|SAN MARTÍN|ALIANZA PARA EL PROGRESO	2244
SAN MARTÍN|SAN MARTÍN|AVANZA PAÍS - PARTIDO DE INTEGRACIÓN SOCIAL	603
SAN MARTÍN|SAN MARTÍN|FE EN EL PERÚ	212
SAN MARTÍN|SAN MARTÍN|FUERZA POPULAR	24159
SAN MARTÍN|SAN MARTÍN|FUERZA Y LIBERTAD	171
SAN MARTÍN|SAN MARTÍN|JUNTOS POR EL PERÚ	9032
SAN MARTÍN|SAN MARTÍN|LIBERTAD POPULAR	217
SAN MARTÍN|SAN MARTÍN|PARTIDO APRISTA PERUANO	1197
SAN MARTÍN|SAN MARTÍN|PARTIDO CÍVICO OBRAS	9849
SAN MARTÍN|SAN MARTÍN|PARTIDO DE LOS TRABAJADORES Y EMPRENDEDORES PTE - PERÚ	87
SAN MARTÍN|SAN MARTÍN|PARTIDO DEL BUEN GOBIERNO	8100
SAN MARTÍN|SAN MARTÍN|PARTIDO DEMOCRATICO FEDERAL	185
SAN MARTÍN|SAN MARTÍN|PARTIDO DEMOCRÁTICO SOMOS PERÚ	1777
SAN MARTÍN|SAN MARTÍN|PARTIDO DEMÓCRATA UNIDO PERÚ	1029
SAN MARTÍN|SAN MARTÍN|PARTIDO DEMÓCRATA VERDE	632
SAN MARTÍN|SAN MARTÍN|PARTIDO FRENTE DE LA ESPERANZA 2021	1152
SAN MARTÍN|SAN MARTÍN|PARTIDO MORADO	794
SAN MARTÍN|SAN MARTÍN|PARTIDO PATRIÓTICO DEL PERÚ	887
SAN MARTÍN|SAN MARTÍN|PARTIDO PAÍS PARA TODOS	8395
SAN MARTÍN|SAN MARTÍN|PARTIDO POLÍTICO COOPERACIÓN POPULAR	919
SAN MARTÍN|SAN MARTÍN|PARTIDO POLÍTICO INTEGRIDAD DEMOCRÁTICA	437
SAN MARTÍN|SAN MARTÍN|PARTIDO POLÍTICO NACIONAL PERÚ LIBRE	598
SAN MARTÍN|SAN MARTÍN|PARTIDO POLÍTICO PERÚ ACCIÓN	289
SAN MARTÍN|SAN MARTÍN|PARTIDO POLÍTICO PERÚ PRIMERO	1747
SAN MARTÍN|SAN MARTÍN|PARTIDO POLÍTICO PRIN	311
SAN MARTÍN|SAN MARTÍN|PARTIDO SICREO	2654
SAN MARTÍN|SAN MARTÍN|PERÚ MODERNO	51
SAN MARTÍN|SAN MARTÍN|PODEMOS PERÚ	1793
SAN MARTÍN|SAN MARTÍN|PRIMERO LA GENTE – COMUNIDAD, ECOLOGÍA, LIBERTAD Y PROGRESO	2748
SAN MARTÍN|SAN MARTÍN|PROGRESEMOS	264
SAN MARTÍN|SAN MARTÍN|RENOVACIÓN POPULAR	8782
SAN MARTÍN|SAN MARTÍN|SALVEMOS AL PERÚ	127
SAN MARTÍN|SAN MARTÍN|UN CAMINO DIFERENTE	351
SAN MARTÍN|SAN MARTÍN|UNIDAD NACIONAL	632
SAN MARTÍN|SAN MARTÍN|VOTOS EN BLANCO	19259
SAN MARTÍN|SAN MARTÍN|VOTOS NULOS	8417
SAN MARTÍN|TOCACHE|AHORA NACIÓN - AN	1578
SAN MARTÍN|TOCACHE|ALIANZA ELECTORAL VENCEREMOS	320
SAN MARTÍN|TOCACHE|ALIANZA PARA EL PROGRESO	575
SAN MARTÍN|TOCACHE|AVANZA PAÍS - PARTIDO DE INTEGRACIÓN SOCIAL	316
SAN MARTÍN|TOCACHE|FE EN EL PERÚ	79
SAN MARTÍN|TOCACHE|FUERZA POPULAR	6285
SAN MARTÍN|TOCACHE|FUERZA Y LIBERTAD	139
SAN MARTÍN|TOCACHE|JUNTOS POR EL PERÚ	9041
SAN MARTÍN|TOCACHE|LIBERTAD POPULAR	65
SAN MARTÍN|TOCACHE|PARTIDO APRISTA PERUANO	204
SAN MARTÍN|TOCACHE|PARTIDO CÍVICO OBRAS	4408
SAN MARTÍN|TOCACHE|PARTIDO DE LOS TRABAJADORES Y EMPRENDEDORES PTE - PERÚ	46
SAN MARTÍN|TOCACHE|PARTIDO DEL BUEN GOBIERNO	730
SAN MARTÍN|TOCACHE|PARTIDO DEMOCRATICO FEDERAL	64
SAN MARTÍN|TOCACHE|PARTIDO DEMOCRÁTICO SOMOS PERÚ	200
SAN MARTÍN|TOCACHE|PARTIDO DEMÓCRATA UNIDO PERÚ	338
SAN MARTÍN|TOCACHE|PARTIDO DEMÓCRATA VERDE	227
SAN MARTÍN|TOCACHE|PARTIDO FRENTE DE LA ESPERANZA 2021	449
SAN MARTÍN|TOCACHE|PARTIDO MORADO	344
SAN MARTÍN|TOCACHE|PARTIDO PATRIÓTICO DEL PERÚ	404
SAN MARTÍN|TOCACHE|PARTIDO PAÍS PARA TODOS	1586
SAN MARTÍN|TOCACHE|PARTIDO POLÍTICO COOPERACIÓN POPULAR	204
SAN MARTÍN|TOCACHE|PARTIDO POLÍTICO INTEGRIDAD DEMOCRÁTICA	78
SAN MARTÍN|TOCACHE|PARTIDO POLÍTICO NACIONAL PERÚ LIBRE	387
SAN MARTÍN|TOCACHE|PARTIDO POLÍTICO PERÚ ACCIÓN	96
SAN MARTÍN|TOCACHE|PARTIDO POLÍTICO PERÚ PRIMERO	420
SAN MARTÍN|TOCACHE|PARTIDO POLÍTICO PRIN	57
SAN MARTÍN|TOCACHE|PARTIDO SICREO	571
SAN MARTÍN|TOCACHE|PERÚ MODERNO	21
SAN MARTÍN|TOCACHE|PODEMOS PERÚ	826
SAN MARTÍN|TOCACHE|PRIMERO LA GENTE – COMUNIDAD, ECOLOGÍA, LIBERTAD Y PROGRESO	341
SAN MARTÍN|TOCACHE|PROGRESEMOS	119
SAN MARTÍN|TOCACHE|RENOVACIÓN POPULAR	1464
SAN MARTÍN|TOCACHE|SALVEMOS AL PERÚ	60
SAN MARTÍN|TOCACHE|UN CAMINO DIFERENTE	150
SAN MARTÍN|TOCACHE|UNIDAD NACIONAL	293
SAN MARTÍN|TOCACHE|VOTOS EN BLANCO	9715
SAN MARTÍN|TOCACHE|VOTOS NULOS	3203
TACNA|CANDARAVE|AHORA NACIÓN - AN	385
TACNA|CANDARAVE|ALIANZA ELECTORAL VENCEREMOS	125
TACNA|CANDARAVE|ALIANZA PARA EL PROGRESO	37
TACNA|CANDARAVE|AVANZA PAÍS - PARTIDO DE INTEGRACIÓN SOCIAL	14
TACNA|CANDARAVE|FE EN EL PERÚ	6
TACNA|CANDARAVE|FUERZA POPULAR	187
TACNA|CANDARAVE|FUERZA Y LIBERTAD	5
TACNA|CANDARAVE|JUNTOS POR EL PERÚ	926
TACNA|CANDARAVE|LIBERTAD POPULAR	5
TACNA|CANDARAVE|PARTIDO APRISTA PERUANO	5
TACNA|CANDARAVE|PARTIDO CÍVICO OBRAS	684
TACNA|CANDARAVE|PARTIDO DE LOS TRABAJADORES Y EMPRENDEDORES PTE - PERÚ	2
TACNA|CANDARAVE|PARTIDO DEL BUEN GOBIERNO	188
TACNA|CANDARAVE|PARTIDO DEMOCRATICO FEDERAL	4
TACNA|CANDARAVE|PARTIDO DEMOCRÁTICO SOMOS PERÚ	3
TACNA|CANDARAVE|PARTIDO DEMÓCRATA UNIDO PERÚ	52
TACNA|CANDARAVE|PARTIDO DEMÓCRATA VERDE	26
TACNA|CANDARAVE|PARTIDO FRENTE DE LA ESPERANZA 2021	145
TACNA|CANDARAVE|PARTIDO MORADO	17
TACNA|CANDARAVE|PARTIDO PATRIÓTICO DEL PERÚ	29
TACNA|CANDARAVE|PARTIDO PAÍS PARA TODOS	131
TACNA|CANDARAVE|PARTIDO POLÍTICO COOPERACIÓN POPULAR	225
TACNA|CANDARAVE|PARTIDO POLÍTICO INTEGRIDAD DEMOCRÁTICA	3
TACNA|CANDARAVE|PARTIDO POLÍTICO NACIONAL PERÚ LIBRE	49
TACNA|CANDARAVE|PARTIDO POLÍTICO PERÚ ACCIÓN	12
TACNA|CANDARAVE|PARTIDO POLÍTICO PERÚ PRIMERO	49
TACNA|CANDARAVE|PARTIDO POLÍTICO PRIN	2
TACNA|CANDARAVE|PARTIDO SICREO	82
TACNA|CANDARAVE|PERÚ MODERNO	3
TACNA|CANDARAVE|PODEMOS PERÚ	112
TACNA|CANDARAVE|PRIMERO LA GENTE – COMUNIDAD, ECOLOGÍA, LIBERTAD Y PROGRESO	124
TACNA|CANDARAVE|PROGRESEMOS	20
TACNA|CANDARAVE|RENOVACIÓN POPULAR	64
TACNA|CANDARAVE|SALVEMOS AL PERÚ	3
TACNA|CANDARAVE|UN CAMINO DIFERENTE	4
TACNA|CANDARAVE|UNIDAD NACIONAL	7
TACNA|CANDARAVE|VOTOS EN BLANCO	427
TACNA|CANDARAVE|VOTOS NULOS	143
TACNA|JORGE BASADRE|AHORA NACIÓN - AN	1077
TACNA|JORGE BASADRE|ALIANZA ELECTORAL VENCEREMOS	57
TACNA|JORGE BASADRE|ALIANZA PARA EL PROGRESO	41
TACNA|JORGE BASADRE|AVANZA PAÍS - PARTIDO DE INTEGRACIÓN SOCIAL	29
TACNA|JORGE BASADRE|FE EN EL PERÚ	13
TACNA|JORGE BASADRE|FUERZA POPULAR	451
TACNA|JORGE BASADRE|FUERZA Y LIBERTAD	7
TACNA|JORGE BASADRE|JUNTOS POR EL PERÚ	1564
TACNA|JORGE BASADRE|LIBERTAD POPULAR	9
TACNA|JORGE BASADRE|PARTIDO APRISTA PERUANO	23
TACNA|JORGE BASADRE|PARTIDO CÍVICO OBRAS	1418
TACNA|JORGE BASADRE|PARTIDO DE LOS TRABAJADORES Y EMPRENDEDORES PTE - PERÚ	2
TACNA|JORGE BASADRE|PARTIDO DEL BUEN GOBIERNO	681
TACNA|JORGE BASADRE|PARTIDO DEMOCRATICO FEDERAL	4
TACNA|JORGE BASADRE|PARTIDO DEMOCRÁTICO SOMOS PERÚ	24
TACNA|JORGE BASADRE|PARTIDO DEMÓCRATA UNIDO PERÚ	120
TACNA|JORGE BASADRE|PARTIDO DEMÓCRATA VERDE	22
TACNA|JORGE BASADRE|PARTIDO FRENTE DE LA ESPERANZA 2021	343
TACNA|JORGE BASADRE|PARTIDO MORADO	40
TACNA|JORGE BASADRE|PARTIDO PATRIÓTICO DEL PERÚ	79
TACNA|JORGE BASADRE|PARTIDO PAÍS PARA TODOS	375
TACNA|JORGE BASADRE|PARTIDO POLÍTICO COOPERACIÓN POPULAR	379
TACNA|JORGE BASADRE|PARTIDO POLÍTICO INTEGRIDAD DEMOCRÁTICA	23
TACNA|JORGE BASADRE|PARTIDO POLÍTICO NACIONAL PERÚ LIBRE	73
TACNA|JORGE BASADRE|PARTIDO POLÍTICO PERÚ ACCIÓN	39
TACNA|JORGE BASADRE|PARTIDO POLÍTICO PERÚ PRIMERO	125
TACNA|JORGE BASADRE|PARTIDO POLÍTICO PRIN	5
TACNA|JORGE BASADRE|PARTIDO SICREO	345
TACNA|JORGE BASADRE|PERÚ MODERNO	5
TACNA|JORGE BASADRE|PODEMOS PERÚ	169
TACNA|JORGE BASADRE|PRIMERO LA GENTE – COMUNIDAD, ECOLOGÍA, LIBERTAD Y PROGRESO	484
TACNA|JORGE BASADRE|PROGRESEMOS	51
TACNA|JORGE BASADRE|RENOVACIÓN POPULAR	303
TACNA|JORGE BASADRE|SALVEMOS AL PERÚ	2
TACNA|JORGE BASADRE|UN CAMINO DIFERENTE	14
TACNA|JORGE BASADRE|UNIDAD NACIONAL	12
TACNA|JORGE BASADRE|VOTOS EN BLANCO	729
TACNA|JORGE BASADRE|VOTOS NULOS	334
TACNA|TACNA|AHORA NACIÓN - AN	19700
TACNA|TACNA|ALIANZA ELECTORAL VENCEREMOS	1117
TACNA|TACNA|ALIANZA PARA EL PROGRESO	1160
TACNA|TACNA|AVANZA PAÍS - PARTIDO DE INTEGRACIÓN SOCIAL	496
TACNA|TACNA|FE EN EL PERÚ	166
TACNA|TACNA|FUERZA POPULAR	14141
TACNA|TACNA|FUERZA Y LIBERTAD	299
TACNA|TACNA|JUNTOS POR EL PERÚ	22669
TACNA|TACNA|LIBERTAD POPULAR	323
TACNA|TACNA|PARTIDO APRISTA PERUANO	962
TACNA|TACNA|PARTIDO CÍVICO OBRAS	29470
TACNA|TACNA|PARTIDO DE LOS TRABAJADORES Y EMPRENDEDORES PTE - PERÚ	114
TACNA|TACNA|PARTIDO DEL BUEN GOBIERNO	24096
TACNA|TACNA|PARTIDO DEMOCRATICO FEDERAL	267
TACNA|TACNA|PARTIDO DEMOCRÁTICO SOMOS PERÚ	840
TACNA|TACNA|PARTIDO DEMÓCRATA UNIDO PERÚ	2019
TACNA|TACNA|PARTIDO DEMÓCRATA VERDE	742
TACNA|TACNA|PARTIDO FRENTE DE LA ESPERANZA 2021	10668
TACNA|TACNA|PARTIDO MORADO	1192
TACNA|TACNA|PARTIDO PATRIÓTICO DEL PERÚ	1672
TACNA|TACNA|PARTIDO PAÍS PARA TODOS	15325
TACNA|TACNA|PARTIDO POLÍTICO COOPERACIÓN POPULAR	8854
TACNA|TACNA|PARTIDO POLÍTICO INTEGRIDAD DEMOCRÁTICA	689
TACNA|TACNA|PARTIDO POLÍTICO NACIONAL PERÚ LIBRE	1515
TACNA|TACNA|PARTIDO POLÍTICO PERÚ ACCIÓN	435
TACNA|TACNA|PARTIDO POLÍTICO PERÚ PRIMERO	2415
TACNA|TACNA|PARTIDO POLÍTICO PRIN	80
TACNA|TACNA|PARTIDO SICREO	10164
TACNA|TACNA|PERÚ MODERNO	83
TACNA|TACNA|PODEMOS PERÚ	2348
TACNA|TACNA|PRIMERO LA GENTE – COMUNIDAD, ECOLOGÍA, LIBERTAD Y PROGRESO	13862
TACNA|TACNA|PROGRESEMOS	987
TACNA|TACNA|RENOVACIÓN POPULAR	13239
TACNA|TACNA|SALVEMOS AL PERÚ	138
TACNA|TACNA|UN CAMINO DIFERENTE	477
TACNA|TACNA|UNIDAD NACIONAL	728
TACNA|TACNA|VOTOS EN BLANCO	17102
TACNA|TACNA|VOTOS NULOS	8488
TACNA|TARATA|AHORA NACIÓN - AN	768
TACNA|TARATA|ALIANZA ELECTORAL VENCEREMOS	54
TACNA|TARATA|ALIANZA PARA EL PROGRESO	88
TACNA|TARATA|AVANZA PAÍS - PARTIDO DE INTEGRACIÓN SOCIAL	11
TACNA|TARATA|FE EN EL PERÚ	9
TACNA|TARATA|FUERZA POPULAR	343
TACNA|TARATA|FUERZA Y LIBERTAD	3
TACNA|TARATA|JUNTOS POR EL PERÚ	1053
TACNA|TARATA|LIBERTAD POPULAR	3
TACNA|TARATA|PARTIDO APRISTA PERUANO	23
TACNA|TARATA|PARTIDO CÍVICO OBRAS	720
TACNA|TARATA|PARTIDO DE LOS TRABAJADORES Y EMPRENDEDORES PTE - PERÚ	8
TACNA|TARATA|PARTIDO DEL BUEN GOBIERNO	294
TACNA|TARATA|PARTIDO DEMOCRATICO FEDERAL	2
TACNA|TARATA|PARTIDO DEMOCRÁTICO SOMOS PERÚ	15
TACNA|TARATA|PARTIDO DEMÓCRATA UNIDO PERÚ	136
TACNA|TARATA|PARTIDO DEMÓCRATA VERDE	16
TACNA|TARATA|PARTIDO FRENTE DE LA ESPERANZA 2021	249
TACNA|TARATA|PARTIDO MORADO	11
TACNA|TARATA|PARTIDO PATRIÓTICO DEL PERÚ	25
TACNA|TARATA|PARTIDO PAÍS PARA TODOS	330
TACNA|TARATA|PARTIDO POLÍTICO COOPERACIÓN POPULAR	228
TACNA|TARATA|PARTIDO POLÍTICO INTEGRIDAD DEMOCRÁTICA	12
TACNA|TARATA|PARTIDO POLÍTICO NACIONAL PERÚ LIBRE	65
TACNA|TARATA|PARTIDO POLÍTICO PERÚ ACCIÓN	17
TACNA|TARATA|PARTIDO POLÍTICO PERÚ PRIMERO	72
TACNA|TARATA|PARTIDO POLÍTICO PRIN	6
TACNA|TARATA|PARTIDO SICREO	108
TACNA|TARATA|PERÚ MODERNO	1
TACNA|TARATA|PODEMOS PERÚ	109
TACNA|TARATA|PRIMERO LA GENTE – COMUNIDAD, ECOLOGÍA, LIBERTAD Y PROGRESO	165
TACNA|TARATA|PROGRESEMOS	33
TACNA|TARATA|RENOVACIÓN POPULAR	90
TACNA|TARATA|SALVEMOS AL PERÚ	5
TACNA|TARATA|UN CAMINO DIFERENTE	10
TACNA|TARATA|UNIDAD NACIONAL	11
TACNA|TARATA|VOTOS EN BLANCO	603
TACNA|TARATA|VOTOS NULOS	244
TUMBES|CONTRALMIRANTE VILLAR|AHORA NACIÓN - AN	590
TUMBES|CONTRALMIRANTE VILLAR|ALIANZA ELECTORAL VENCEREMOS	52
TUMBES|CONTRALMIRANTE VILLAR|ALIANZA PARA EL PROGRESO	195
TUMBES|CONTRALMIRANTE VILLAR|AVANZA PAÍS - PARTIDO DE INTEGRACIÓN SOCIAL	9
TUMBES|CONTRALMIRANTE VILLAR|FE EN EL PERÚ	12
TUMBES|CONTRALMIRANTE VILLAR|FUERZA POPULAR	4313
TUMBES|CONTRALMIRANTE VILLAR|FUERZA Y LIBERTAD	8
TUMBES|CONTRALMIRANTE VILLAR|JUNTOS POR EL PERÚ	572
TUMBES|CONTRALMIRANTE VILLAR|LIBERTAD POPULAR	130
TUMBES|CONTRALMIRANTE VILLAR|PARTIDO APRISTA PERUANO	122
TUMBES|CONTRALMIRANTE VILLAR|PARTIDO CÍVICO OBRAS	654
TUMBES|CONTRALMIRANTE VILLAR|PARTIDO DE LOS TRABAJADORES Y EMPRENDEDORES PTE - PERÚ	8
TUMBES|CONTRALMIRANTE VILLAR|PARTIDO DEL BUEN GOBIERNO	508
TUMBES|CONTRALMIRANTE VILLAR|PARTIDO DEMOCRATICO FEDERAL	8
TUMBES|CONTRALMIRANTE VILLAR|PARTIDO DEMOCRÁTICO SOMOS PERÚ	127
TUMBES|CONTRALMIRANTE VILLAR|PARTIDO DEMÓCRATA UNIDO PERÚ	18
TUMBES|CONTRALMIRANTE VILLAR|PARTIDO DEMÓCRATA VERDE	30
TUMBES|CONTRALMIRANTE VILLAR|PARTIDO FRENTE DE LA ESPERANZA 2021	80
TUMBES|CONTRALMIRANTE VILLAR|PARTIDO MORADO	21
TUMBES|CONTRALMIRANTE VILLAR|PARTIDO PATRIÓTICO DEL PERÚ	79
TUMBES|CONTRALMIRANTE VILLAR|PARTIDO PAÍS PARA TODOS	1381
TUMBES|CONTRALMIRANTE VILLAR|PARTIDO POLÍTICO COOPERACIÓN POPULAR	39
TUMBES|CONTRALMIRANTE VILLAR|PARTIDO POLÍTICO INTEGRIDAD DEMOCRÁTICA	50
TUMBES|CONTRALMIRANTE VILLAR|PARTIDO POLÍTICO NACIONAL PERÚ LIBRE	57
TUMBES|CONTRALMIRANTE VILLAR|PARTIDO POLÍTICO PERÚ ACCIÓN	21
TUMBES|CONTRALMIRANTE VILLAR|PARTIDO POLÍTICO PERÚ PRIMERO	52
TUMBES|CONTRALMIRANTE VILLAR|PARTIDO POLÍTICO PRIN	3
TUMBES|CONTRALMIRANTE VILLAR|PARTIDO SICREO	182
TUMBES|CONTRALMIRANTE VILLAR|PERÚ MODERNO	3
TUMBES|CONTRALMIRANTE VILLAR|PODEMOS PERÚ	219
TUMBES|CONTRALMIRANTE VILLAR|PRIMERO LA GENTE – COMUNIDAD, ECOLOGÍA, LIBERTAD Y PROGRESO	191
TUMBES|CONTRALMIRANTE VILLAR|PROGRESEMOS	16
TUMBES|CONTRALMIRANTE VILLAR|RENOVACIÓN POPULAR	634
TUMBES|CONTRALMIRANTE VILLAR|SALVEMOS AL PERÚ	7
TUMBES|CONTRALMIRANTE VILLAR|UN CAMINO DIFERENTE	30
TUMBES|CONTRALMIRANTE VILLAR|UNIDAD NACIONAL	34
TUMBES|CONTRALMIRANTE VILLAR|VOTOS EN BLANCO	2126
TUMBES|CONTRALMIRANTE VILLAR|VOTOS NULOS	724
TUMBES|TUMBES|AHORA NACIÓN - AN	4026
TUMBES|TUMBES|ALIANZA ELECTORAL VENCEREMOS	605
TUMBES|TUMBES|ALIANZA PARA EL PROGRESO	1805
TUMBES|TUMBES|AVANZA PAÍS - PARTIDO DE INTEGRACIÓN SOCIAL	80
TUMBES|TUMBES|FE EN EL PERÚ	806
TUMBES|TUMBES|FUERZA POPULAR	22366
TUMBES|TUMBES|FUERZA Y LIBERTAD	145
TUMBES|TUMBES|JUNTOS POR EL PERÚ	5033
TUMBES|TUMBES|LIBERTAD POPULAR	223
TUMBES|TUMBES|PARTIDO APRISTA PERUANO	858
TUMBES|TUMBES|PARTIDO CÍVICO OBRAS	3608
TUMBES|TUMBES|PARTIDO DE LOS TRABAJADORES Y EMPRENDEDORES PTE - PERÚ	63
TUMBES|TUMBES|PARTIDO DEL BUEN GOBIERNO	4661
TUMBES|TUMBES|PARTIDO DEMOCRATICO FEDERAL	65
TUMBES|TUMBES|PARTIDO DEMOCRÁTICO SOMOS PERÚ	1306
TUMBES|TUMBES|PARTIDO DEMÓCRATA UNIDO PERÚ	144
TUMBES|TUMBES|PARTIDO DEMÓCRATA VERDE	251
TUMBES|TUMBES|PARTIDO FRENTE DE LA ESPERANZA 2021	881
TUMBES|TUMBES|PARTIDO MORADO	304
TUMBES|TUMBES|PARTIDO PATRIÓTICO DEL PERÚ	650
TUMBES|TUMBES|PARTIDO PAÍS PARA TODOS	12605
TUMBES|TUMBES|PARTIDO POLÍTICO COOPERACIÓN POPULAR	502
TUMBES|TUMBES|PARTIDO POLÍTICO INTEGRIDAD DEMOCRÁTICA	579
TUMBES|TUMBES|PARTIDO POLÍTICO NACIONAL PERÚ LIBRE	514
TUMBES|TUMBES|PARTIDO POLÍTICO PERÚ ACCIÓN	145
TUMBES|TUMBES|PARTIDO POLÍTICO PERÚ PRIMERO	754
TUMBES|TUMBES|PARTIDO POLÍTICO PRIN	48
TUMBES|TUMBES|PARTIDO SICREO	1772
TUMBES|TUMBES|PERÚ MODERNO	37
TUMBES|TUMBES|PODEMOS PERÚ	3997
TUMBES|TUMBES|PRIMERO LA GENTE – COMUNIDAD, ECOLOGÍA, LIBERTAD Y PROGRESO	2355
TUMBES|TUMBES|PROGRESEMOS	123
TUMBES|TUMBES|RENOVACIÓN POPULAR	4790
TUMBES|TUMBES|SALVEMOS AL PERÚ	93
TUMBES|TUMBES|UN CAMINO DIFERENTE	273
TUMBES|TUMBES|UNIDAD NACIONAL	356
TUMBES|TUMBES|VOTOS EN BLANCO	14588
TUMBES|TUMBES|VOTOS NULOS	6880
TUMBES|ZARUMILLA|AHORA NACIÓN - AN	824
TUMBES|ZARUMILLA|ALIANZA ELECTORAL VENCEREMOS	147
TUMBES|ZARUMILLA|ALIANZA PARA EL PROGRESO	312
TUMBES|ZARUMILLA|AVANZA PAÍS - PARTIDO DE INTEGRACIÓN SOCIAL	16
TUMBES|ZARUMILLA|FE EN EL PERÚ	77
TUMBES|ZARUMILLA|FUERZA POPULAR	11171
TUMBES|ZARUMILLA|FUERZA Y LIBERTAD	23
TUMBES|ZARUMILLA|JUNTOS POR EL PERÚ	2143
TUMBES|ZARUMILLA|LIBERTAD POPULAR	33
TUMBES|ZARUMILLA|PARTIDO APRISTA PERUANO	97
TUMBES|ZARUMILLA|PARTIDO CÍVICO OBRAS	1193
TUMBES|ZARUMILLA|PARTIDO DE LOS TRABAJADORES Y EMPRENDEDORES PTE - PERÚ	18
TUMBES|ZARUMILLA|PARTIDO DEL BUEN GOBIERNO	903
TUMBES|ZARUMILLA|PARTIDO DEMOCRATICO FEDERAL	20
TUMBES|ZARUMILLA|PARTIDO DEMOCRÁTICO SOMOS PERÚ	341
TUMBES|ZARUMILLA|PARTIDO DEMÓCRATA UNIDO PERÚ	64
TUMBES|ZARUMILLA|PARTIDO DEMÓCRATA VERDE	121
TUMBES|ZARUMILLA|PARTIDO FRENTE DE LA ESPERANZA 2021	185
TUMBES|ZARUMILLA|PARTIDO MORADO	67
TUMBES|ZARUMILLA|PARTIDO PATRIÓTICO DEL PERÚ	205
TUMBES|ZARUMILLA|PARTIDO PAÍS PARA TODOS	2440
TUMBES|ZARUMILLA|PARTIDO POLÍTICO COOPERACIÓN POPULAR	101
TUMBES|ZARUMILLA|PARTIDO POLÍTICO INTEGRIDAD DEMOCRÁTICA	72
TUMBES|ZARUMILLA|PARTIDO POLÍTICO NACIONAL PERÚ LIBRE	112
TUMBES|ZARUMILLA|PARTIDO POLÍTICO PERÚ ACCIÓN	27
TUMBES|ZARUMILLA|PARTIDO POLÍTICO PERÚ PRIMERO	181
TUMBES|ZARUMILLA|PARTIDO POLÍTICO PRIN	9
TUMBES|ZARUMILLA|PARTIDO SICREO	394
TUMBES|ZARUMILLA|PERÚ MODERNO	8
TUMBES|ZARUMILLA|PODEMOS PERÚ	460
TUMBES|ZARUMILLA|PRIMERO LA GENTE – COMUNIDAD, ECOLOGÍA, LIBERTAD Y PROGRESO	513
TUMBES|ZARUMILLA|PROGRESEMOS	28
TUMBES|ZARUMILLA|RENOVACIÓN POPULAR	1132
TUMBES|ZARUMILLA|SALVEMOS AL PERÚ	9
TUMBES|ZARUMILLA|UN CAMINO DIFERENTE	88
TUMBES|ZARUMILLA|UNIDAD NACIONAL	69
TUMBES|ZARUMILLA|VOTOS EN BLANCO	4885
TUMBES|ZARUMILLA|VOTOS NULOS	1670
UCAYALI|ATALAYA|AHORA NACIÓN - AN	520
UCAYALI|ATALAYA|ALIANZA ELECTORAL VENCEREMOS	117
UCAYALI|ATALAYA|ALIANZA PARA EL PROGRESO	128
UCAYALI|ATALAYA|AVANZA PAÍS - PARTIDO DE INTEGRACIÓN SOCIAL	15
UCAYALI|ATALAYA|FE EN EL PERÚ	39
UCAYALI|ATALAYA|FUERZA POPULAR	4217
UCAYALI|ATALAYA|FUERZA Y LIBERTAD	26
UCAYALI|ATALAYA|JUNTOS POR EL PERÚ	2078
UCAYALI|ATALAYA|LIBERTAD POPULAR	24
UCAYALI|ATALAYA|PARTIDO APRISTA PERUANO	83
UCAYALI|ATALAYA|PARTIDO CÍVICO OBRAS	742
UCAYALI|ATALAYA|PARTIDO DE LOS TRABAJADORES Y EMPRENDEDORES PTE - PERÚ	4
UCAYALI|ATALAYA|PARTIDO DEL BUEN GOBIERNO	207
UCAYALI|ATALAYA|PARTIDO DEMOCRATICO FEDERAL	19
UCAYALI|ATALAYA|PARTIDO DEMOCRÁTICO SOMOS PERÚ	339
UCAYALI|ATALAYA|PARTIDO DEMÓCRATA UNIDO PERÚ	437
UCAYALI|ATALAYA|PARTIDO DEMÓCRATA VERDE	100
UCAYALI|ATALAYA|PARTIDO FRENTE DE LA ESPERANZA 2021	118
UCAYALI|ATALAYA|PARTIDO MORADO	13
UCAYALI|ATALAYA|PARTIDO PATRIÓTICO DEL PERÚ	121
UCAYALI|ATALAYA|PARTIDO PAÍS PARA TODOS	462
UCAYALI|ATALAYA|PARTIDO POLÍTICO COOPERACIÓN POPULAR	48
UCAYALI|ATALAYA|PARTIDO POLÍTICO INTEGRIDAD DEMOCRÁTICA	14
UCAYALI|ATALAYA|PARTIDO POLÍTICO NACIONAL PERÚ LIBRE	145
UCAYALI|ATALAYA|PARTIDO POLÍTICO PERÚ ACCIÓN	38
UCAYALI|ATALAYA|PARTIDO POLÍTICO PERÚ PRIMERO	72
UCAYALI|ATALAYA|PARTIDO POLÍTICO PRIN	18
UCAYALI|ATALAYA|PARTIDO SICREO	110
UCAYALI|ATALAYA|PERÚ MODERNO	3
UCAYALI|ATALAYA|PODEMOS PERÚ	434
UCAYALI|ATALAYA|PRIMERO LA GENTE – COMUNIDAD, ECOLOGÍA, LIBERTAD Y PROGRESO	81
UCAYALI|ATALAYA|PROGRESEMOS	300
UCAYALI|ATALAYA|RENOVACIÓN POPULAR	530
UCAYALI|ATALAYA|SALVEMOS AL PERÚ	42
UCAYALI|ATALAYA|UN CAMINO DIFERENTE	17
UCAYALI|ATALAYA|UNIDAD NACIONAL	28
UCAYALI|ATALAYA|VOTOS EN BLANCO	5844
UCAYALI|ATALAYA|VOTOS NULOS	1490
UCAYALI|CORONEL PORTILLO|AHORA NACIÓN - AN	7265
UCAYALI|CORONEL PORTILLO|ALIANZA ELECTORAL VENCEREMOS	1325
UCAYALI|CORONEL PORTILLO|ALIANZA PARA EL PROGRESO	1881
UCAYALI|CORONEL PORTILLO|AVANZA PAÍS - PARTIDO DE INTEGRACIÓN SOCIAL	450
UCAYALI|CORONEL PORTILLO|FE EN EL PERÚ	334
UCAYALI|CORONEL PORTILLO|FUERZA POPULAR	54962
UCAYALI|CORONEL PORTILLO|FUERZA Y LIBERTAD	428
UCAYALI|CORONEL PORTILLO|JUNTOS POR EL PERÚ	15496
UCAYALI|CORONEL PORTILLO|LIBERTAD POPULAR	366
UCAYALI|CORONEL PORTILLO|PARTIDO APRISTA PERUANO	1353
UCAYALI|CORONEL PORTILLO|PARTIDO CÍVICO OBRAS	14051
UCAYALI|CORONEL PORTILLO|PARTIDO DE LOS TRABAJADORES Y EMPRENDEDORES PTE - PERÚ	171
UCAYALI|CORONEL PORTILLO|PARTIDO DEL BUEN GOBIERNO	8980
UCAYALI|CORONEL PORTILLO|PARTIDO DEMOCRATICO FEDERAL	204
UCAYALI|CORONEL PORTILLO|PARTIDO DEMOCRÁTICO SOMOS PERÚ	3825
UCAYALI|CORONEL PORTILLO|PARTIDO DEMÓCRATA UNIDO PERÚ	1732
UCAYALI|CORONEL PORTILLO|PARTIDO DEMÓCRATA VERDE	849
UCAYALI|CORONEL PORTILLO|PARTIDO FRENTE DE LA ESPERANZA 2021	2843
UCAYALI|CORONEL PORTILLO|PARTIDO MORADO	822
UCAYALI|CORONEL PORTILLO|PARTIDO PATRIÓTICO DEL PERÚ	2509
UCAYALI|CORONEL PORTILLO|PARTIDO PAÍS PARA TODOS	21512
UCAYALI|CORONEL PORTILLO|PARTIDO POLÍTICO COOPERACIÓN POPULAR	1588
UCAYALI|CORONEL PORTILLO|PARTIDO POLÍTICO INTEGRIDAD DEMOCRÁTICA	836
UCAYALI|CORONEL PORTILLO|PARTIDO POLÍTICO NACIONAL PERÚ LIBRE	1425
UCAYALI|CORONEL PORTILLO|PARTIDO POLÍTICO PERÚ ACCIÓN	590
UCAYALI|CORONEL PORTILLO|PARTIDO POLÍTICO PERÚ PRIMERO	3482
UCAYALI|CORONEL PORTILLO|PARTIDO POLÍTICO PRIN	172
UCAYALI|CORONEL PORTILLO|PARTIDO SICREO	4620
UCAYALI|CORONEL PORTILLO|PERÚ MODERNO	150
UCAYALI|CORONEL PORTILLO|PODEMOS PERÚ	6153
UCAYALI|CORONEL PORTILLO|PRIMERO LA GENTE – COMUNIDAD, ECOLOGÍA, LIBERTAD Y PROGRESO	4740
UCAYALI|CORONEL PORTILLO|PROGRESEMOS	1389
UCAYALI|CORONEL PORTILLO|RENOVACIÓN POPULAR	10814
UCAYALI|CORONEL PORTILLO|SALVEMOS AL PERÚ	243
UCAYALI|CORONEL PORTILLO|UN CAMINO DIFERENTE	415
UCAYALI|CORONEL PORTILLO|UNIDAD NACIONAL	501
UCAYALI|CORONEL PORTILLO|VOTOS EN BLANCO	42249
UCAYALI|CORONEL PORTILLO|VOTOS NULOS	12502
UCAYALI|PADRE ABAD|AHORA NACIÓN - AN	1113
UCAYALI|PADRE ABAD|ALIANZA ELECTORAL VENCEREMOS	232
UCAYALI|PADRE ABAD|ALIANZA PARA EL PROGRESO	378
UCAYALI|PADRE ABAD|AVANZA PAÍS - PARTIDO DE INTEGRACIÓN SOCIAL	39
UCAYALI|PADRE ABAD|FE EN EL PERÚ	101
UCAYALI|PADRE ABAD|FUERZA POPULAR	6344
UCAYALI|PADRE ABAD|FUERZA Y LIBERTAD	37
UCAYALI|PADRE ABAD|JUNTOS POR EL PERÚ	10925
UCAYALI|PADRE ABAD|LIBERTAD POPULAR	58
UCAYALI|PADRE ABAD|PARTIDO APRISTA PERUANO	76
UCAYALI|PADRE ABAD|PARTIDO CÍVICO OBRAS	4121
UCAYALI|PADRE ABAD|PARTIDO DE LOS TRABAJADORES Y EMPRENDEDORES PTE - PERÚ	16
UCAYALI|PADRE ABAD|PARTIDO DEL BUEN GOBIERNO	694
UCAYALI|PADRE ABAD|PARTIDO DEMOCRATICO FEDERAL	42
UCAYALI|PADRE ABAD|PARTIDO DEMOCRÁTICO SOMOS PERÚ	251
UCAYALI|PADRE ABAD|PARTIDO DEMÓCRATA UNIDO PERÚ	377
UCAYALI|PADRE ABAD|PARTIDO DEMÓCRATA VERDE	154
UCAYALI|PADRE ABAD|PARTIDO FRENTE DE LA ESPERANZA 2021	340
UCAYALI|PADRE ABAD|PARTIDO MORADO	51
UCAYALI|PADRE ABAD|PARTIDO PATRIÓTICO DEL PERÚ	429
UCAYALI|PADRE ABAD|PARTIDO PAÍS PARA TODOS	1335
UCAYALI|PADRE ABAD|PARTIDO POLÍTICO COOPERACIÓN POPULAR	199
UCAYALI|PADRE ABAD|PARTIDO POLÍTICO INTEGRIDAD DEMOCRÁTICA	94
UCAYALI|PADRE ABAD|PARTIDO POLÍTICO NACIONAL PERÚ LIBRE	404
UCAYALI|PADRE ABAD|PARTIDO POLÍTICO PERÚ ACCIÓN	86
UCAYALI|PADRE ABAD|PARTIDO POLÍTICO PERÚ PRIMERO	423
UCAYALI|PADRE ABAD|PARTIDO POLÍTICO PRIN	46
UCAYALI|PADRE ABAD|PARTIDO SICREO	544
UCAYALI|PADRE ABAD|PERÚ MODERNO	21
UCAYALI|PADRE ABAD|PODEMOS PERÚ	1126
UCAYALI|PADRE ABAD|PRIMERO LA GENTE – COMUNIDAD, ECOLOGÍA, LIBERTAD Y PROGRESO	285
UCAYALI|PADRE ABAD|PROGRESEMOS	158
UCAYALI|PADRE ABAD|RENOVACIÓN POPULAR	1431
UCAYALI|PADRE ABAD|SALVEMOS AL PERÚ	49
UCAYALI|PADRE ABAD|UN CAMINO DIFERENTE	97
UCAYALI|PADRE ABAD|UNIDAD NACIONAL	58
UCAYALI|PADRE ABAD|VOTOS EN BLANCO	8991
UCAYALI|PADRE ABAD|VOTOS NULOS	3000
UCAYALI|PURÚS|AHORA NACIÓN - AN	15
UCAYALI|PURÚS|ALIANZA ELECTORAL VENCEREMOS	0
UCAYALI|PURÚS|ALIANZA PARA EL PROGRESO	31
UCAYALI|PURÚS|AVANZA PAÍS - PARTIDO DE INTEGRACIÓN SOCIAL	0
UCAYALI|PURÚS|FE EN EL PERÚ	2
UCAYALI|PURÚS|FUERZA POPULAR	486
UCAYALI|PURÚS|FUERZA Y LIBERTAD	0
UCAYALI|PURÚS|JUNTOS POR EL PERÚ	180
UCAYALI|PURÚS|LIBERTAD POPULAR	2
UCAYALI|PURÚS|PARTIDO APRISTA PERUANO	15
UCAYALI|PURÚS|PARTIDO CÍVICO OBRAS	16
UCAYALI|PURÚS|PARTIDO DE LOS TRABAJADORES Y EMPRENDEDORES PTE - PERÚ	0
UCAYALI|PURÚS|PARTIDO DEL BUEN GOBIERNO	6
UCAYALI|PURÚS|PARTIDO DEMOCRATICO FEDERAL	0
UCAYALI|PURÚS|PARTIDO DEMOCRÁTICO SOMOS PERÚ	46
UCAYALI|PURÚS|PARTIDO DEMÓCRATA UNIDO PERÚ	19
UCAYALI|PURÚS|PARTIDO DEMÓCRATA VERDE	7
UCAYALI|PURÚS|PARTIDO FRENTE DE LA ESPERANZA 2021	1
UCAYALI|PURÚS|PARTIDO MORADO	0
UCAYALI|PURÚS|PARTIDO PATRIÓTICO DEL PERÚ	3
UCAYALI|PURÚS|PARTIDO PAÍS PARA TODOS	12
UCAYALI|PURÚS|PARTIDO POLÍTICO COOPERACIÓN POPULAR	3
UCAYALI|PURÚS|PARTIDO POLÍTICO INTEGRIDAD DEMOCRÁTICA	0
UCAYALI|PURÚS|PARTIDO POLÍTICO NACIONAL PERÚ LIBRE	2
UCAYALI|PURÚS|PARTIDO POLÍTICO PERÚ ACCIÓN	0
UCAYALI|PURÚS|PARTIDO POLÍTICO PERÚ PRIMERO	3
UCAYALI|PURÚS|PARTIDO POLÍTICO PRIN	1
UCAYALI|PURÚS|PARTIDO SICREO	2
UCAYALI|PURÚS|PERÚ MODERNO	0
UCAYALI|PURÚS|PODEMOS PERÚ	12
UCAYALI|PURÚS|PRIMERO LA GENTE – COMUNIDAD, ECOLOGÍA, LIBERTAD Y PROGRESO	3
UCAYALI|PURÚS|PROGRESEMOS	4
UCAYALI|PURÚS|RENOVACIÓN POPULAR	17
UCAYALI|PURÚS|SALVEMOS AL PERÚ	1
UCAYALI|PURÚS|UN CAMINO DIFERENTE	1
UCAYALI|PURÚS|UNIDAD NACIONAL	0
UCAYALI|PURÚS|VOTOS EN BLANCO	365
UCAYALI|PURÚS|VOTOS NULOS	71
ÁFRICA|ARGELIA|AHORA NACIÓN - AN	0
ÁFRICA|ARGELIA|ALIANZA ELECTORAL VENCEREMOS	0
ÁFRICA|ARGELIA|ALIANZA PARA EL PROGRESO	0
ÁFRICA|ARGELIA|AVANZA PAÍS - PARTIDO DE INTEGRACIÓN SOCIAL	0
ÁFRICA|ARGELIA|FE EN EL PERÚ	0
ÁFRICA|ARGELIA|FUERZA POPULAR	1
ÁFRICA|ARGELIA|FUERZA Y LIBERTAD	0
ÁFRICA|ARGELIA|JUNTOS POR EL PERÚ	0
ÁFRICA|ARGELIA|LIBERTAD POPULAR	0
ÁFRICA|ARGELIA|PARTIDO APRISTA PERUANO	0
ÁFRICA|ARGELIA|PARTIDO CÍVICO OBRAS	0
ÁFRICA|ARGELIA|PARTIDO DE LOS TRABAJADORES Y EMPRENDEDORES PTE - PERÚ	0
ÁFRICA|ARGELIA|PARTIDO DEL BUEN GOBIERNO	0
ÁFRICA|ARGELIA|PARTIDO DEMOCRATICO FEDERAL	0
ÁFRICA|ARGELIA|PARTIDO DEMOCRÁTICO SOMOS PERÚ	0
ÁFRICA|ARGELIA|PARTIDO DEMÓCRATA UNIDO PERÚ	0
ÁFRICA|ARGELIA|PARTIDO DEMÓCRATA VERDE	0
ÁFRICA|ARGELIA|PARTIDO FRENTE DE LA ESPERANZA 2021	0
ÁFRICA|ARGELIA|PARTIDO MORADO	0
ÁFRICA|ARGELIA|PARTIDO PATRIÓTICO DEL PERÚ	0
ÁFRICA|ARGELIA|PARTIDO PAÍS PARA TODOS	4
ÁFRICA|ARGELIA|PARTIDO POLÍTICO COOPERACIÓN POPULAR	0
ÁFRICA|ARGELIA|PARTIDO POLÍTICO INTEGRIDAD DEMOCRÁTICA	0
ÁFRICA|ARGELIA|PARTIDO POLÍTICO NACIONAL PERÚ LIBRE	0
ÁFRICA|ARGELIA|PARTIDO POLÍTICO PERÚ ACCIÓN	0
ÁFRICA|ARGELIA|PARTIDO POLÍTICO PERÚ PRIMERO	0
ÁFRICA|ARGELIA|PARTIDO POLÍTICO PRIN	0
ÁFRICA|ARGELIA|PARTIDO SICREO	0
ÁFRICA|ARGELIA|PERÚ MODERNO	0
ÁFRICA|ARGELIA|PODEMOS PERÚ	0
ÁFRICA|ARGELIA|PRIMERO LA GENTE – COMUNIDAD, ECOLOGÍA, LIBERTAD Y PROGRESO	0
ÁFRICA|ARGELIA|PROGRESEMOS	0
ÁFRICA|ARGELIA|RENOVACIÓN POPULAR	4
ÁFRICA|ARGELIA|SALVEMOS AL PERÚ	0
ÁFRICA|ARGELIA|UN CAMINO DIFERENTE	0
ÁFRICA|ARGELIA|UNIDAD NACIONAL	0
ÁFRICA|ARGELIA|VOTOS EN BLANCO	1
ÁFRICA|ARGELIA|VOTOS NULOS	0
ÁFRICA|GHANA|AHORA NACIÓN - AN	0
ÁFRICA|GHANA|ALIANZA ELECTORAL VENCEREMOS	0
ÁFRICA|GHANA|ALIANZA PARA EL PROGRESO	0
ÁFRICA|GHANA|AVANZA PAÍS - PARTIDO DE INTEGRACIÓN SOCIAL	0
ÁFRICA|GHANA|FE EN EL PERÚ	0
ÁFRICA|GHANA|FUERZA POPULAR	0
ÁFRICA|GHANA|FUERZA Y LIBERTAD	0
ÁFRICA|GHANA|JUNTOS POR EL PERÚ	0
ÁFRICA|GHANA|LIBERTAD POPULAR	0
ÁFRICA|GHANA|PARTIDO APRISTA PERUANO	0
ÁFRICA|GHANA|PARTIDO CÍVICO OBRAS	0
ÁFRICA|GHANA|PARTIDO DE LOS TRABAJADORES Y EMPRENDEDORES PTE - PERÚ	0
ÁFRICA|GHANA|PARTIDO DEL BUEN GOBIERNO	0
ÁFRICA|GHANA|PARTIDO DEMOCRATICO FEDERAL	0
ÁFRICA|GHANA|PARTIDO DEMOCRÁTICO SOMOS PERÚ	0
ÁFRICA|GHANA|PARTIDO DEMÓCRATA UNIDO PERÚ	0
ÁFRICA|GHANA|PARTIDO DEMÓCRATA VERDE	0
ÁFRICA|GHANA|PARTIDO FRENTE DE LA ESPERANZA 2021	0
ÁFRICA|GHANA|PARTIDO MORADO	0
ÁFRICA|GHANA|PARTIDO PATRIÓTICO DEL PERÚ	0
ÁFRICA|GHANA|PARTIDO PAÍS PARA TODOS	0
ÁFRICA|GHANA|PARTIDO POLÍTICO COOPERACIÓN POPULAR	0
ÁFRICA|GHANA|PARTIDO POLÍTICO INTEGRIDAD DEMOCRÁTICA	0
ÁFRICA|GHANA|PARTIDO POLÍTICO NACIONAL PERÚ LIBRE	0
ÁFRICA|GHANA|PARTIDO POLÍTICO PERÚ ACCIÓN	0
ÁFRICA|GHANA|PARTIDO POLÍTICO PERÚ PRIMERO	0
ÁFRICA|GHANA|PARTIDO POLÍTICO PRIN	0
ÁFRICA|GHANA|PARTIDO SICREO	0
ÁFRICA|GHANA|PERÚ MODERNO	0
ÁFRICA|GHANA|PODEMOS PERÚ	0
ÁFRICA|GHANA|PRIMERO LA GENTE – COMUNIDAD, ECOLOGÍA, LIBERTAD Y PROGRESO	0
ÁFRICA|GHANA|PROGRESEMOS	0
ÁFRICA|GHANA|RENOVACIÓN POPULAR	0
ÁFRICA|GHANA|SALVEMOS AL PERÚ	0
ÁFRICA|GHANA|UN CAMINO DIFERENTE	0
ÁFRICA|GHANA|UNIDAD NACIONAL	0
ÁFRICA|GHANA|VOTOS EN BLANCO	0
ÁFRICA|KENIA|AHORA NACIÓN - AN	0
ÁFRICA|KENIA|ALIANZA ELECTORAL VENCEREMOS	0
ÁFRICA|KENIA|ALIANZA PARA EL PROGRESO	0
ÁFRICA|KENIA|AVANZA PAÍS - PARTIDO DE INTEGRACIÓN SOCIAL	0
ÁFRICA|KENIA|FE EN EL PERÚ	0
ÁFRICA|KENIA|FUERZA POPULAR	0
ÁFRICA|KENIA|FUERZA Y LIBERTAD	0
ÁFRICA|KENIA|JUNTOS POR EL PERÚ	0
ÁFRICA|KENIA|LIBERTAD POPULAR	0
ÁFRICA|KENIA|PARTIDO APRISTA PERUANO	0
ÁFRICA|KENIA|PARTIDO CÍVICO OBRAS	0
ÁFRICA|KENIA|PARTIDO DE LOS TRABAJADORES Y EMPRENDEDORES PTE - PERÚ	0
ÁFRICA|KENIA|PARTIDO DEL BUEN GOBIERNO	2
ÁFRICA|KENIA|PARTIDO DEMOCRATICO FEDERAL	0
ÁFRICA|KENIA|PARTIDO DEMOCRÁTICO SOMOS PERÚ	0
ÁFRICA|KENIA|PARTIDO DEMÓCRATA UNIDO PERÚ	0
ÁFRICA|KENIA|PARTIDO DEMÓCRATA VERDE	0
ÁFRICA|KENIA|PARTIDO FRENTE DE LA ESPERANZA 2021	0
ÁFRICA|KENIA|PARTIDO MORADO	0
ÁFRICA|KENIA|PARTIDO PATRIÓTICO DEL PERÚ	0
ÁFRICA|KENIA|PARTIDO PAÍS PARA TODOS	0
ÁFRICA|KENIA|PARTIDO POLÍTICO COOPERACIÓN POPULAR	0
ÁFRICA|KENIA|PARTIDO POLÍTICO INTEGRIDAD DEMOCRÁTICA	0
ÁFRICA|KENIA|PARTIDO POLÍTICO NACIONAL PERÚ LIBRE	0
ÁFRICA|KENIA|PARTIDO POLÍTICO PERÚ ACCIÓN	0
ÁFRICA|KENIA|PARTIDO POLÍTICO PERÚ PRIMERO	0
ÁFRICA|KENIA|PARTIDO POLÍTICO PRIN	0
ÁFRICA|KENIA|PARTIDO SICREO	0
ÁFRICA|KENIA|PERÚ MODERNO	0
ÁFRICA|KENIA|PODEMOS PERÚ	0
ÁFRICA|KENIA|PRIMERO LA GENTE – COMUNIDAD, ECOLOGÍA, LIBERTAD Y PROGRESO	1
ÁFRICA|KENIA|PROGRESEMOS	0
ÁFRICA|KENIA|RENOVACIÓN POPULAR	0
ÁFRICA|KENIA|SALVEMOS AL PERÚ	0
ÁFRICA|KENIA|UN CAMINO DIFERENTE	0
ÁFRICA|KENIA|UNIDAD NACIONAL	0
ÁFRICA|KENIA|VOTOS EN BLANCO	0
ÁFRICA|KENIA|VOTOS NULOS	0
ÁFRICA|MARRUECOS|AHORA NACIÓN - AN	0
ÁFRICA|MARRUECOS|ALIANZA ELECTORAL VENCEREMOS	0
ÁFRICA|MARRUECOS|ALIANZA PARA EL PROGRESO	0
ÁFRICA|MARRUECOS|AVANZA PAÍS - PARTIDO DE INTEGRACIÓN SOCIAL	0
ÁFRICA|MARRUECOS|FE EN EL PERÚ	0
ÁFRICA|MARRUECOS|FUERZA POPULAR	1
ÁFRICA|MARRUECOS|FUERZA Y LIBERTAD	0
ÁFRICA|MARRUECOS|JUNTOS POR EL PERÚ	0
ÁFRICA|MARRUECOS|LIBERTAD POPULAR	0
ÁFRICA|MARRUECOS|PARTIDO APRISTA PERUANO	0
ÁFRICA|MARRUECOS|PARTIDO CÍVICO OBRAS	2
ÁFRICA|MARRUECOS|PARTIDO DE LOS TRABAJADORES Y EMPRENDEDORES PTE - PERÚ	0
ÁFRICA|MARRUECOS|PARTIDO DEL BUEN GOBIERNO	3
ÁFRICA|MARRUECOS|PARTIDO DEMOCRATICO FEDERAL	0
ÁFRICA|MARRUECOS|PARTIDO DEMOCRÁTICO SOMOS PERÚ	0
ÁFRICA|MARRUECOS|PARTIDO DEMÓCRATA UNIDO PERÚ	0
ÁFRICA|MARRUECOS|PARTIDO DEMÓCRATA VERDE	0
ÁFRICA|MARRUECOS|PARTIDO FRENTE DE LA ESPERANZA 2021	0
ÁFRICA|MARRUECOS|PARTIDO MORADO	0
ÁFRICA|MARRUECOS|PARTIDO PATRIÓTICO DEL PERÚ	0
ÁFRICA|MARRUECOS|PARTIDO PAÍS PARA TODOS	1
ÁFRICA|MARRUECOS|PARTIDO POLÍTICO COOPERACIÓN POPULAR	0
ÁFRICA|MARRUECOS|PARTIDO POLÍTICO INTEGRIDAD DEMOCRÁTICA	0
ÁFRICA|MARRUECOS|PARTIDO POLÍTICO NACIONAL PERÚ LIBRE	0
ÁFRICA|MARRUECOS|PARTIDO POLÍTICO PERÚ ACCIÓN	0
ÁFRICA|MARRUECOS|PARTIDO POLÍTICO PERÚ PRIMERO	0
ÁFRICA|MARRUECOS|PARTIDO POLÍTICO PRIN	0
ÁFRICA|MARRUECOS|PARTIDO SICREO	0
ÁFRICA|MARRUECOS|PERÚ MODERNO	0
ÁFRICA|MARRUECOS|PODEMOS PERÚ	0
ÁFRICA|MARRUECOS|PRIMERO LA GENTE – COMUNIDAD, ECOLOGÍA, LIBERTAD Y PROGRESO	0
ÁFRICA|MARRUECOS|PROGRESEMOS	0
ÁFRICA|MARRUECOS|RENOVACIÓN POPULAR	2
ÁFRICA|MARRUECOS|SALVEMOS AL PERÚ	0
ÁFRICA|MARRUECOS|UN CAMINO DIFERENTE	0
ÁFRICA|MARRUECOS|UNIDAD NACIONAL	0
ÁFRICA|MARRUECOS|VOTOS EN BLANCO	2
ÁFRICA|MARRUECOS|VOTOS NULOS	0
ÁFRICA|REPÚBLICA ÁRABE DE EGIPTO|AHORA NACIÓN - AN	1
ÁFRICA|REPÚBLICA ÁRABE DE EGIPTO|ALIANZA ELECTORAL VENCEREMOS	0
ÁFRICA|REPÚBLICA ÁRABE DE EGIPTO|ALIANZA PARA EL PROGRESO	0
ÁFRICA|REPÚBLICA ÁRABE DE EGIPTO|AVANZA PAÍS - PARTIDO DE INTEGRACIÓN SOCIAL	0
ÁFRICA|REPÚBLICA ÁRABE DE EGIPTO|FE EN EL PERÚ	0
ÁFRICA|REPÚBLICA ÁRABE DE EGIPTO|FUERZA POPULAR	0
ÁFRICA|REPÚBLICA ÁRABE DE EGIPTO|FUERZA Y LIBERTAD	0
ÁFRICA|REPÚBLICA ÁRABE DE EGIPTO|JUNTOS POR EL PERÚ	0
ÁFRICA|REPÚBLICA ÁRABE DE EGIPTO|LIBERTAD POPULAR	0
ÁFRICA|REPÚBLICA ÁRABE DE EGIPTO|PARTIDO APRISTA PERUANO	0
ÁFRICA|REPÚBLICA ÁRABE DE EGIPTO|PARTIDO CÍVICO OBRAS	2
ÁFRICA|REPÚBLICA ÁRABE DE EGIPTO|PARTIDO DE LOS TRABAJADORES Y EMPRENDEDORES PTE - PERÚ	0
ÁFRICA|REPÚBLICA ÁRABE DE EGIPTO|PARTIDO DEL BUEN GOBIERNO	3
ÁFRICA|REPÚBLICA ÁRABE DE EGIPTO|PARTIDO DEMOCRATICO FEDERAL	0
ÁFRICA|REPÚBLICA ÁRABE DE EGIPTO|PARTIDO DEMOCRÁTICO SOMOS PERÚ	0
ÁFRICA|REPÚBLICA ÁRABE DE EGIPTO|PARTIDO DEMÓCRATA UNIDO PERÚ	0
ÁFRICA|REPÚBLICA ÁRABE DE EGIPTO|PARTIDO DEMÓCRATA VERDE	0
ÁFRICA|REPÚBLICA ÁRABE DE EGIPTO|PARTIDO FRENTE DE LA ESPERANZA 2021	1
ÁFRICA|REPÚBLICA ÁRABE DE EGIPTO|PARTIDO MORADO	0
ÁFRICA|REPÚBLICA ÁRABE DE EGIPTO|PARTIDO PATRIÓTICO DEL PERÚ	0
ÁFRICA|REPÚBLICA ÁRABE DE EGIPTO|PARTIDO PAÍS PARA TODOS	0
ÁFRICA|REPÚBLICA ÁRABE DE EGIPTO|PARTIDO POLÍTICO COOPERACIÓN POPULAR	0
ÁFRICA|REPÚBLICA ÁRABE DE EGIPTO|PARTIDO POLÍTICO INTEGRIDAD DEMOCRÁTICA	0
ÁFRICA|REPÚBLICA ÁRABE DE EGIPTO|PARTIDO POLÍTICO NACIONAL PERÚ LIBRE	1
ÁFRICA|REPÚBLICA ÁRABE DE EGIPTO|PARTIDO POLÍTICO PERÚ ACCIÓN	0
ÁFRICA|REPÚBLICA ÁRABE DE EGIPTO|PARTIDO POLÍTICO PERÚ PRIMERO	4
ÁFRICA|REPÚBLICA ÁRABE DE EGIPTO|PARTIDO POLÍTICO PRIN	0
ÁFRICA|REPÚBLICA ÁRABE DE EGIPTO|PARTIDO SICREO	0
ÁFRICA|REPÚBLICA ÁRABE DE EGIPTO|PERÚ MODERNO	0
ÁFRICA|REPÚBLICA ÁRABE DE EGIPTO|PODEMOS PERÚ	0
ÁFRICA|REPÚBLICA ÁRABE DE EGIPTO|PRIMERO LA GENTE – COMUNIDAD, ECOLOGÍA, LIBERTAD Y PROGRESO	0
ÁFRICA|REPÚBLICA ÁRABE DE EGIPTO|PROGRESEMOS	0
ÁFRICA|REPÚBLICA ÁRABE DE EGIPTO|RENOVACIÓN POPULAR	3
ÁFRICA|REPÚBLICA ÁRABE DE EGIPTO|SALVEMOS AL PERÚ	0
ÁFRICA|REPÚBLICA ÁRABE DE EGIPTO|UN CAMINO DIFERENTE	0
ÁFRICA|REPÚBLICA ÁRABE DE EGIPTO|UNIDAD NACIONAL	0
ÁFRICA|REPÚBLICA ÁRABE DE EGIPTO|VOTOS EN BLANCO	1
ÁFRICA|REPÚBLICA ÁRABE DE EGIPTO|VOTOS NULOS	1
ÁFRICA|SUDÁFRICA|AHORA NACIÓN - AN	1
ÁFRICA|SUDÁFRICA|ALIANZA ELECTORAL VENCEREMOS	0
ÁFRICA|SUDÁFRICA|ALIANZA PARA EL PROGRESO	0
ÁFRICA|SUDÁFRICA|AVANZA PAÍS - PARTIDO DE INTEGRACIÓN SOCIAL	0
ÁFRICA|SUDÁFRICA|FE EN EL PERÚ	0
ÁFRICA|SUDÁFRICA|FUERZA POPULAR	1
ÁFRICA|SUDÁFRICA|FUERZA Y LIBERTAD	1
ÁFRICA|SUDÁFRICA|JUNTOS POR EL PERÚ	0
ÁFRICA|SUDÁFRICA|LIBERTAD POPULAR	0
ÁFRICA|SUDÁFRICA|PARTIDO APRISTA PERUANO	0
ÁFRICA|SUDÁFRICA|PARTIDO CÍVICO OBRAS	2
ÁFRICA|SUDÁFRICA|PARTIDO DE LOS TRABAJADORES Y EMPRENDEDORES PTE - PERÚ	0
ÁFRICA|SUDÁFRICA|PARTIDO DEL BUEN GOBIERNO	1
ÁFRICA|SUDÁFRICA|PARTIDO DEMOCRATICO FEDERAL	0
ÁFRICA|SUDÁFRICA|PARTIDO DEMOCRÁTICO SOMOS PERÚ	0
ÁFRICA|SUDÁFRICA|PARTIDO DEMÓCRATA UNIDO PERÚ	0
ÁFRICA|SUDÁFRICA|PARTIDO DEMÓCRATA VERDE	0
ÁFRICA|SUDÁFRICA|PARTIDO FRENTE DE LA ESPERANZA 2021	0
ÁFRICA|SUDÁFRICA|PARTIDO MORADO	1
ÁFRICA|SUDÁFRICA|PARTIDO PATRIÓTICO DEL PERÚ	0
ÁFRICA|SUDÁFRICA|PARTIDO PAÍS PARA TODOS	2
ÁFRICA|SUDÁFRICA|PARTIDO POLÍTICO COOPERACIÓN POPULAR	0
ÁFRICA|SUDÁFRICA|PARTIDO POLÍTICO INTEGRIDAD DEMOCRÁTICA	0
ÁFRICA|SUDÁFRICA|PARTIDO POLÍTICO NACIONAL PERÚ LIBRE	0
ÁFRICA|SUDÁFRICA|PARTIDO POLÍTICO PERÚ ACCIÓN	0
ÁFRICA|SUDÁFRICA|PARTIDO POLÍTICO PERÚ PRIMERO	0
ÁFRICA|SUDÁFRICA|PARTIDO POLÍTICO PRIN	0
ÁFRICA|SUDÁFRICA|PARTIDO SICREO	0
ÁFRICA|SUDÁFRICA|PERÚ MODERNO	0
ÁFRICA|SUDÁFRICA|PODEMOS PERÚ	0
ÁFRICA|SUDÁFRICA|PRIMERO LA GENTE – COMUNIDAD, ECOLOGÍA, LIBERTAD Y PROGRESO	0
ÁFRICA|SUDÁFRICA|PROGRESEMOS	0
ÁFRICA|SUDÁFRICA|RENOVACIÓN POPULAR	17
ÁFRICA|SUDÁFRICA|SALVEMOS AL PERÚ	0
ÁFRICA|SUDÁFRICA|UN CAMINO DIFERENTE	0
ÁFRICA|SUDÁFRICA|UNIDAD NACIONAL	1
ÁFRICA|SUDÁFRICA|VOTOS EN BLANCO	3
ÁFRICA|SUDÁFRICA|VOTOS NULOS	0
ÁNCASH|AIJA|AHORA NACIÓN - AN	528
ÁNCASH|AIJA|ALIANZA ELECTORAL VENCEREMOS	26
ÁNCASH|AIJA|ALIANZA PARA EL PROGRESO	39
ÁNCASH|AIJA|AVANZA PAÍS - PARTIDO DE INTEGRACIÓN SOCIAL	1
ÁNCASH|AIJA|FE EN EL PERÚ	4
ÁNCASH|AIJA|FUERZA POPULAR	732
ÁNCASH|AIJA|FUERZA Y LIBERTAD	8
ÁNCASH|AIJA|JUNTOS POR EL PERÚ	639
ÁNCASH|AIJA|LIBERTAD POPULAR	14
ÁNCASH|AIJA|PARTIDO APRISTA PERUANO	17
ÁNCASH|AIJA|PARTIDO CÍVICO OBRAS	348
ÁNCASH|AIJA|PARTIDO DE LOS TRABAJADORES Y EMPRENDEDORES PTE - PERÚ	3
ÁNCASH|AIJA|PARTIDO DEL BUEN GOBIERNO	135
ÁNCASH|AIJA|PARTIDO DEMOCRATICO FEDERAL	5
ÁNCASH|AIJA|PARTIDO DEMOCRÁTICO SOMOS PERÚ	50
ÁNCASH|AIJA|PARTIDO DEMÓCRATA UNIDO PERÚ	22
ÁNCASH|AIJA|PARTIDO DEMÓCRATA VERDE	33
ÁNCASH|AIJA|PARTIDO FRENTE DE LA ESPERANZA 2021	45
ÁNCASH|AIJA|PARTIDO MORADO	8
ÁNCASH|AIJA|PARTIDO PATRIÓTICO DEL PERÚ	29
ÁNCASH|AIJA|PARTIDO PAÍS PARA TODOS	312
ÁNCASH|AIJA|PARTIDO POLÍTICO COOPERACIÓN POPULAR	12
ÁNCASH|AIJA|PARTIDO POLÍTICO INTEGRIDAD DEMOCRÁTICA	6
ÁNCASH|AIJA|PARTIDO POLÍTICO NACIONAL PERÚ LIBRE	17
ÁNCASH|AIJA|PARTIDO POLÍTICO PERÚ ACCIÓN	9
ÁNCASH|AIJA|PARTIDO POLÍTICO PERÚ PRIMERO	13
ÁNCASH|AIJA|PARTIDO POLÍTICO PRIN	3
ÁNCASH|AIJA|PARTIDO SICREO	66
ÁNCASH|AIJA|PERÚ MODERNO	4
ÁNCASH|AIJA|PODEMOS PERÚ	104
ÁNCASH|AIJA|PRIMERO LA GENTE – COMUNIDAD, ECOLOGÍA, LIBERTAD Y PROGRESO	71
ÁNCASH|AIJA|PROGRESEMOS	12
ÁNCASH|AIJA|RENOVACIÓN POPULAR	84
ÁNCASH|AIJA|SALVEMOS AL PERÚ	5
ÁNCASH|AIJA|UN CAMINO DIFERENTE	7
ÁNCASH|AIJA|UNIDAD NACIONAL	3
ÁNCASH|AIJA|VOTOS EN BLANCO	767
ÁNCASH|AIJA|VOTOS NULOS	292
ÁNCASH|ANTONIO RAIMONDI|AHORA NACIÓN - AN	413
ÁNCASH|ANTONIO RAIMONDI|ALIANZA ELECTORAL VENCEREMOS	51
ÁNCASH|ANTONIO RAIMONDI|ALIANZA PARA EL PROGRESO	35
ÁNCASH|ANTONIO RAIMONDI|AVANZA PAÍS - PARTIDO DE INTEGRACIÓN SOCIAL	6
ÁNCASH|ANTONIO RAIMONDI|FE EN EL PERÚ	15
ÁNCASH|ANTONIO RAIMONDI|FUERZA POPULAR	289
ÁNCASH|ANTONIO RAIMONDI|FUERZA Y LIBERTAD	2
ÁNCASH|ANTONIO RAIMONDI|JUNTOS POR EL PERÚ	1925
ÁNCASH|ANTONIO RAIMONDI|LIBERTAD POPULAR	18
ÁNCASH|ANTONIO RAIMONDI|PARTIDO APRISTA PERUANO	7
ÁNCASH|ANTONIO RAIMONDI|PARTIDO CÍVICO OBRAS	542
ÁNCASH|ANTONIO RAIMONDI|PARTIDO DE LOS TRABAJADORES Y EMPRENDEDORES PTE - PERÚ	3
ÁNCASH|ANTONIO RAIMONDI|PARTIDO DEL BUEN GOBIERNO	103
ÁNCASH|ANTONIO RAIMONDI|PARTIDO DEMOCRATICO FEDERAL	7
ÁNCASH|ANTONIO RAIMONDI|PARTIDO DEMOCRÁTICO SOMOS PERÚ	20
ÁNCASH|ANTONIO RAIMONDI|PARTIDO DEMÓCRATA UNIDO PERÚ	38
ÁNCASH|ANTONIO RAIMONDI|PARTIDO DEMÓCRATA VERDE	53
ÁNCASH|ANTONIO RAIMONDI|PARTIDO FRENTE DE LA ESPERANZA 2021	65
ÁNCASH|ANTONIO RAIMONDI|PARTIDO MORADO	6
ÁNCASH|ANTONIO RAIMONDI|PARTIDO PATRIÓTICO DEL PERÚ	49
ÁNCASH|ANTONIO RAIMONDI|PARTIDO PAÍS PARA TODOS	201
ÁNCASH|ANTONIO RAIMONDI|PARTIDO POLÍTICO COOPERACIÓN POPULAR	21
ÁNCASH|ANTONIO RAIMONDI|PARTIDO POLÍTICO INTEGRIDAD DEMOCRÁTICA	4
ÁNCASH|ANTONIO RAIMONDI|PARTIDO POLÍTICO NACIONAL PERÚ LIBRE	42
ÁNCASH|ANTONIO RAIMONDI|PARTIDO POLÍTICO PERÚ ACCIÓN	10
ÁNCASH|ANTONIO RAIMONDI|PARTIDO POLÍTICO PERÚ PRIMERO	19
ÁNCASH|ANTONIO RAIMONDI|PARTIDO POLÍTICO PRIN	7
ÁNCASH|ANTONIO RAIMONDI|PARTIDO SICREO	28
ÁNCASH|ANTONIO RAIMONDI|PERÚ MODERNO	4
ÁNCASH|ANTONIO RAIMONDI|PODEMOS PERÚ	160
ÁNCASH|ANTONIO RAIMONDI|PRIMERO LA GENTE – COMUNIDAD, ECOLOGÍA, LIBERTAD Y PROGRESO	34
ÁNCASH|ANTONIO RAIMONDI|PROGRESEMOS	25
ÁNCASH|ANTONIO RAIMONDI|RENOVACIÓN POPULAR	89
ÁNCASH|ANTONIO RAIMONDI|SALVEMOS AL PERÚ	11
ÁNCASH|ANTONIO RAIMONDI|UN CAMINO DIFERENTE	3
ÁNCASH|ANTONIO RAIMONDI|UNIDAD NACIONAL	3
ÁNCASH|ANTONIO RAIMONDI|VOTOS EN BLANCO	1244
ÁNCASH|ANTONIO RAIMONDI|VOTOS NULOS	383
ÁNCASH|ASUNCIÓN|AHORA NACIÓN - AN	518
ÁNCASH|ASUNCIÓN|ALIANZA ELECTORAL VENCEREMOS	49
ÁNCASH|ASUNCIÓN|ALIANZA PARA EL PROGRESO	34
ÁNCASH|ASUNCIÓN|AVANZA PAÍS - PARTIDO DE INTEGRACIÓN SOCIAL	4
ÁNCASH|ASUNCIÓN|FE EN EL PERÚ	5
ÁNCASH|ASUNCIÓN|FUERZA POPULAR	343
ÁNCASH|ASUNCIÓN|FUERZA Y LIBERTAD	7
ÁNCASH|ASUNCIÓN|JUNTOS POR EL PERÚ	681
ÁNCASH|ASUNCIÓN|LIBERTAD POPULAR	3
ÁNCASH|ASUNCIÓN|PARTIDO APRISTA PERUANO	12
ÁNCASH|ASUNCIÓN|PARTIDO CÍVICO OBRAS	324
ÁNCASH|ASUNCIÓN|PARTIDO DE LOS TRABAJADORES Y EMPRENDEDORES PTE - PERÚ	6
ÁNCASH|ASUNCIÓN|PARTIDO DEL BUEN GOBIERNO	133
ÁNCASH|ASUNCIÓN|PARTIDO DEMOCRATICO FEDERAL	6
ÁNCASH|ASUNCIÓN|PARTIDO DEMOCRÁTICO SOMOS PERÚ	15
ÁNCASH|ASUNCIÓN|PARTIDO DEMÓCRATA UNIDO PERÚ	35
ÁNCASH|ASUNCIÓN|PARTIDO DEMÓCRATA VERDE	28
ÁNCASH|ASUNCIÓN|PARTIDO FRENTE DE LA ESPERANZA 2021	37
ÁNCASH|ASUNCIÓN|PARTIDO MORADO	10
ÁNCASH|ASUNCIÓN|PARTIDO PATRIÓTICO DEL PERÚ	30
ÁNCASH|ASUNCIÓN|PARTIDO PAÍS PARA TODOS	199
ÁNCASH|ASUNCIÓN|PARTIDO POLÍTICO COOPERACIÓN POPULAR	19
ÁNCASH|ASUNCIÓN|PARTIDO POLÍTICO INTEGRIDAD DEMOCRÁTICA	4
ÁNCASH|ASUNCIÓN|PARTIDO POLÍTICO NACIONAL PERÚ LIBRE	25
ÁNCASH|ASUNCIÓN|PARTIDO POLÍTICO PERÚ ACCIÓN	10
ÁNCASH|ASUNCIÓN|PARTIDO POLÍTICO PERÚ PRIMERO	8
ÁNCASH|ASUNCIÓN|PARTIDO POLÍTICO PRIN	2
ÁNCASH|ASUNCIÓN|PARTIDO SICREO	30
ÁNCASH|ASUNCIÓN|PERÚ MODERNO	1
ÁNCASH|ASUNCIÓN|PODEMOS PERÚ	124
ÁNCASH|ASUNCIÓN|PRIMERO LA GENTE – COMUNIDAD, ECOLOGÍA, LIBERTAD Y PROGRESO	37
ÁNCASH|ASUNCIÓN|PROGRESEMOS	8
ÁNCASH|ASUNCIÓN|RENOVACIÓN POPULAR	118
ÁNCASH|ASUNCIÓN|SALVEMOS AL PERÚ	6
ÁNCASH|ASUNCIÓN|UN CAMINO DIFERENTE	5
ÁNCASH|ASUNCIÓN|UNIDAD NACIONAL	3
ÁNCASH|ASUNCIÓN|VOTOS EN BLANCO	859
ÁNCASH|ASUNCIÓN|VOTOS NULOS	326
ÁNCASH|BOLOGNESI|AHORA NACIÓN - AN	1326
ÁNCASH|BOLOGNESI|ALIANZA ELECTORAL VENCEREMOS	92
ÁNCASH|BOLOGNESI|ALIANZA PARA EL PROGRESO	197
ÁNCASH|BOLOGNESI|AVANZA PAÍS - PARTIDO DE INTEGRACIÓN SOCIAL	5
ÁNCASH|BOLOGNESI|FE EN EL PERÚ	46
ÁNCASH|BOLOGNESI|FUERZA POPULAR	1992
ÁNCASH|BOLOGNESI|FUERZA Y LIBERTAD	15
ÁNCASH|BOLOGNESI|JUNTOS POR EL PERÚ	1812
ÁNCASH|BOLOGNESI|LIBERTAD POPULAR	23
ÁNCASH|BOLOGNESI|PARTIDO APRISTA PERUANO	67
ÁNCASH|BOLOGNESI|PARTIDO CÍVICO OBRAS	1335
ÁNCASH|BOLOGNESI|PARTIDO DE LOS TRABAJADORES Y EMPRENDEDORES PTE - PERÚ	8
ÁNCASH|BOLOGNESI|PARTIDO DEL BUEN GOBIERNO	526
ÁNCASH|BOLOGNESI|PARTIDO DEMOCRATICO FEDERAL	13
ÁNCASH|BOLOGNESI|PARTIDO DEMOCRÁTICO SOMOS PERÚ	71
ÁNCASH|BOLOGNESI|PARTIDO DEMÓCRATA UNIDO PERÚ	105
ÁNCASH|BOLOGNESI|PARTIDO DEMÓCRATA VERDE	195
ÁNCASH|BOLOGNESI|PARTIDO FRENTE DE LA ESPERANZA 2021	277
ÁNCASH|BOLOGNESI|PARTIDO MORADO	33
ÁNCASH|BOLOGNESI|PARTIDO PATRIÓTICO DEL PERÚ	97
ÁNCASH|BOLOGNESI|PARTIDO PAÍS PARA TODOS	438
ÁNCASH|BOLOGNESI|PARTIDO POLÍTICO COOPERACIÓN POPULAR	84
ÁNCASH|BOLOGNESI|PARTIDO POLÍTICO INTEGRIDAD DEMOCRÁTICA	24
ÁNCASH|BOLOGNESI|PARTIDO POLÍTICO NACIONAL PERÚ LIBRE	70
ÁNCASH|BOLOGNESI|PARTIDO POLÍTICO PERÚ ACCIÓN	27
ÁNCASH|BOLOGNESI|PARTIDO POLÍTICO PERÚ PRIMERO	72
ÁNCASH|BOLOGNESI|PARTIDO POLÍTICO PRIN	6
ÁNCASH|BOLOGNESI|PARTIDO SICREO	245
ÁNCASH|BOLOGNESI|PERÚ MODERNO	6
ÁNCASH|BOLOGNESI|PODEMOS PERÚ	498
ÁNCASH|BOLOGNESI|PRIMERO LA GENTE – COMUNIDAD, ECOLOGÍA, LIBERTAD Y PROGRESO	144
ÁNCASH|BOLOGNESI|PROGRESEMOS	47
ÁNCASH|BOLOGNESI|RENOVACIÓN POPULAR	355
ÁNCASH|BOLOGNESI|SALVEMOS AL PERÚ	18
ÁNCASH|BOLOGNESI|UN CAMINO DIFERENTE	19
ÁNCASH|BOLOGNESI|UNIDAD NACIONAL	15
ÁNCASH|BOLOGNESI|VOTOS EN BLANCO	2256
ÁNCASH|BOLOGNESI|VOTOS NULOS	701
ÁNCASH|CARHUAZ|AHORA NACIÓN - AN	2443
ÁNCASH|CARHUAZ|ALIANZA ELECTORAL VENCEREMOS	165
ÁNCASH|CARHUAZ|ALIANZA PARA EL PROGRESO	339
ÁNCASH|CARHUAZ|AVANZA PAÍS - PARTIDO DE INTEGRACIÓN SOCIAL	51
ÁNCASH|CARHUAZ|FE EN EL PERÚ	67
ÁNCASH|CARHUAZ|FUERZA POPULAR	4085
ÁNCASH|CARHUAZ|FUERZA Y LIBERTAD	50
ÁNCASH|CARHUAZ|JUNTOS POR EL PERÚ	6548
ÁNCASH|CARHUAZ|LIBERTAD POPULAR	68
ÁNCASH|CARHUAZ|PARTIDO APRISTA PERUANO	126
ÁNCASH|CARHUAZ|PARTIDO CÍVICO OBRAS	2881
ÁNCASH|CARHUAZ|PARTIDO DE LOS TRABAJADORES Y EMPRENDEDORES PTE - PERÚ	13
ÁNCASH|CARHUAZ|PARTIDO DEL BUEN GOBIERNO	886
ÁNCASH|CARHUAZ|PARTIDO DEMOCRATICO FEDERAL	37
ÁNCASH|CARHUAZ|PARTIDO DEMOCRÁTICO SOMOS PERÚ	150
ÁNCASH|CARHUAZ|PARTIDO DEMÓCRATA UNIDO PERÚ	175
ÁNCASH|CARHUAZ|PARTIDO DEMÓCRATA VERDE	341
ÁNCASH|CARHUAZ|PARTIDO FRENTE DE LA ESPERANZA 2021	295
ÁNCASH|CARHUAZ|PARTIDO MORADO	75
ÁNCASH|CARHUAZ|PARTIDO PATRIÓTICO DEL PERÚ	188
ÁNCASH|CARHUAZ|PARTIDO PAÍS PARA TODOS	1391
ÁNCASH|CARHUAZ|PARTIDO POLÍTICO COOPERACIÓN POPULAR	113
ÁNCASH|CARHUAZ|PARTIDO POLÍTICO INTEGRIDAD DEMOCRÁTICA	48
ÁNCASH|CARHUAZ|PARTIDO POLÍTICO NACIONAL PERÚ LIBRE	189
ÁNCASH|CARHUAZ|PARTIDO POLÍTICO PERÚ ACCIÓN	40
ÁNCASH|CARHUAZ|PARTIDO POLÍTICO PERÚ PRIMERO	235
ÁNCASH|CARHUAZ|PARTIDO POLÍTICO PRIN	23
ÁNCASH|CARHUAZ|PARTIDO SICREO	436
ÁNCASH|CARHUAZ|PERÚ MODERNO	11
ÁNCASH|CARHUAZ|PODEMOS PERÚ	661
ÁNCASH|CARHUAZ|PRIMERO LA GENTE – COMUNIDAD, ECOLOGÍA, LIBERTAD Y PROGRESO	298
ÁNCASH|CARHUAZ|PROGRESEMOS	107
ÁNCASH|CARHUAZ|RENOVACIÓN POPULAR	825
ÁNCASH|CARHUAZ|SALVEMOS AL PERÚ	56
ÁNCASH|CARHUAZ|UN CAMINO DIFERENTE	58
ÁNCASH|CARHUAZ|UNIDAD NACIONAL	22
ÁNCASH|CARHUAZ|VOTOS EN BLANCO	6418
ÁNCASH|CARHUAZ|VOTOS NULOS	2917
ÁNCASH|CARLOS FERMÍN FITZCARRALD|AHORA NACIÓN - AN	427
ÁNCASH|CARLOS FERMÍN FITZCARRALD|ALIANZA ELECTORAL VENCEREMOS	32
ÁNCASH|CARLOS FERMÍN FITZCARRALD|ALIANZA PARA EL PROGRESO	72
ÁNCASH|CARLOS FERMÍN FITZCARRALD|AVANZA PAÍS - PARTIDO DE INTEGRACIÓN SOCIAL	5
ÁNCASH|CARLOS FERMÍN FITZCARRALD|FE EN EL PERÚ	32
ÁNCASH|CARLOS FERMÍN FITZCARRALD|FUERZA POPULAR	452
ÁNCASH|CARLOS FERMÍN FITZCARRALD|FUERZA Y LIBERTAD	5
ÁNCASH|CARLOS FERMÍN FITZCARRALD|JUNTOS POR EL PERÚ	2471
ÁNCASH|CARLOS FERMÍN FITZCARRALD|LIBERTAD POPULAR	19
ÁNCASH|CARLOS FERMÍN FITZCARRALD|PARTIDO APRISTA PERUANO	18
ÁNCASH|CARLOS FERMÍN FITZCARRALD|PARTIDO CÍVICO OBRAS	811
ÁNCASH|CARLOS FERMÍN FITZCARRALD|PARTIDO DE LOS TRABAJADORES Y EMPRENDEDORES PTE - PERÚ	2
ÁNCASH|CARLOS FERMÍN FITZCARRALD|PARTIDO DEL BUEN GOBIERNO	165
ÁNCASH|CARLOS FERMÍN FITZCARRALD|PARTIDO DEMOCRATICO FEDERAL	17
ÁNCASH|CARLOS FERMÍN FITZCARRALD|PARTIDO DEMOCRÁTICO SOMOS PERÚ	37
ÁNCASH|CARLOS FERMÍN FITZCARRALD|PARTIDO DEMÓCRATA UNIDO PERÚ	110
ÁNCASH|CARLOS FERMÍN FITZCARRALD|PARTIDO DEMÓCRATA VERDE	62
ÁNCASH|CARLOS FERMÍN FITZCARRALD|PARTIDO FRENTE DE LA ESPERANZA 2021	50
ÁNCASH|CARLOS FERMÍN FITZCARRALD|PARTIDO MORADO	14
ÁNCASH|CARLOS FERMÍN FITZCARRALD|PARTIDO PATRIÓTICO DEL PERÚ	54
ÁNCASH|CARLOS FERMÍN FITZCARRALD|PARTIDO PAÍS PARA TODOS	283
ÁNCASH|CARLOS FERMÍN FITZCARRALD|PARTIDO POLÍTICO COOPERACIÓN POPULAR	31
ÁNCASH|CARLOS FERMÍN FITZCARRALD|PARTIDO POLÍTICO INTEGRIDAD DEMOCRÁTICA	22
ÁNCASH|CARLOS FERMÍN FITZCARRALD|PARTIDO POLÍTICO NACIONAL PERÚ LIBRE	54
ÁNCASH|CARLOS FERMÍN FITZCARRALD|PARTIDO POLÍTICO PERÚ ACCIÓN	21
ÁNCASH|CARLOS FERMÍN FITZCARRALD|PARTIDO POLÍTICO PERÚ PRIMERO	43
ÁNCASH|CARLOS FERMÍN FITZCARRALD|PARTIDO POLÍTICO PRIN	7
ÁNCASH|CARLOS FERMÍN FITZCARRALD|PARTIDO SICREO	44
ÁNCASH|CARLOS FERMÍN FITZCARRALD|PERÚ MODERNO	4
ÁNCASH|CARLOS FERMÍN FITZCARRALD|PODEMOS PERÚ	304
ÁNCASH|CARLOS FERMÍN FITZCARRALD|PRIMERO LA GENTE – COMUNIDAD, ECOLOGÍA, LIBERTAD Y PROGRESO	41
ÁNCASH|CARLOS FERMÍN FITZCARRALD|PROGRESEMOS	58
ÁNCASH|CARLOS FERMÍN FITZCARRALD|RENOVACIÓN POPULAR	214
ÁNCASH|CARLOS FERMÍN FITZCARRALD|SALVEMOS AL PERÚ	17
ÁNCASH|CARLOS FERMÍN FITZCARRALD|UN CAMINO DIFERENTE	12
ÁNCASH|CARLOS FERMÍN FITZCARRALD|UNIDAD NACIONAL	2
ÁNCASH|CARLOS FERMÍN FITZCARRALD|VOTOS EN BLANCO	2052
ÁNCASH|CARLOS FERMÍN FITZCARRALD|VOTOS NULOS	751
ÁNCASH|CASMA|AHORA NACIÓN - AN	992
ÁNCASH|CASMA|ALIANZA ELECTORAL VENCEREMOS	146
ÁNCASH|CASMA|ALIANZA PARA EL PROGRESO	319
ÁNCASH|CASMA|AVANZA PAÍS - PARTIDO DE INTEGRACIÓN SOCIAL	24
ÁNCASH|CASMA|FE EN EL PERÚ	37
ÁNCASH|CASMA|FUERZA POPULAR	7411
ÁNCASH|CASMA|FUERZA Y LIBERTAD	28
ÁNCASH|CASMA|JUNTOS POR EL PERÚ	2631
ÁNCASH|CASMA|LIBERTAD POPULAR	56
ÁNCASH|CASMA|PARTIDO APRISTA PERUANO	617
ÁNCASH|CASMA|PARTIDO CÍVICO OBRAS	2249
ÁNCASH|CASMA|PARTIDO DE LOS TRABAJADORES Y EMPRENDEDORES PTE - PERÚ	9
ÁNCASH|CASMA|PARTIDO DEL BUEN GOBIERNO	1368
ÁNCASH|CASMA|PARTIDO DEMOCRATICO FEDERAL	42
ÁNCASH|CASMA|PARTIDO DEMOCRÁTICO SOMOS PERÚ	612
ÁNCASH|CASMA|PARTIDO DEMÓCRATA UNIDO PERÚ	138
ÁNCASH|CASMA|PARTIDO DEMÓCRATA VERDE	138
ÁNCASH|CASMA|PARTIDO FRENTE DE LA ESPERANZA 2021	334
ÁNCASH|CASMA|PARTIDO MORADO	66
ÁNCASH|CASMA|PARTIDO PATRIÓTICO DEL PERÚ	182
ÁNCASH|CASMA|PARTIDO PAÍS PARA TODOS	2515
ÁNCASH|CASMA|PARTIDO POLÍTICO COOPERACIÓN POPULAR	169
ÁNCASH|CASMA|PARTIDO POLÍTICO INTEGRIDAD DEMOCRÁTICA	74
ÁNCASH|CASMA|PARTIDO POLÍTICO NACIONAL PERÚ LIBRE	130
ÁNCASH|CASMA|PARTIDO POLÍTICO PERÚ ACCIÓN	51
ÁNCASH|CASMA|PARTIDO POLÍTICO PERÚ PRIMERO	245
ÁNCASH|CASMA|PARTIDO POLÍTICO PRIN	17
ÁNCASH|CASMA|PARTIDO SICREO	684
ÁNCASH|CASMA|PERÚ MODERNO	5
ÁNCASH|CASMA|PODEMOS PERÚ	1149
ÁNCASH|CASMA|PRIMERO LA GENTE – COMUNIDAD, ECOLOGÍA, LIBERTAD Y PROGRESO	513
ÁNCASH|CASMA|PROGRESEMOS	80
ÁNCASH|CASMA|RENOVACIÓN POPULAR	1912
ÁNCASH|CASMA|SALVEMOS AL PERÚ	29
ÁNCASH|CASMA|UN CAMINO DIFERENTE	193
ÁNCASH|CASMA|UNIDAD NACIONAL	54
ÁNCASH|CASMA|VOTOS EN BLANCO	5308
ÁNCASH|CASMA|VOTOS NULOS	2255
ÁNCASH|CORONGO|AHORA NACIÓN - AN	226
ÁNCASH|CORONGO|ALIANZA ELECTORAL VENCEREMOS	16
ÁNCASH|CORONGO|ALIANZA PARA EL PROGRESO	11
ÁNCASH|CORONGO|AVANZA PAÍS - PARTIDO DE INTEGRACIÓN SOCIAL	1
ÁNCASH|CORONGO|FE EN EL PERÚ	3
ÁNCASH|CORONGO|FUERZA POPULAR	567
ÁNCASH|CORONGO|FUERZA Y LIBERTAD	3
ÁNCASH|CORONGO|JUNTOS POR EL PERÚ	618
ÁNCASH|CORONGO|LIBERTAD POPULAR	5
ÁNCASH|CORONGO|PARTIDO APRISTA PERUANO	17
ÁNCASH|CORONGO|PARTIDO CÍVICO OBRAS	263
ÁNCASH|CORONGO|PARTIDO DE LOS TRABAJADORES Y EMPRENDEDORES PTE - PERÚ	1
ÁNCASH|CORONGO|PARTIDO DEL BUEN GOBIERNO	62
ÁNCASH|CORONGO|PARTIDO DEMOCRATICO FEDERAL	3
ÁNCASH|CORONGO|PARTIDO DEMOCRÁTICO SOMOS PERÚ	502
ÁNCASH|CORONGO|PARTIDO DEMÓCRATA UNIDO PERÚ	24
ÁNCASH|CORONGO|PARTIDO DEMÓCRATA VERDE	58
ÁNCASH|CORONGO|PARTIDO FRENTE DE LA ESPERANZA 2021	92
ÁNCASH|CORONGO|PARTIDO MORADO	5
ÁNCASH|CORONGO|PARTIDO PATRIÓTICO DEL PERÚ	17
ÁNCASH|CORONGO|PARTIDO PAÍS PARA TODOS	136
ÁNCASH|CORONGO|PARTIDO POLÍTICO COOPERACIÓN POPULAR	10
ÁNCASH|CORONGO|PARTIDO POLÍTICO INTEGRIDAD DEMOCRÁTICA	3
ÁNCASH|CORONGO|PARTIDO POLÍTICO NACIONAL PERÚ LIBRE	15
ÁNCASH|CORONGO|PARTIDO POLÍTICO PERÚ ACCIÓN	7
ÁNCASH|CORONGO|PARTIDO POLÍTICO PERÚ PRIMERO	9
ÁNCASH|CORONGO|PARTIDO POLÍTICO PRIN	2
ÁNCASH|CORONGO|PARTIDO SICREO	17
ÁNCASH|CORONGO|PERÚ MODERNO	2
ÁNCASH|CORONGO|PODEMOS PERÚ	187
ÁNCASH|CORONGO|PRIMERO LA GENTE – COMUNIDAD, ECOLOGÍA, LIBERTAD Y PROGRESO	12
ÁNCASH|CORONGO|PROGRESEMOS	4
ÁNCASH|CORONGO|RENOVACIÓN POPULAR	100
ÁNCASH|CORONGO|SALVEMOS AL PERÚ	5
ÁNCASH|CORONGO|UN CAMINO DIFERENTE	4
ÁNCASH|CORONGO|UNIDAD NACIONAL	2
ÁNCASH|CORONGO|VOTOS EN BLANCO	751
ÁNCASH|CORONGO|VOTOS NULOS	261
ÁNCASH|HUARAZ|AHORA NACIÓN - AN	12782
ÁNCASH|HUARAZ|ALIANZA ELECTORAL VENCEREMOS	510
ÁNCASH|HUARAZ|ALIANZA PARA EL PROGRESO	1334
ÁNCASH|HUARAZ|AVANZA PAÍS - PARTIDO DE INTEGRACIÓN SOCIAL	97
ÁNCASH|HUARAZ|FE EN EL PERÚ	128
ÁNCASH|HUARAZ|FUERZA POPULAR	12619
ÁNCASH|HUARAZ|FUERZA Y LIBERTAD	150
ÁNCASH|HUARAZ|JUNTOS POR EL PERÚ	10225
ÁNCASH|HUARAZ|LIBERTAD POPULAR	375
ÁNCASH|HUARAZ|PARTIDO APRISTA PERUANO	452
ÁNCASH|HUARAZ|PARTIDO CÍVICO OBRAS	8491
ÁNCASH|HUARAZ|PARTIDO DE LOS TRABAJADORES Y EMPRENDEDORES PTE - PERÚ	89
ÁNCASH|HUARAZ|PARTIDO DEL BUEN GOBIERNO	8251
ÁNCASH|HUARAZ|PARTIDO DEMOCRATICO FEDERAL	106
ÁNCASH|HUARAZ|PARTIDO DEMOCRÁTICO SOMOS PERÚ	586
ÁNCASH|HUARAZ|PARTIDO DEMÓCRATA UNIDO PERÚ	440
ÁNCASH|HUARAZ|PARTIDO DEMÓCRATA VERDE	563
ÁNCASH|HUARAZ|PARTIDO FRENTE DE LA ESPERANZA 2021	1962
ÁNCASH|HUARAZ|PARTIDO MORADO	528
ÁNCASH|HUARAZ|PARTIDO PATRIÓTICO DEL PERÚ	662
ÁNCASH|HUARAZ|PARTIDO PAÍS PARA TODOS	6679
ÁNCASH|HUARAZ|PARTIDO POLÍTICO COOPERACIÓN POPULAR	613
ÁNCASH|HUARAZ|PARTIDO POLÍTICO INTEGRIDAD DEMOCRÁTICA	286
ÁNCASH|HUARAZ|PARTIDO POLÍTICO NACIONAL PERÚ LIBRE	494
ÁNCASH|HUARAZ|PARTIDO POLÍTICO PERÚ ACCIÓN	177
ÁNCASH|HUARAZ|PARTIDO POLÍTICO PERÚ PRIMERO	613
ÁNCASH|HUARAZ|PARTIDO POLÍTICO PRIN	46
ÁNCASH|HUARAZ|PARTIDO SICREO	2800
ÁNCASH|HUARAZ|PERÚ MODERNO	43
ÁNCASH|HUARAZ|PODEMOS PERÚ	1557
ÁNCASH|HUARAZ|PRIMERO LA GENTE – COMUNIDAD, ECOLOGÍA, LIBERTAD Y PROGRESO	2656
ÁNCASH|HUARAZ|PROGRESEMOS	452
ÁNCASH|HUARAZ|RENOVACIÓN POPULAR	5035
ÁNCASH|HUARAZ|SALVEMOS AL PERÚ	94
ÁNCASH|HUARAZ|UN CAMINO DIFERENTE	236
ÁNCASH|HUARAZ|UNIDAD NACIONAL	246
ÁNCASH|HUARAZ|VOTOS EN BLANCO	12350
ÁNCASH|HUARAZ|VOTOS NULOS	6726
ÁNCASH|HUARI|AHORA NACIÓN - AN	4241
ÁNCASH|HUARI|ALIANZA ELECTORAL VENCEREMOS	458
ÁNCASH|HUARI|ALIANZA PARA EL PROGRESO	346
ÁNCASH|HUARI|AVANZA PAÍS - PARTIDO DE INTEGRACIÓN SOCIAL	27
ÁNCASH|HUARI|FE EN EL PERÚ	72
ÁNCASH|HUARI|FUERZA POPULAR	3516
ÁNCASH|HUARI|FUERZA Y LIBERTAD	28
ÁNCASH|HUARI|JUNTOS POR EL PERÚ	10155
ÁNCASH|HUARI|LIBERTAD POPULAR	113
ÁNCASH|HUARI|PARTIDO APRISTA PERUANO	92
ÁNCASH|HUARI|PARTIDO CÍVICO OBRAS	5316
ÁNCASH|HUARI|PARTIDO DE LOS TRABAJADORES Y EMPRENDEDORES PTE - PERÚ	27
ÁNCASH|HUARI|PARTIDO DEL BUEN GOBIERNO	1563
ÁNCASH|HUARI|PARTIDO DEMOCRATICO FEDERAL	38
ÁNCASH|HUARI|PARTIDO DEMOCRÁTICO SOMOS PERÚ	237
ÁNCASH|HUARI|PARTIDO DEMÓCRATA UNIDO PERÚ	316
ÁNCASH|HUARI|PARTIDO DEMÓCRATA VERDE	583
ÁNCASH|HUARI|PARTIDO FRENTE DE LA ESPERANZA 2021	557
ÁNCASH|HUARI|PARTIDO MORADO	97
ÁNCASH|HUARI|PARTIDO PATRIÓTICO DEL PERÚ	269
ÁNCASH|HUARI|PARTIDO PAÍS PARA TODOS	3969
ÁNCASH|HUARI|PARTIDO POLÍTICO COOPERACIÓN POPULAR	263
ÁNCASH|HUARI|PARTIDO POLÍTICO INTEGRIDAD DEMOCRÁTICA	81
ÁNCASH|HUARI|PARTIDO POLÍTICO NACIONAL PERÚ LIBRE	222
ÁNCASH|HUARI|PARTIDO POLÍTICO PERÚ ACCIÓN	63
ÁNCASH|HUARI|PARTIDO POLÍTICO PERÚ PRIMERO	267
ÁNCASH|HUARI|PARTIDO POLÍTICO PRIN	32
ÁNCASH|HUARI|PARTIDO SICREO	632
ÁNCASH|HUARI|PERÚ MODERNO	11
ÁNCASH|HUARI|PODEMOS PERÚ	679
ÁNCASH|HUARI|PRIMERO LA GENTE – COMUNIDAD, ECOLOGÍA, LIBERTAD Y PROGRESO	455
ÁNCASH|HUARI|PROGRESEMOS	301
ÁNCASH|HUARI|RENOVACIÓN POPULAR	1322
ÁNCASH|HUARI|SALVEMOS AL PERÚ	66
ÁNCASH|HUARI|UN CAMINO DIFERENTE	58
ÁNCASH|HUARI|UNIDAD NACIONAL	19
ÁNCASH|HUARI|VOTOS EN BLANCO	6405
ÁNCASH|HUARI|VOTOS NULOS	2507
ÁNCASH|HUARMEY|AHORA NACIÓN - AN	983
ÁNCASH|HUARMEY|ALIANZA ELECTORAL VENCEREMOS	55
ÁNCASH|HUARMEY|ALIANZA PARA EL PROGRESO	136
ÁNCASH|HUARMEY|AVANZA PAÍS - PARTIDO DE INTEGRACIÓN SOCIAL	9
ÁNCASH|HUARMEY|FE EN EL PERÚ	26
ÁNCASH|HUARMEY|FUERZA POPULAR	5008
ÁNCASH|HUARMEY|FUERZA Y LIBERTAD	12
ÁNCASH|HUARMEY|JUNTOS POR EL PERÚ	1674
ÁNCASH|HUARMEY|LIBERTAD POPULAR	18
ÁNCASH|HUARMEY|PARTIDO APRISTA PERUANO	308
ÁNCASH|HUARMEY|PARTIDO CÍVICO OBRAS	1844
ÁNCASH|HUARMEY|PARTIDO DE LOS TRABAJADORES Y EMPRENDEDORES PTE - PERÚ	11
ÁNCASH|HUARMEY|PARTIDO DEL BUEN GOBIERNO	1067
ÁNCASH|HUARMEY|PARTIDO DEMOCRATICO FEDERAL	30
ÁNCASH|HUARMEY|PARTIDO DEMOCRÁTICO SOMOS PERÚ	465
ÁNCASH|HUARMEY|PARTIDO DEMÓCRATA UNIDO PERÚ	156
ÁNCASH|HUARMEY|PARTIDO DEMÓCRATA VERDE	115
ÁNCASH|HUARMEY|PARTIDO FRENTE DE LA ESPERANZA 2021	228
ÁNCASH|HUARMEY|PARTIDO MORADO	60
ÁNCASH|HUARMEY|PARTIDO PATRIÓTICO DEL PERÚ	153
ÁNCASH|HUARMEY|PARTIDO PAÍS PARA TODOS	1102
ÁNCASH|HUARMEY|PARTIDO POLÍTICO COOPERACIÓN POPULAR	119
ÁNCASH|HUARMEY|PARTIDO POLÍTICO INTEGRIDAD DEMOCRÁTICA	40
ÁNCASH|HUARMEY|PARTIDO POLÍTICO NACIONAL PERÚ LIBRE	94
ÁNCASH|HUARMEY|PARTIDO POLÍTICO PERÚ ACCIÓN	33
ÁNCASH|HUARMEY|PARTIDO POLÍTICO PERÚ PRIMERO	99
ÁNCASH|HUARMEY|PARTIDO POLÍTICO PRIN	9
ÁNCASH|HUARMEY|PARTIDO SICREO	401
ÁNCASH|HUARMEY|PERÚ MODERNO	3
ÁNCASH|HUARMEY|PODEMOS PERÚ	425
ÁNCASH|HUARMEY|PRIMERO LA GENTE – COMUNIDAD, ECOLOGÍA, LIBERTAD Y PROGRESO	313
ÁNCASH|HUARMEY|PROGRESEMOS	33
ÁNCASH|HUARMEY|RENOVACIÓN POPULAR	839
ÁNCASH|HUARMEY|SALVEMOS AL PERÚ	13
ÁNCASH|HUARMEY|UN CAMINO DIFERENTE	84
ÁNCASH|HUARMEY|UNIDAD NACIONAL	21
ÁNCASH|HUARMEY|VOTOS EN BLANCO	2673
ÁNCASH|HUARMEY|VOTOS NULOS	1107
ÁNCASH|HUAYLAS|AHORA NACIÓN - AN	1819
ÁNCASH|HUAYLAS|ALIANZA ELECTORAL VENCEREMOS	203
ÁNCASH|HUAYLAS|ALIANZA PARA EL PROGRESO	312
ÁNCASH|HUAYLAS|AVANZA PAÍS - PARTIDO DE INTEGRACIÓN SOCIAL	16
ÁNCASH|HUAYLAS|FE EN EL PERÚ	79
ÁNCASH|HUAYLAS|FUERZA POPULAR	6911
ÁNCASH|HUAYLAS|FUERZA Y LIBERTAD	35
ÁNCASH|HUAYLAS|JUNTOS POR EL PERÚ	3678
ÁNCASH|HUAYLAS|LIBERTAD POPULAR	66
ÁNCASH|HUAYLAS|PARTIDO APRISTA PERUANO	152
ÁNCASH|HUAYLAS|PARTIDO CÍVICO OBRAS	2335
ÁNCASH|HUAYLAS|PARTIDO DE LOS TRABAJADORES Y EMPRENDEDORES PTE - PERÚ	16
ÁNCASH|HUAYLAS|PARTIDO DEL BUEN GOBIERNO	1128
ÁNCASH|HUAYLAS|PARTIDO DEMOCRATICO FEDERAL	39
ÁNCASH|HUAYLAS|PARTIDO DEMOCRÁTICO SOMOS PERÚ	302
ÁNCASH|HUAYLAS|PARTIDO DEMÓCRATA UNIDO PERÚ	158
ÁNCASH|HUAYLAS|PARTIDO DEMÓCRATA VERDE	196
ÁNCASH|HUAYLAS|PARTIDO FRENTE DE LA ESPERANZA 2021	401
ÁNCASH|HUAYLAS|PARTIDO MORADO	83
ÁNCASH|HUAYLAS|PARTIDO PATRIÓTICO DEL PERÚ	281
ÁNCASH|HUAYLAS|PARTIDO PAÍS PARA TODOS	2128
ÁNCASH|HUAYLAS|PARTIDO POLÍTICO COOPERACIÓN POPULAR	121
ÁNCASH|HUAYLAS|PARTIDO POLÍTICO INTEGRIDAD DEMOCRÁTICA	90
ÁNCASH|HUAYLAS|PARTIDO POLÍTICO NACIONAL PERÚ LIBRE	164
ÁNCASH|HUAYLAS|PARTIDO POLÍTICO PERÚ ACCIÓN	55
ÁNCASH|HUAYLAS|PARTIDO POLÍTICO PERÚ PRIMERO	167
ÁNCASH|HUAYLAS|PARTIDO POLÍTICO PRIN	20
ÁNCASH|HUAYLAS|PARTIDO SICREO	399
ÁNCASH|HUAYLAS|PERÚ MODERNO	4
ÁNCASH|HUAYLAS|PODEMOS PERÚ	858
ÁNCASH|HUAYLAS|PRIMERO LA GENTE – COMUNIDAD, ECOLOGÍA, LIBERTAD Y PROGRESO	389
ÁNCASH|HUAYLAS|PROGRESEMOS	111
ÁNCASH|HUAYLAS|RENOVACIÓN POPULAR	1052
ÁNCASH|HUAYLAS|SALVEMOS AL PERÚ	59
ÁNCASH|HUAYLAS|UN CAMINO DIFERENTE	75
ÁNCASH|HUAYLAS|UNIDAD NACIONAL	48
ÁNCASH|HUAYLAS|VOTOS EN BLANCO	7454
ÁNCASH|HUAYLAS|VOTOS NULOS	3135
ÁNCASH|MARISCAL LUZURIAGA|AHORA NACIÓN - AN	494
ÁNCASH|MARISCAL LUZURIAGA|ALIANZA ELECTORAL VENCEREMOS	50
ÁNCASH|MARISCAL LUZURIAGA|ALIANZA PARA EL PROGRESO	138
ÁNCASH|MARISCAL LUZURIAGA|AVANZA PAÍS - PARTIDO DE INTEGRACIÓN SOCIAL	6
ÁNCASH|MARISCAL LUZURIAGA|FE EN EL PERÚ	39
ÁNCASH|MARISCAL LUZURIAGA|FUERZA POPULAR	588
ÁNCASH|MARISCAL LUZURIAGA|FUERZA Y LIBERTAD	7
ÁNCASH|MARISCAL LUZURIAGA|JUNTOS POR EL PERÚ	3778
ÁNCASH|MARISCAL LUZURIAGA|LIBERTAD POPULAR	29
ÁNCASH|MARISCAL LUZURIAGA|PARTIDO APRISTA PERUANO	14
ÁNCASH|MARISCAL LUZURIAGA|PARTIDO CÍVICO OBRAS	762
ÁNCASH|MARISCAL LUZURIAGA|PARTIDO DE LOS TRABAJADORES Y EMPRENDEDORES PTE - PERÚ	5
ÁNCASH|MARISCAL LUZURIAGA|PARTIDO DEL BUEN GOBIERNO	102
ÁNCASH|MARISCAL LUZURIAGA|PARTIDO DEMOCRATICO FEDERAL	14
ÁNCASH|MARISCAL LUZURIAGA|PARTIDO DEMOCRÁTICO SOMOS PERÚ	78
ÁNCASH|MARISCAL LUZURIAGA|PARTIDO DEMÓCRATA UNIDO PERÚ	55
ÁNCASH|MARISCAL LUZURIAGA|PARTIDO DEMÓCRATA VERDE	102
ÁNCASH|MARISCAL LUZURIAGA|PARTIDO FRENTE DE LA ESPERANZA 2021	55
ÁNCASH|MARISCAL LUZURIAGA|PARTIDO MORADO	17
ÁNCASH|MARISCAL LUZURIAGA|PARTIDO PATRIÓTICO DEL PERÚ	57
ÁNCASH|MARISCAL LUZURIAGA|PARTIDO PAÍS PARA TODOS	169
ÁNCASH|MARISCAL LUZURIAGA|PARTIDO POLÍTICO COOPERACIÓN POPULAR	70
ÁNCASH|MARISCAL LUZURIAGA|PARTIDO POLÍTICO INTEGRIDAD DEMOCRÁTICA	11
ÁNCASH|MARISCAL LUZURIAGA|PARTIDO POLÍTICO NACIONAL PERÚ LIBRE	63
ÁNCASH|MARISCAL LUZURIAGA|PARTIDO POLÍTICO PERÚ ACCIÓN	17
ÁNCASH|MARISCAL LUZURIAGA|PARTIDO POLÍTICO PERÚ PRIMERO	103
ÁNCASH|MARISCAL LUZURIAGA|PARTIDO POLÍTICO PRIN	4
ÁNCASH|MARISCAL LUZURIAGA|PARTIDO SICREO	33
ÁNCASH|MARISCAL LUZURIAGA|PERÚ MODERNO	10
ÁNCASH|MARISCAL LUZURIAGA|PODEMOS PERÚ	463
ÁNCASH|MARISCAL LUZURIAGA|PRIMERO LA GENTE – COMUNIDAD, ECOLOGÍA, LIBERTAD Y PROGRESO	33
ÁNCASH|MARISCAL LUZURIAGA|PROGRESEMOS	25
ÁNCASH|MARISCAL LUZURIAGA|RENOVACIÓN POPULAR	150
ÁNCASH|MARISCAL LUZURIAGA|SALVEMOS AL PERÚ	31
ÁNCASH|MARISCAL LUZURIAGA|UN CAMINO DIFERENTE	12
ÁNCASH|MARISCAL LUZURIAGA|UNIDAD NACIONAL	10
ÁNCASH|MARISCAL LUZURIAGA|VOTOS EN BLANCO	2441
ÁNCASH|MARISCAL LUZURIAGA|VOTOS NULOS	778
ÁNCASH|OCROS|AHORA NACIÓN - AN	209
ÁNCASH|OCROS|ALIANZA ELECTORAL VENCEREMOS	28
ÁNCASH|OCROS|ALIANZA PARA EL PROGRESO	51
ÁNCASH|OCROS|AVANZA PAÍS - PARTIDO DE INTEGRACIÓN SOCIAL	1
ÁNCASH|OCROS|FE EN EL PERÚ	14
ÁNCASH|OCROS|FUERZA POPULAR	976
ÁNCASH|OCROS|FUERZA Y LIBERTAD	7
ÁNCASH|OCROS|JUNTOS POR EL PERÚ	389
ÁNCASH|OCROS|LIBERTAD POPULAR	12
ÁNCASH|OCROS|PARTIDO APRISTA PERUANO	23
ÁNCASH|OCROS|PARTIDO CÍVICO OBRAS	366
ÁNCASH|OCROS|PARTIDO DE LOS TRABAJADORES Y EMPRENDEDORES PTE - PERÚ	0
ÁNCASH|OCROS|PARTIDO DEL BUEN GOBIERNO	93
ÁNCASH|OCROS|PARTIDO DEMOCRATICO FEDERAL	7
ÁNCASH|OCROS|PARTIDO DEMOCRÁTICO SOMOS PERÚ	21
ÁNCASH|OCROS|PARTIDO DEMÓCRATA UNIDO PERÚ	50
ÁNCASH|OCROS|PARTIDO DEMÓCRATA VERDE	55
ÁNCASH|OCROS|PARTIDO FRENTE DE LA ESPERANZA 2021	52
ÁNCASH|OCROS|PARTIDO MORADO	6
ÁNCASH|OCROS|PARTIDO PATRIÓTICO DEL PERÚ	30
ÁNCASH|OCROS|PARTIDO PAÍS PARA TODOS	184
ÁNCASH|OCROS|PARTIDO POLÍTICO COOPERACIÓN POPULAR	29
ÁNCASH|OCROS|PARTIDO POLÍTICO INTEGRIDAD DEMOCRÁTICA	2
ÁNCASH|OCROS|PARTIDO POLÍTICO NACIONAL PERÚ LIBRE	19
ÁNCASH|OCROS|PARTIDO POLÍTICO PERÚ ACCIÓN	13
ÁNCASH|OCROS|PARTIDO POLÍTICO PERÚ PRIMERO	36
ÁNCASH|OCROS|PARTIDO POLÍTICO PRIN	18
ÁNCASH|OCROS|PARTIDO SICREO	42
ÁNCASH|OCROS|PERÚ MODERNO	1
ÁNCASH|OCROS|PODEMOS PERÚ	102
ÁNCASH|OCROS|PRIMERO LA GENTE – COMUNIDAD, ECOLOGÍA, LIBERTAD Y PROGRESO	41
ÁNCASH|OCROS|PROGRESEMOS	19
ÁNCASH|OCROS|RENOVACIÓN POPULAR	125
ÁNCASH|OCROS|SALVEMOS AL PERÚ	15
ÁNCASH|OCROS|UN CAMINO DIFERENTE	20
ÁNCASH|OCROS|UNIDAD NACIONAL	5
ÁNCASH|OCROS|VOTOS EN BLANCO	711
ÁNCASH|OCROS|VOTOS NULOS	219
ÁNCASH|PALLASCA|AHORA NACIÓN - AN	528
ÁNCASH|PALLASCA|ALIANZA ELECTORAL VENCEREMOS	132
ÁNCASH|PALLASCA|ALIANZA PARA EL PROGRESO	195
ÁNCASH|PALLASCA|AVANZA PAÍS - PARTIDO DE INTEGRACIÓN SOCIAL	11
ÁNCASH|PALLASCA|FE EN EL PERÚ	28
ÁNCASH|PALLASCA|FUERZA POPULAR	1156
ÁNCASH|PALLASCA|FUERZA Y LIBERTAD	9
ÁNCASH|PALLASCA|JUNTOS POR EL PERÚ	2253
ÁNCASH|PALLASCA|LIBERTAD POPULAR	17
ÁNCASH|PALLASCA|PARTIDO APRISTA PERUANO	86
ÁNCASH|PALLASCA|PARTIDO CÍVICO OBRAS	692
ÁNCASH|PALLASCA|PARTIDO DE LOS TRABAJADORES Y EMPRENDEDORES PTE - PERÚ	5
ÁNCASH|PALLASCA|PARTIDO DEL BUEN GOBIERNO	179
ÁNCASH|PALLASCA|PARTIDO DEMOCRATICO FEDERAL	5
ÁNCASH|PALLASCA|PARTIDO DEMOCRÁTICO SOMOS PERÚ	540
ÁNCASH|PALLASCA|PARTIDO DEMÓCRATA UNIDO PERÚ	68
ÁNCASH|PALLASCA|PARTIDO DEMÓCRATA VERDE	54
ÁNCASH|PALLASCA|PARTIDO FRENTE DE LA ESPERANZA 2021	72
ÁNCASH|PALLASCA|PARTIDO MORADO	71
ÁNCASH|PALLASCA|PARTIDO PATRIÓTICO DEL PERÚ	79
ÁNCASH|PALLASCA|PARTIDO PAÍS PARA TODOS	362
ÁNCASH|PALLASCA|PARTIDO POLÍTICO COOPERACIÓN POPULAR	37
ÁNCASH|PALLASCA|PARTIDO POLÍTICO INTEGRIDAD DEMOCRÁTICA	14
ÁNCASH|PALLASCA|PARTIDO POLÍTICO NACIONAL PERÚ LIBRE	85
ÁNCASH|PALLASCA|PARTIDO POLÍTICO PERÚ ACCIÓN	13
ÁNCASH|PALLASCA|PARTIDO POLÍTICO PERÚ PRIMERO	283
ÁNCASH|PALLASCA|PARTIDO POLÍTICO PRIN	8
ÁNCASH|PALLASCA|PARTIDO SICREO	82
ÁNCASH|PALLASCA|PERÚ MODERNO	8
ÁNCASH|PALLASCA|PODEMOS PERÚ	322
ÁNCASH|PALLASCA|PRIMERO LA GENTE – COMUNIDAD, ECOLOGÍA, LIBERTAD Y PROGRESO	98
ÁNCASH|PALLASCA|PROGRESEMOS	35
ÁNCASH|PALLASCA|RENOVACIÓN POPULAR	340
ÁNCASH|PALLASCA|SALVEMOS AL PERÚ	31
ÁNCASH|PALLASCA|UN CAMINO DIFERENTE	69
ÁNCASH|PALLASCA|UNIDAD NACIONAL	10
ÁNCASH|PALLASCA|VOTOS EN BLANCO	2345
ÁNCASH|PALLASCA|VOTOS NULOS	1038
ÁNCASH|POMABAMBA|AHORA NACIÓN - AN	606
ÁNCASH|POMABAMBA|ALIANZA ELECTORAL VENCEREMOS	112
ÁNCASH|POMABAMBA|ALIANZA PARA EL PROGRESO	69
ÁNCASH|POMABAMBA|AVANZA PAÍS - PARTIDO DE INTEGRACIÓN SOCIAL	3
ÁNCASH|POMABAMBA|FE EN EL PERÚ	33
ÁNCASH|POMABAMBA|FUERZA POPULAR	1007
ÁNCASH|POMABAMBA|FUERZA Y LIBERTAD	76
ÁNCASH|POMABAMBA|JUNTOS POR EL PERÚ	3795
ÁNCASH|POMABAMBA|LIBERTAD POPULAR	37
ÁNCASH|POMABAMBA|PARTIDO APRISTA PERUANO	31
ÁNCASH|POMABAMBA|PARTIDO CÍVICO OBRAS	756
ÁNCASH|POMABAMBA|PARTIDO DE LOS TRABAJADORES Y EMPRENDEDORES PTE - PERÚ	6
ÁNCASH|POMABAMBA|PARTIDO DEL BUEN GOBIERNO	192
ÁNCASH|POMABAMBA|PARTIDO DEMOCRATICO FEDERAL	18
ÁNCASH|POMABAMBA|PARTIDO DEMOCRÁTICO SOMOS PERÚ	73
ÁNCASH|POMABAMBA|PARTIDO DEMÓCRATA UNIDO PERÚ	44
ÁNCASH|POMABAMBA|PARTIDO DEMÓCRATA VERDE	136
ÁNCASH|POMABAMBA|PARTIDO FRENTE DE LA ESPERANZA 2021	63
ÁNCASH|POMABAMBA|PARTIDO MORADO	35
ÁNCASH|POMABAMBA|PARTIDO PATRIÓTICO DEL PERÚ	65
ÁNCASH|POMABAMBA|PARTIDO PAÍS PARA TODOS	175
ÁNCASH|POMABAMBA|PARTIDO POLÍTICO COOPERACIÓN POPULAR	88
ÁNCASH|POMABAMBA|PARTIDO POLÍTICO INTEGRIDAD DEMOCRÁTICA	8
ÁNCASH|POMABAMBA|PARTIDO POLÍTICO NACIONAL PERÚ LIBRE	65
ÁNCASH|POMABAMBA|PARTIDO POLÍTICO PERÚ ACCIÓN	50
ÁNCASH|POMABAMBA|PARTIDO POLÍTICO PERÚ PRIMERO	119
ÁNCASH|POMABAMBA|PARTIDO POLÍTICO PRIN	10
ÁNCASH|POMABAMBA|PARTIDO SICREO	58
ÁNCASH|POMABAMBA|PERÚ MODERNO	4
ÁNCASH|POMABAMBA|PODEMOS PERÚ	226
ÁNCASH|POMABAMBA|PRIMERO LA GENTE – COMUNIDAD, ECOLOGÍA, LIBERTAD Y PROGRESO	63
ÁNCASH|POMABAMBA|PROGRESEMOS	46
ÁNCASH|POMABAMBA|RENOVACIÓN POPULAR	390
ÁNCASH|POMABAMBA|SALVEMOS AL PERÚ	30
ÁNCASH|POMABAMBA|UN CAMINO DIFERENTE	9
ÁNCASH|POMABAMBA|UNIDAD NACIONAL	12
ÁNCASH|POMABAMBA|VOTOS EN BLANCO	2867
ÁNCASH|POMABAMBA|VOTOS NULOS	1211
ÁNCASH|RECUAY|AHORA NACIÓN - AN	2042
ÁNCASH|RECUAY|ALIANZA ELECTORAL VENCEREMOS	60
ÁNCASH|RECUAY|ALIANZA PARA EL PROGRESO	193
ÁNCASH|RECUAY|AVANZA PAÍS - PARTIDO DE INTEGRACIÓN SOCIAL	9
ÁNCASH|RECUAY|FE EN EL PERÚ	27
ÁNCASH|RECUAY|FUERZA POPULAR	1364
ÁNCASH|RECUAY|FUERZA Y LIBERTAD	15
ÁNCASH|RECUAY|JUNTOS POR EL PERÚ	1435
ÁNCASH|RECUAY|LIBERTAD POPULAR	36
ÁNCASH|RECUAY|PARTIDO APRISTA PERUANO	98
ÁNCASH|RECUAY|PARTIDO CÍVICO OBRAS	1373
ÁNCASH|RECUAY|PARTIDO DE LOS TRABAJADORES Y EMPRENDEDORES PTE - PERÚ	5
ÁNCASH|RECUAY|PARTIDO DEL BUEN GOBIERNO	553
ÁNCASH|RECUAY|PARTIDO DEMOCRATICO FEDERAL	16
ÁNCASH|RECUAY|PARTIDO DEMOCRÁTICO SOMOS PERÚ	59
ÁNCASH|RECUAY|PARTIDO DEMÓCRATA UNIDO PERÚ	113
ÁNCASH|RECUAY|PARTIDO DEMÓCRATA VERDE	90
ÁNCASH|RECUAY|PARTIDO FRENTE DE LA ESPERANZA 2021	164
ÁNCASH|RECUAY|PARTIDO MORADO	40
ÁNCASH|RECUAY|PARTIDO PATRIÓTICO DEL PERÚ	63
ÁNCASH|RECUAY|PARTIDO PAÍS PARA TODOS	705
ÁNCASH|RECUAY|PARTIDO POLÍTICO COOPERACIÓN POPULAR	99
ÁNCASH|RECUAY|PARTIDO POLÍTICO INTEGRIDAD DEMOCRÁTICA	21
ÁNCASH|RECUAY|PARTIDO POLÍTICO NACIONAL PERÚ LIBRE	74
ÁNCASH|RECUAY|PARTIDO POLÍTICO PERÚ ACCIÓN	22
ÁNCASH|RECUAY|PARTIDO POLÍTICO PERÚ PRIMERO	64
ÁNCASH|RECUAY|PARTIDO POLÍTICO PRIN	6
ÁNCASH|RECUAY|PARTIDO SICREO	205
ÁNCASH|RECUAY|PERÚ MODERNO	3
ÁNCASH|RECUAY|PODEMOS PERÚ	195
ÁNCASH|RECUAY|PRIMERO LA GENTE – COMUNIDAD, ECOLOGÍA, LIBERTAD Y PROGRESO	199
ÁNCASH|RECUAY|PROGRESEMOS	44
ÁNCASH|RECUAY|RENOVACIÓN POPULAR	335
ÁNCASH|RECUAY|SALVEMOS AL PERÚ	8
ÁNCASH|RECUAY|UN CAMINO DIFERENTE	17
ÁNCASH|RECUAY|UNIDAD NACIONAL	17
ÁNCASH|RECUAY|VOTOS EN BLANCO	1583
ÁNCASH|RECUAY|VOTOS NULOS	613
ÁNCASH|SANTA|AHORA NACIÓN - AN	14957
ÁNCASH|SANTA|ALIANZA ELECTORAL VENCEREMOS	1713
ÁNCASH|SANTA|ALIANZA PARA EL PROGRESO	5297
ÁNCASH|SANTA|AVANZA PAÍS - PARTIDO DE INTEGRACIÓN SOCIAL	265
ÁNCASH|SANTA|FE EN EL PERÚ	410
ÁNCASH|SANTA|FUERZA POPULAR	43049
ÁNCASH|SANTA|FUERZA Y LIBERTAD	326
ÁNCASH|SANTA|JUNTOS POR EL PERÚ	15930
ÁNCASH|SANTA|LIBERTAD POPULAR	692
ÁNCASH|SANTA|PARTIDO APRISTA PERUANO	4035
ÁNCASH|SANTA|PARTIDO CÍVICO OBRAS	20548
ÁNCASH|SANTA|PARTIDO DE LOS TRABAJADORES Y EMPRENDEDORES PTE - PERÚ	160
ÁNCASH|SANTA|PARTIDO DEL BUEN GOBIERNO	22524
ÁNCASH|SANTA|PARTIDO DEMOCRATICO FEDERAL	426
ÁNCASH|SANTA|PARTIDO DEMOCRÁTICO SOMOS PERÚ	3154
ÁNCASH|SANTA|PARTIDO DEMÓCRATA UNIDO PERÚ	1080
ÁNCASH|SANTA|PARTIDO DEMÓCRATA VERDE	1650
ÁNCASH|SANTA|PARTIDO FRENTE DE LA ESPERANZA 2021	5389
ÁNCASH|SANTA|PARTIDO MORADO	1190
ÁNCASH|SANTA|PARTIDO PATRIÓTICO DEL PERÚ	2832
ÁNCASH|SANTA|PARTIDO PAÍS PARA TODOS	31035
ÁNCASH|SANTA|PARTIDO POLÍTICO COOPERACIÓN POPULAR	1807
ÁNCASH|SANTA|PARTIDO POLÍTICO INTEGRIDAD DEMOCRÁTICA	939
ÁNCASH|SANTA|PARTIDO POLÍTICO NACIONAL PERÚ LIBRE	1142
ÁNCASH|SANTA|PARTIDO POLÍTICO PERÚ ACCIÓN	518
ÁNCASH|SANTA|PARTIDO POLÍTICO PERÚ PRIMERO	3015
ÁNCASH|SANTA|PARTIDO POLÍTICO PRIN	198
ÁNCASH|SANTA|PARTIDO SICREO	9053
ÁNCASH|SANTA|PERÚ MODERNO	198
ÁNCASH|SANTA|PODEMOS PERÚ	7777
ÁNCASH|SANTA|PRIMERO LA GENTE – COMUNIDAD, ECOLOGÍA, LIBERTAD Y PROGRESO	9768
ÁNCASH|SANTA|PROGRESEMOS	1173
ÁNCASH|SANTA|RENOVACIÓN POPULAR	18652
ÁNCASH|SANTA|SALVEMOS AL PERÚ	237
ÁNCASH|SANTA|UN CAMINO DIFERENTE	3103
ÁNCASH|SANTA|UNIDAD NACIONAL	837
ÁNCASH|SANTA|VOTOS EN BLANCO	35494
ÁNCASH|SANTA|VOTOS NULOS	20017
ÁNCASH|SIHUAS|AHORA NACIÓN - AN	602
ÁNCASH|SIHUAS|ALIANZA ELECTORAL VENCEREMOS	162
ÁNCASH|SIHUAS|ALIANZA PARA EL PROGRESO	154
ÁNCASH|SIHUAS|AVANZA PAÍS - PARTIDO DE INTEGRACIÓN SOCIAL	7
ÁNCASH|SIHUAS|FE EN EL PERÚ	26
ÁNCASH|SIHUAS|FUERZA POPULAR	1261
ÁNCASH|SIHUAS|FUERZA Y LIBERTAD	16
ÁNCASH|SIHUAS|JUNTOS POR EL PERÚ	3348
ÁNCASH|SIHUAS|LIBERTAD POPULAR	21
ÁNCASH|SIHUAS|PARTIDO APRISTA PERUANO	51
ÁNCASH|SIHUAS|PARTIDO CÍVICO OBRAS	679
ÁNCASH|SIHUAS|PARTIDO DE LOS TRABAJADORES Y EMPRENDEDORES PTE - PERÚ	4
ÁNCASH|SIHUAS|PARTIDO DEL BUEN GOBIERNO	192
ÁNCASH|SIHUAS|PARTIDO DEMOCRATICO FEDERAL	14
ÁNCASH|SIHUAS|PARTIDO DEMOCRÁTICO SOMOS PERÚ	407
ÁNCASH|SIHUAS|PARTIDO DEMÓCRATA UNIDO PERÚ	101
ÁNCASH|SIHUAS|PARTIDO DEMÓCRATA VERDE	80
ÁNCASH|SIHUAS|PARTIDO FRENTE DE LA ESPERANZA 2021	155
ÁNCASH|SIHUAS|PARTIDO MORADO	41
ÁNCASH|SIHUAS|PARTIDO PATRIÓTICO DEL PERÚ	87
ÁNCASH|SIHUAS|PARTIDO PAÍS PARA TODOS	279
ÁNCASH|SIHUAS|PARTIDO POLÍTICO COOPERACIÓN POPULAR	54
ÁNCASH|SIHUAS|PARTIDO POLÍTICO INTEGRIDAD DEMOCRÁTICA	11
ÁNCASH|SIHUAS|PARTIDO POLÍTICO NACIONAL PERÚ LIBRE	69
ÁNCASH|SIHUAS|PARTIDO POLÍTICO PERÚ ACCIÓN	24
ÁNCASH|SIHUAS|PARTIDO POLÍTICO PERÚ PRIMERO	135
ÁNCASH|SIHUAS|PARTIDO POLÍTICO PRIN	7
ÁNCASH|SIHUAS|PARTIDO SICREO	71
ÁNCASH|SIHUAS|PERÚ MODERNO	3
ÁNCASH|SIHUAS|PODEMOS PERÚ	1151
ÁNCASH|SIHUAS|PRIMERO LA GENTE – COMUNIDAD, ECOLOGÍA, LIBERTAD Y PROGRESO	63
ÁNCASH|SIHUAS|PROGRESEMOS	27
ÁNCASH|SIHUAS|RENOVACIÓN POPULAR	247
ÁNCASH|SIHUAS|SALVEMOS AL PERÚ	40
ÁNCASH|SIHUAS|UN CAMINO DIFERENTE	28
ÁNCASH|SIHUAS|UNIDAD NACIONAL	5
ÁNCASH|SIHUAS|VOTOS EN BLANCO	3177
ÁNCASH|SIHUAS|VOTOS NULOS	1200
ÁNCASH|YUNGAY|AHORA NACIÓN - AN	1813
ÁNCASH|YUNGAY|ALIANZA ELECTORAL VENCEREMOS	247
ÁNCASH|YUNGAY|ALIANZA PARA EL PROGRESO	291
ÁNCASH|YUNGAY|AVANZA PAÍS - PARTIDO DE INTEGRACIÓN SOCIAL	23
ÁNCASH|YUNGAY|FE EN EL PERÚ	72
ÁNCASH|YUNGAY|FUERZA POPULAR	4376
ÁNCASH|YUNGAY|FUERZA Y LIBERTAD	28
ÁNCASH|YUNGAY|JUNTOS POR EL PERÚ	7311
ÁNCASH|YUNGAY|LIBERTAD POPULAR	49
ÁNCASH|YUNGAY|PARTIDO APRISTA PERUANO	82
ÁNCASH|YUNGAY|PARTIDO CÍVICO OBRAS	2624
ÁNCASH|YUNGAY|PARTIDO DE LOS TRABAJADORES Y EMPRENDEDORES PTE - PERÚ	19
ÁNCASH|YUNGAY|PARTIDO DEL BUEN GOBIERNO	936
ÁNCASH|YUNGAY|PARTIDO DEMOCRATICO FEDERAL	57
ÁNCASH|YUNGAY|PARTIDO DEMOCRÁTICO SOMOS PERÚ	158
ÁNCASH|YUNGAY|PARTIDO DEMÓCRATA UNIDO PERÚ	278
ÁNCASH|YUNGAY|PARTIDO DEMÓCRATA VERDE	194
ÁNCASH|YUNGAY|PARTIDO FRENTE DE LA ESPERANZA 2021	348
ÁNCASH|YUNGAY|PARTIDO MORADO	97
ÁNCASH|YUNGAY|PARTIDO PATRIÓTICO DEL PERÚ	232
ÁNCASH|YUNGAY|PARTIDO PAÍS PARA TODOS	1671
ÁNCASH|YUNGAY|PARTIDO POLÍTICO COOPERACIÓN POPULAR	120
ÁNCASH|YUNGAY|PARTIDO POLÍTICO INTEGRIDAD DEMOCRÁTICA	70
ÁNCASH|YUNGAY|PARTIDO POLÍTICO NACIONAL PERÚ LIBRE	155
ÁNCASH|YUNGAY|PARTIDO POLÍTICO PERÚ ACCIÓN	55
ÁNCASH|YUNGAY|PARTIDO POLÍTICO PERÚ PRIMERO	159
ÁNCASH|YUNGAY|PARTIDO POLÍTICO PRIN	27
ÁNCASH|YUNGAY|PARTIDO SICREO	352
ÁNCASH|YUNGAY|PERÚ MODERNO	13
ÁNCASH|YUNGAY|PODEMOS PERÚ	684
ÁNCASH|YUNGAY|PRIMERO LA GENTE – COMUNIDAD, ECOLOGÍA, LIBERTAD Y PROGRESO	345
ÁNCASH|YUNGAY|PROGRESEMOS	104
ÁNCASH|YUNGAY|RENOVACIÓN POPULAR	616
ÁNCASH|YUNGAY|SALVEMOS AL PERÚ	62
ÁNCASH|YUNGAY|UN CAMINO DIFERENTE	59
ÁNCASH|YUNGAY|UNIDAD NACIONAL	25
ÁNCASH|YUNGAY|VOTOS EN BLANCO	7121
ÁNCASH|YUNGAY|VOTOS NULOS	3282
